ad_id,list_id,title,price,area,district,ward,city,property_type,rooms,date,body,price_per_m2,price_billion,area_group,price_group
176062730,132371456,BÁN NHÀ Trần_Duy_Hưng  7TẦNG THANG_MÁY - Ô TÔ TRÁNH - Gara,30000000000,70.0,Quận Cầu Giấy,Phường Trung Hoà,Hà Nội,Nhà ở,11.0,22 phút trước,"BÁN NHÀ #Trần_Duy_Hưng #7TẦNG #THANG_MÁY - Ô TÔ TRÁNH - Gara 
Diện tích 70m2 
Vị trí cực đẹp - gần phố, #OTO tránh, hưởng trọn tiện tích, thiết kế hiện đại 11 phòng ngủ rộng khép kín, tặng full nội thất xịn

Giá bán 30 tỷ nhỉnh( có thương lượng)
Quan tâm liên hệ *** xem 24/7.
",428571428.5714286,30.0,medium,over_10b
175659390,132025602,"Nhà đẹp KĐT Đại Kim, Hoàng Mai 55m² 5 tầng vỉa hè ô tô tránh",16500000000,55.0,Quận Hoàng Mai,Phường Đại Kim,Hà Nội,Nhà ở,5.0,2 giờ trước,"45190112
Sốc - KĐT Đại Kim 55m² 5 tầng vỉa hè ô tô tránh.
- Nhà thuộc Khu đô thị Đại Kim, quy hoạch đồng bộ, dân cư đông, thanh khoản tốt.
- Đường phân lô, vỉa hè rộng phù hợp vừa ở vừa làm VP/cho thuê.
- Kết nối nhanh Nguyễn Xiển Giải Phóng Vành đai 3, gần Bán đảo Linh Đàm.
Giá 16,5 tỷ tài sản lõi khu đô thị phía Nam Hà Nội.
Nguyễn Huy Hiệu - 0936 665 ***. *** ",300000000.0,16.5,small,over_10b
176062899,132371587,"CHO THUÊ MẶT BẰNG, SÀN VP",25000000,75.0,Quận Bắc Từ Liêm,Phường Đông Ngạc,Hà Nội,"Văn phòng, Mặt bằng kinh doanh",3.0,3 phút trước,"Dự án: 
Thông tin chi tiết: Cho thuê mặt bằng mặt phố, phù hợp tất cả mọi loại hình kinh doanh, quán ăn, bi-a, quán nét,.....liên hệ chính chủ để được giá ***. 2 nhà liền kề nhau 1 bên 70M2 2 bên 140m2. 2 sàn 280m2 có thể thuê 2 mặt bằng + thêm sàn lên trên",333333.3333333333,0.025,medium,under_1b
175643562,132012036,"Bán nhà Di Trạch 48m2, full nội thất 5,2 tỷ",5200000000,48.0,Huyện Hoài Đức,Xã Di Trạch,Hà Nội,Nhà ở,4.0,55 phút trước,"Dự án: 
Thông tin chi tiết: 🏅🏅🏅 Nhà đẹp DI TRẠCH , thiết kế hiện đại, full nội thất ,gần UBND xã , trường học . 
- Gần các trường đại học 
Cách ubnd xã , trường học các  cấp , chợ …. Chỉ 3 bước chân .
- Dân cư đông đúc , dân trí cao . Hàng xóm thân thiện. Giao thông thuận tiện.

💥 Thiết kế : 5 tầng hiện đại .
+ Tầng 1 : Phòng khách , bếp ,wc
+ Tầng 2,3,: Phòng ngủ, wc
+ Tầng 4: Phòng thờ , sân phơi .
🎗 Cam kết 
- Sổ đỏ chính chủ 
- Hỗ trợ ngân hàng tới 70% .

📞 Mọi thông tin chi tiết vui lòng liên hệ 
Sđt ***",108333333.33333333,5.2,small,5_10b
176036459,132348939,cho thuê nhà khép kín ngõ Văn Hương,3500000,15.0,Quận Đống Đa,Phường Hàng Bột,Hà Nội,Nhà ở,2.0,2 giờ trước,"Chính chủ cần cho thuê nhà trong ngõ Văn Hương,nhà khép kín có bếp và nvs riêng.Điện nước theo công tơ nhà nước",233333.33333333334,0.0035,very_small,under_1b
171270924,128251408,Chính chủ cho thuê Chung cư mini mỹ đình - giá chỉ 3.5tr,3800000,25.0,Quận Nam Từ Liêm,Phường Phú Đô,Hà Nội,Phòng trọ,3.0,25 phút trước,"- Chính chủ cho thuê phòng tại Mỹ Đình, phòng có diện tích 25m2 đã trang bị đầy đủ trang thiết bị: điều hòa, nóng lạnh, tủ lạnh, bếp nấu, hút mùi.....
- Phòng nào cũng có ban công, cửa sổ siêu thoáng.
- Phòng ở gần ngay sân vận động Mỹ Đình, ngõ trước nhà ô tô đỗ cửa ra vào thoải mái.
- Giá phòng cho thuê hợp lý, nhiều ưu đãi cho khách thuê.",152000.0,0.0038,very_small,under_1b
176062426,132371217,"CHỈ 16.3 TỶ - SỞ HỮU ""CỖ MÁY IN TIỀN"" PCCC CHUẨN 2026 Hoàng Mai",16200000000,55.0,Quận Hoàng Mai,Phường Tương Mai,Hà Nội,Nhà ở,11.0,52 phút trước,"CHỈ 16.3 TỶ - SỞ HỮU ""CỖ MÁY IN TIỀN"" PCCC CHUẨN 2026
📍 Vị trí: 197 Hoàng Mai - Sát vách Bách-Kinh-Xây.
Thông số: 55m2 x 6T | MT 4.5m | Thang máy | 14 Phòng khép kín.

📈 Dòng tiền 850tr/năm (~6%/năm). 14 căn hộ Full nội thất.
🛡️ An toàn tuyệt đối: Hệ thống PCCC Spindler, cửa chống cháy, lối thoát hiểm riêng.
Sổ đỏ chính chủ - giao dich ngay
📞 LH: Em Phượng Đất- *** (Check quy hoạch & xem nhà 24/7).",294545454.54545456,16.2,small,over_10b
174997460,131460370,BÁN NHÀ PHỐ VŨ TÔNG PHAN- 40M* 5TẦNG- Ô TÔ ĐỖ SÁT NHÀ- NGÕ THÔNG,10300000000,40.0,Quận Thanh Xuân,Phường Khương Trung,Hà Nội,Nhà ở,5.0,1 giờ trước,"Dự án: 
Thông tin chi tiết: • Diện tích: 40m
 • Thiết kế: 5 tầng, 5 phòng ngủ, đầy đủ công năng
 • Pháp lý: Sổ đỏ chính chủ, sẵn sàng giao dịch

Vị trí cực đẹp – trung tâm phố khương hạ, thanh xuân 
• trước nhà thoáng sáng
 • vài bước ra mặt phố
 • Ngõ thông các tuyến đường lớn: Khương Trung - Khương Đình - Nguyễn Trãi - Ngã tư sở – Kim Giang – Vũ Tông Phan
 • Gần chợ, trường mầm non, cấp 1, cấp 2 – tiện ích không thiếu thứ gì
 • Khu dân cư an ninh tốt, an sinh đỉnh cao

Liên hệ: Em Huê – để xem nhà trực tiếp.
Miễn phí tư vấn pháp lý – hỗ trợ nhiệt tình đến khi vào ở.",257500000.0,10.3,small,over_10b
175945999,132270869,Cho thuê nhà 4 tầng ngõ phố Lê Gia Định,7500000,18.0,Quận Hai Bà Trưng,Phường Đồng Nhân,Hà Nội,Nhà ở,2.0,4 phút trước,"Nhà 4 tầng, 2 ngủ 2 vệ sinh.
Nhà ngõ yên tĩnh, dân cư xung quoanh văn hoá.
Gần chợ, trường học, bệnh viện, hồ,…
Nhà mới sửa sạch sẽ, đủ đồ dùng chỉ việc vào ở. Bếp từ, bình nóng lạnh, tủ lạnh, điều hoà, tủ, đệm…
Phù hợp gia đình con nhỏ.
",416666.6666666667,0.0075,very_small,under_1b
176062263,132371093,"ìm đâu ra lô đất đẹp, nhỏ tiền 4,2 Tỷ, 33M ở Phú Lương được nữa ?",4200000000,44.0,Quận Hà Đông,Phường Phú Lương,Hà Nội,Đất,3.0,1 giờ trước,"Chính chủ cần bán nhanh để xoay vốn nên mới để giá 4,2 tỷ.
Diện tích 33m², vưà túi tiền hầu hết mọi người.
Đất đẹp, nở hậu, Mặt Tiền 4m, hậu 6m
Ngõ nông, cách 1 nhà ra ô tô, hiện trạng ngõ 1,7m
Ngay gần chợ, giữa làng nghề, tiện kinh doanh.
Sổ đỏ, sẵn sàng giao dịch.
Rất khó để tìm được lô đất đẹp mà giá chỉ 4,2 tỷ ( có thương lượng ), ai nhanh thì được.
Địa chỉ: 1.10 Đình Làng Bắc Lãm,  Phú Lương, Hà Nội
LH : ***
",95454545.45454545,4.2,small,3_5b
176062097,132370965,"Cho thuê nhà Ngọc Thuỵ, nhà mới,40m, 5 tầng, full nội thất ,ô tô đỗ",10500000,45.0,Quận Long Biên,Phường Ngọc Thụy,Hà Nội,Nhà ở,3.0,1 giờ trước,"Cho thuê nguyên căn Ngọc Thụy- 5 tầng 3 ngủ khép kín- 40m2- 10.5 tr/thg
📌 Vị trí: gần trường học, chợ, khu vực yên tĩnh, dân trí cao
​🏠 Thiết kế: 40m2 xây 5 tầng
- Tầng 1: phòng khách+ bếp 
- Tầng 2,3,4: mỗi tầng 1 ngủ khép kín.
- Tầng 5: sân phơi.
​✅ Nội thất: điều hoà,nóng lạnh, giường, tủ quần áo, máy giặt,....
​💰 Giá thuê: 10.5tr/thg.
LH ngay để xem nhà trực tiếp!",233333.33333333334,0.0105,small,under_1b
176062611,132371353,17 TỶ – CHỐT NGAY HỘ KHẨU VIP TRUNG TÂM THÁI HÀ- thang máy,17000000000,40.0,Quận Đống Đa,Phường Trung Liệt,Hà Nội,Nhà ở,4.0,35 phút trước,"ĐỪNG XUỐNG TIỀN Ở ĐỐNG ĐA NẾU CHƯA XEM CĂN THÁI HÀ NÀY!

💥 17 TỶ – CHỐT NGAY HỘ KHẨU VIP TRUNG TÂM THÁI HÀ
✔ Nhà mới tinh 6 tầng, có thang máy xịn
✔ Mặt tiền 4.5m – hiếm trong phân khúc
✔ Công năng chuẩn chỉnh: 4 phòng ngủ rộng rãi

🚗 Ngõ thông – ô tô chạy vòng quanh, kinh doanh hay làm văn phòng đều đỉnh
📈 Khu vực giữ giá – thanh khoản cực nhanh

💎 Điểm khác biệt:
👉 Căn *** khu Thái Hà có thang máy giá dưới 17 tỷ hiện tại

⏳ Cơ hội không đến lần 2 – căn này chỉ chờ người quyết nhanh trong 48H

📞 Gọi ngay: *** (Phượng Đất)
Xem nhà thực tế – cảm nhận là chốt!",425000000.0,17.0,small,over_10b
174495443,131033625,"CCMN FULL ĐỒ BAN CÔNG – QUANG TIẾN – VINSMART CITY (TÂY MỖ, NAM TỪ",4000000,25.0,Quận Nam Từ Liêm,Phường Tây Mỗ,Hà Nội,Căn hộ/Chung cư,1.0,2 giờ trước,"📍 Địa chỉ: Ngõ 117 Quang Tiến
📌 Gần khu vực: Vinhomes Smart City – Đại lộ Thăng Long – Lê Trọng Tấn – Thiên Đường Bảo Sơn
🎓 Gần trường: ĐH Công Nghiệp Hà Nội – ĐH Thương Mại – Học viện Tài Chính – ĐH Quốc Gia (khu vực Cầu Giấy)

⏰ Phòng trống – vào ở luôn 

🏠 Loại phòng: Studio (mỗi sàn 5 phòng)
🌤 100% phòng có ban công + dây phơi riêng tại phòng
🛋 Nội thất: full nội thất – máy giặt riêng
🎟 Hỗ trợ làm thẻ cư dân Vinhomes Smart City – dùng full tiện ích:
🌿 Vào Vườn Nhật
🏊 Sử dụng tất cả bể bơi trong khu đô thị
🏀 Sân thể thao (tennis, bóng chuyền, bóng rổ,…) và các tiện ích khác
💡 Dịch vụ:
⚡ Điện 4.2k/số | 💧 Nước 35k/khối | 🌐 Mạng 100k/phòng | 🧹 Phí dịch vụ 200k/người | 🛵 Free 1 xe máy/người (tầng hầm)
📌 Lưu ý:
🚫 Không để xe điện",160000.0,0.004,very_small,under_1b
175920177,132248734,CHO THUÊ MẶT BẰNG KINH DOANH,115500000,200.0,Quận Cầu Giấy,Phường Yên Hoà,Hà Nội,"Văn phòng, Mặt bằng kinh doanh",3.0,2 giờ trước,"📢 Siêu Thị C-Market cho thuê mặt bằng kinh doanh ✨️✨️✨️
👉 Vị trí ngay tầng 1 tòa chung cư , có chỗ đậu xe ngay trước cửa rất thuận tiện
👉 Trang thiết bị đồ dùng đầy đủ vào có thể sử dụng ngay
👉 Có thể chế biến các món Việt,Trung ,Hàn Quốc
👉 Có thể làm đồ uống lạnh, gà rán, hamberger
👉 Nấu bữa sáng, trưa ,tối đều được
👉 Các món lẩu , đồ nướng vẫn ok
👉 Giá cả có thể thương lượng lúc gặp trực tiếp
Quan tâm mời liên hệ : ***",577500.0,0.1155,large,under_1b
175761640,132113055,"E là chính chủ bán 650m đất 3 mặt tiền, đg ôtô tránh tại Chương Mỹ-HN",3980000000,650.0,Huyện Chương Mỹ,Xã Trần Phú,Hà Nội,Đất,3.0,1 giờ trước,"Dt 11,5 x 16 x 48m. Tổng thực tế 650m, sổ 489m, sổ đỏ ngày xưa cha ông để lại. đã từng cắm ngân hàng nên pháp lý uy tín ạ
Phù hợp xây nghỉ dưỡng, không khí vô cùng trong lành mà vẫn đầy đủ tiện nghi, tặng bản thiết kế full luôn ạ.
Cách Văn Quán Hà Đông 20km",6123076.923076923,3.98,very_large,3_5b
175766298,132117023,Cho thuê nhà ở Thành Công (ưu tiên hộ gia đình).,7000000,50.0,Quận Ba Đình,Phường Thành Công,Hà Nội,Nhà ở,1.0,2 giờ trước,"Dự án: 
Thông tin chi tiết: Nơi ở 
+ Gần trường mầm non, cấp 1, cấp 2, chợ
+Gần bệnh viện
+Có chỗ để ô tô,xe máy ở xung quanh
+Có thể xem nhà bất cứ lúc nào
-Liên hệ chính chủ không qua môi giới
Sdt:***",140000.0,0.007,small,under_1b
174482416,131022369,"CC cần bán đất Đa Tốn -Gia Lâm ô tô vào tận đất, giá nhỉnh 3tỷ xíu",3600000000,45.0,Huyện Gia Lâm,Xã Đa Tốn,Hà Nội,Đất,3.0,33 phút trước,"Dự án: 
Thông tin chi tiết: ♦️♦️ Đa Tốn - Gia Lâm - Hà Nội 

+ Diện Tích 45M - MT 5m = HẬU 

+ Đường ô tô 7 chỗ đỗ trước đất, trải nhựa

+ Vị trí vàng: Nằm giữa 2 đại đô thị lớn nhất là Ecopark và Vinhomes Ocean Park cách chỉ 300m

+ Bán kính 300m trường học các cấp, chợ Bún, UBND, giáp quốc lộ 5B tiện di chuyển các tỉnh 

+ Giá: 3.600 tỷ ( có bớt) 

+ Sổ đỏ cất két, giao dịch trong ngày",80000000.0,3.6,small,3_5b
176061791,132370723,nhà 4 tầng .Dân xây - Mặt phố - kinh doanh - vỉa hè - ô tô tránh,12850000000,50.0,Huyện Gia Lâm,Thị trấn Trâu Quỳ,Hà Nội,Nhà ở,3.0,2 giờ trước,"50m - 4 tầng - Nhà Đẹp - Dân xây - Mặt phố trục chính - kinh doanh - vỉa hè - ô tô tránh - Vị trí ""Vàng"" của Gia Lâm: 
- Tọa lạc tại mặt phố An Đào A, căn nhà nằm tai vị trí trung tâm Trâu Quỳ, 2 phút vào Học viện Nông nghiệp, 3 phút vào Vin Ocean Park. Đây là khu vực ""Kinh đô ánh sáng"" với mật độ dân cư và sinh viên đông đúc, đảm bảo dòng tiền kinh doanh ổn định 24/7.
- Sẵn nhà dân xây 4 tầng cực đẹp và chắc chắn, 3 tầng trên ở, 1 tầng trệt đang cho thuê kinh doanh. Khu vực rất lâu mới có nhà bán , nhanh tay sở hữu .",257000000.0,12.85,small,over_10b
176062773,132371492,MẶT NGÕ ĐỐNG ĐA – MT 8M HIẾM – Ô TÔ VÀO NHÀ – KINH DOANH ĐỈNH,16900000000,39.0,Quận Đống Đa,Phường Quang Trung,Hà Nội,Nhà ở,4.0,17 phút trước,"MẶT NGÕ ĐỐNG ĐA – MT 8M HIẾM – Ô TÔ VÀO NHÀ – KINH DOANH ĐỈNH 🔥
💥 HÀNG HIẾM KHÓ TÌM – 2 THOÁNG – GIÁ TRỊ TĂNG MẠNH TƯƠNG LAI
💥 TRUNG TÂM KẾT NỐI: XÃ ĐÀN – PHẠM NGỌC THẠCH – ĐẶNG VĂN NGỮ – HỒ ĐẮC DI
📍 Diện tích: 40m²
📍 Mặt tiền: 4m (cực hiếm trong tầm giá)
📍 Giá chào: 16.9 tỷ
✅ Mặt ngõ kinh doanh sầm uất – ô tô vào nhà, dừng đỗ thoải mái
✅ Vị trí trung tâm quận Đống Đa – kết nối giao thông cực thuận tiện
✅ Nhà tự xây 6t ầng, khung cột chắc chắn – vừa ở vừa kinh doanh tốt
✅ Phù hợp: văn phòng, shop online, spa,  cho thuê dòng tiền
✅ Sổ đỏ chính chủ – giao dịch nhanh
📞 Liên hệ xem nhà: *** ",433333333.3333333,16.9,small,over_10b
175883352,132217124,HIẾM – NHÀ MỚI THÁI THỊNH 6 TẦNG – Ở NGAY CHỈ 9.5 TỶ,9500000000,31.5,Quận Đống Đa,Phường Thịnh Quang,Hà Nội,Nhà ở,4.0,30 phút trước,"🔥 HIẾM – NHÀ MỚI THÁI THỊNH 6 TẦNG – TRUNG TÂM ĐỐNG ĐA – 9.5 TỶ 🔥

Bạn đang tìm một căn nhà vừa hiện đại, vừa giữ được “chất sống phố cũ” giữa lòng Hà Nội? Đây chính là lựa chọn đáng cân nhắc.

📍 Ngõ 97/167 Thái Thịnh – vị trí lõi quận Đống Đa, khu dân trí cao, an ninh tốt.

Điểm đặc biệt của căn nhà không chỉ nằm ở thiết kế mới, mà còn ở trải nghiệm sống. Giữa lúc Hà Nội thay đổi từng ngày bởi các tuyến đường và dự án lớn, nơi đây vẫn giữ được nhịp sống quen thuộc: sáng ra chợ gần nhà, chiều cafe vỉa hè, tối tụ tập vài xiên nướng, cốc bia nhẹ cùng bạn bè. Một không gian sống vừa tiện nghi, vừa gần gũi.

🏡 Nhà xây mới 6 tầng kiên cố, diện tích 31.5m², thiết kế tối ưu:
• 4 phòng ngủ khép kín, riêng tư
• Đầy đủ phòng khách, bếp, phòng thờ, sân phơi
• Nội thất hoàn thiện cao cấp, dọn vào ở ngay

💰 Giá: 9.5 tỷ – sổ đỏ chính chủ
🤝 Hoa hồng 3% cho môi giới

📍 Tiện ích xung quanh cực kỳ thuận tiện:
• 20m ra chợ Thái Thịnh
• Gần ga tàu điện trên cao
• Chỉ vài phút tới Royal City, hồ Hoàng Cầu
• Bao quanh là các trường đại học lớn và bệnh viện tuyến đầu

🎯 Phù hợp để ở lâu dài, cho thuê hoặc giữ tài sản trung tâm – khu vực luôn có giá trị cao và thanh khoản tốt.

📞 Liên hệ: *** (Chính chủ) – xem nhà thực tế, cảm nhận rõ giá trị!",301587301.5873016,9.5,small,5_10b
176061958,132370854,"cho thuê văn phòng phố Xã Đàn 2,Đống Đa,hà nội,dtsd 55m2,thông sàn,",8500000,55.0,Quận Đống Đa,Phường Trung Phụng,Hà Nội,"Văn phòng, Mặt bằng kinh doanh",3.0,1 giờ trước,"cho thuê văn phòng phố Xã Đàn 2,Đống Đa,hà nội,dtsd 55m2,thông sàn,giá 8,5tr/tháng 
-Tòa nhà dt 100m x 9 tầng, có thang máy, có hầm để xe , đèn điện điều hòa âm trần, trần thạch cao, cửa kính, bảo vệ 24/24, pccc, thiết bị chiếu sáng đầy đủ, vệ sinh khép kín ,
-còn trống tầng 5,view ngoài ,diện tích 55m2/sàn,thông sàn,giá 8,5tr/tháng (chưa vat và bao phí dịch vụ) 
-Đường  ô tô đỗ cửa ,Khu vực yên tĩnh, an ninh tốt thuận tiện lam văn phong, công nghệ, du lịch, 
-miễn phí dịch vụ: điện hành lang, bảo trì thang máy, bảo vệ , trông xe
-giờ làm việc  8h – 22h tối hằng ngày kể cả chủ nhật 
-được treo biển công ty 
-miễn phí làm thêm giờ 
",154545.45454545456,0.0085,small,under_1b
176061946,132370855,"CHo thuê nhà Nguyễn Văn Linh, 50m, ô tô đỗ cửa, full đồ, 4,5tr/tháng",4500000,50.0,Quận Long Biên,Phường Thạch Bàn,Hà Nội,Nhà ở,2.0,1 giờ trước,"CHO THUÊ NHÀ NGUYEN CĂN PHỐ NGUYỄN VĂN LINH - THẠCH BÀN - Ô TÔ LÙI CỬA - NỘI THẤT CƠ BẢN - Ở HỘ GIA ĐÌNH - GẦN CHỢ ĐỒNG DINH!
+ Vị trí: gần chợ Đồng Dinh, ô tô lùi cửa. 
+ Tổng DT 50m2, có gác xép
+ Nội thất: điều hoà, nóng lạnh, giường, tủ...
+ Điện nước giá dân
+ Giá 4.5 triệu /tháng . Hình thức thanh toán: cọc 1 đóng 3. HĐ trên 1 năm. 
LH ngay để xem nhà trực tiếp!",90000.0,0.0045,small,under_1b
176060616,132369705,"Cho thuê nhà Phố Trạm, Long Biên, 43m x5 tầng, full đồ,ở ngay, ô tô đỗ",11000000,43.0,Quận Long Biên,Phường Long Biên,Hà Nội,Nhà ở,3.0,3 giờ trước,"
🌹CHO THUÊ NHÀ NGUYÊN CĂN PHỐ TRẠM - LONG BIÊN - Ô TÔ ĐỖ CỬA - LÀM VĂN PHÒNG , Ở HỘ GIA ĐÌNH - 3PN - NỘI THẤT CƠ BẢN - 200M ĐẾN AEON MALL LONG BIÊN !
+ Diện tích 43m, Nhà 5 tầng: 
Tầng 1 : PK, bếp, WC
Tầng 2,3,4: mỗi tầng 1PN, WC 
Tầng 5: Phòng thờ , sân phơi. 
+ Nội thất : 2 điều hoà, 3 nóng lạnh, 2 bộ giường tủ, sofa, bếp từ, tủ bếp. 
+ Đóng 3 cọc 1 . HĐ trên 1 năm. 
+ Nhận nhà ngay.
LH: *** để xem nhà trực tiếp ",255813.9534883721,0.011,small,under_1b
175968673,132290556,Cho thuê 1 khách 1 ngủ,5700000,42.0,Quận Nam Từ Liêm,Phường Đại Mỗ,Hà Nội,Phòng trọ,3.0,2 giờ trước,"Cho thuê phòng 1 khách 1 ngủ
Diện tích 42m. Nhà vừa hoàn thiện mới 100%
Mỗi tầng chỉ có 1 phòng. Có thang máy. Yên tĩnh
Free nửa tháng tiền nhà nếu ở tháng 5
Truyền hình fpt miễn phí
Camera, cửa vân tay an toàn, không chung chủ.
Phù hợp với hộ gia đình hoặc nhóm bạn từ 2-3 người, người bán hàng online.
Cách chợ dân sinh 100m. Gần trường học, siêu thị tạp hoá.
Gần các trục đường Tố Hữu, Trung Văn, Đại Lộ Thăng Long
Nhà trong ngách 40/12 phố Ngọc Trục, Đại Mỗ
Giá 5tr7
Liên hệ xem phòng: ***
Zalo: ***",135714.2857142857,0.0057,small,under_1b
176061211,132370221,"BÁN NHÀ TỨ HIỆP, THANH TRÌ, 40M x 4 TẦNG, 2 THOÁNG, HƠN 6 TỶ",6600000000,40.0,Huyện Thanh Trì,Xã Tứ Hiệp,Hà Nội,Nhà ở,4.0,2 giờ trước,"🔥 BÁN NHÀ TỨ HIỆP, THANH TRÌ – NHÀ MỚI ĐẸP – 2 THOÁNG VĨNH VIỄN – GẦN Ô TÔ 🔥

🏡 Căn nhà cực phù hợp cho gia đình mua ở lâu dài tại trung tâm Tứ Hiệp – khu vực dân cư đông đúc, an sinh tốt, tiện ích đầy đủ.

📍 Vị trí đẹp khu Tứ Hiệp,  gần ô tô, gần sân vui chơi, trường cấp 1, cấp 2 Tứ Hiệp, chợ dân sinh và trung tâm hành chính Thanh Trì.

✨ Nhà mới đẹp, nội thất chỉn chu, khách mua về ở luôn
✨ Hai thoáng vĩnh viễn, phòng nào cũng sáng và thoáng
✨ Ngõ thông, Khu dân trí cao, yên tĩnh, ở cực thích

🏠 Thiết kế công năng đầy đủ:

Tầng 1: Phòng khách rộng + bếp + WC
Tầng 2,3: Mỗi tầng 2 phòng ngủ + WC riêng
Tầng 4: Phòng thờ + sân vườn + sân phơi rộng thoáng

💎 Điểm cộng lớn là phía sau nhà có ngõ thoáng vĩnh viễn, tạo không gian sống cực kỳ dễ chịu hiếm gặp trong khu vực.

📕 Sổ đỏ đẹp, pháp lý chuẩn.

☎️ Hiệu BĐS Thổ cư - ***

#bannhatuhiep #bannhathanhtri #nhadeptuhiep #nhadatthanhtri #muabannhathanhtri #bdsthocu #nhatrungtamthanhtri #nhadepoalways",165000000.0,6.6,small,5_10b
175831819,132173102,🌹Tôi Chính Chủ Bán Nhà giữa chợ Nghĩa Đô🍀,7980000000,33.0,Quận Cầu Giấy,Phường Nghĩa Đô,Hà Nội,Nhà ở,4.0,3 giờ trước,"Dự án: 
Thông tin chi tiết: 🌹TÔI CHÍNH CHỦ BÁN NHÀ : Nghĩa Đô( gần Hồ Tây).Giữa chợ Bái Ân. Ô tô đỗ cổng🚗
🏦Giá siêu yêu: 7,98 tỷ 
SDCC ,không quy hoạch ,xịn ,dân trí cao 
Dt 33m( trong đó 27m sổ+ sân) xây cả phần sân thành nhà
- Nhà KBT chắc chắn từng viên gạch 
4 tầng ,đầy đủ công năng
- Tầng 1 khách + bếp+ wc+ sân để xe 
-Tầng 2: 2 ngủ + wc ( cửa sổ thoáng sáng) 
-Tầng 3: 2 ngủ+ wc ( cửa sổ thoáng sáng) 
- Tầng 4 : 1 ngủ + phòng thờ+ sân trồng cây + phơi 
- Tầng 5: Tum ( trồng rau sạch) 
Ngôi nhà được xây rất tâm huyết ,gần trường ,giữa chợ,ngõ thoáng,gần Hồ Tây.
Đã mua biệt thự To nên bán bớt 🏦💵
☎️Liên hệ: ***",241818181.8181818,7.98,small,5_10b
175910110,132240047,PHÒNG 30m² RỘNG RÃI - NGÕ Ô TÔ ĐỖ CỬA - FULL ĐỒ - GIẢI PHÓNG,4300000,30.0,Quận Hoàng Mai,Phường Hoàng Liệt,Hà Nội,Phòng trọ,3.0,1 giờ trước,"PHÒNG 30m² RỘNG RÃI NGÕ Ô TÔ ĐỖ CỬA FULL ĐỒ GIẢI PHÓNG
1. Địa chỉ: Số 2 ngõ 1375 Giải Phóng, Hoàng Mai (Phòng 202 đúng như hình). Vị trí thuận tiện, gần các trường Bách Khoa Kinh Tế Xây Dựng, bến xe Nước Ngầm, di chuyển dễ dàng vào trung tâm.
2. Chi tiết:
- Phòng rộng khoảng 30m², khép kín, có ban công thoáng mát
- Nhà nằm trong ngõ ô tô đỗ tận cửa, đi lại cực kỳ thuận tiện
- Full nội thất chỉ cần mang đồ cá nhân vào ở
- Tòa nhà có thang máy, khóa vân tay, giờ giấc tự do
- Có sẵn gym và cafe ngay trong nhà, tiện sinh hoạt hằng ngày
3. Giá thuê:
- 4,3 triệu/tháng (hợp đồng 12 tháng)
- 4,5 triệu/tháng (hợp đồng 6 tháng)
4. Chi phí:
- Dịch vụ: 200K/người
- Nước: 100K/người
- Điện: 4K/kWh
- Wifi: 100K/phòng
Liên hệ xem phòng sớm, tặng 5 ngày ở free - Trung.",143333.33333333334,0.0043,very_small,under_1b
176060815,132369839,GIÁ RẺ ! CÓ SỔ HỒNG ! CHUNG CƯ E2 MỄ TRÌ_PHẠM HÙNG_NAM TỪ LIÊM,1700000000,52.0,Quận Nam Từ Liêm,Phường Mễ Trì,Hà Nội,Căn hộ/Chung cư,2.0,3 giờ trước,"Bán trực tiếp chung cư E2 Mễ Trì - Phạm Hùng - Nam Từ Liêm

Gần học viện Ngân Hàng, đại học Y, Kinh Tế Quốc Dân, Bách Khoa.

Hệ thống phòng cháy chữa cháy hiện đại, đạt tiêu chuẩn mới.

Thang thoát hiểm, lối thoát nạn đầy đủ.

Gần các trường cấp 1, cấp 2, cấp 3.

Thiết kế căn hộ ngủ sáng thoáng đẹp. Sổ hồng sở hữu vĩnh viễn.

Khách hàng không mất thêm bất kỳ chi phí nào khác. Pháp lý đầy đủ và đảm bảo theo quy định của pháp luật.

Liên hệ trực tiếp Trường chủ đầu tư xây dựng để mua nhà giá gốc ***Đã sao chép.

Add Zalo để nhận video căn hộ. (Lưu ý miễn môi giới trung gian).",32692307.692307692,1.7,small,1_3b
168354903,125718706,"Bán đất TẢ THANH OAI THANH TRÌ, VỊ TRÍ VÀNG SINH LỜI-40m² - chỉ 2.9 tỷ",2900000000,40.0,Huyện Thanh Trì,Xã Tả Thanh Oai,Hà Nội,Đất,3.0,3 giờ trước,"Bán đất TẢ THANH OAI THANH TRÌ, VỊ TRÍ VÀNG SINH LỜI - 40m² - chỉ 2.9 tỷ
✅ Chủ đất là cô Hòa – cán bộ hưu trí ngành giáo dục, hiện đang sở hữu nhiều mảnh đất ở khu vực Thanh Trì. Với nhu cầu không sử dụng hết và muốn tái cơ cấu danh mục đầu tư, cô quyết định nhượng lại lô đất 40m² tại Tả Thanh Oai – một trong những điểm nóng tiềm năng tăng giá thời gian tới.
✅ Tọa lạc ngay trung tâm xã Tả Thanh Oai, vị trí quá đắc địa khi nằm gần chợ dân sinh, các trường học từ mầm non đến THCS, và chỉ vài phút tới bệnh viện 103. Khu vực đông dân cư, nhiều người tìm thuê và mua ở thực – rất thích hợp để đầu tư ngắn hạn, lướt sóng với tỷ suất lợi nhuận tốt.
✅ Đất vuông vắn, mặt bằng đẹp, dễ quy hoạch – sẵn sàng để xây dựng hoặc chờ tăng giá. Đặc biệt phù hợp với nhà đầu tư tìm kiếm sản phẩm ""xuống tiền là có lãi"".
👉 Với hơn 5 năm chuyên bất động sản khu vực Thanh Trì, TRƯƠNG BĐS không chỉ đơn thuần bán sản phẩm – chúng tôi đồng hành cùng nhà đầu tư trong từng quyết định, giúp quý khách chọn đúng – mua trúng – sinh lời nhanh.
💰 Đừng để tiền nằm yên trong ngân hàng! Mảnh đất Tả Thanh Oai này là “phép thử ngọt ngào” cho nhà đầu tư mới, và “viên ngọc sáng” với nhà đầu tư giàu kinh nghiệm.
📞 Gọi ngay TRƯƠNG BĐS – *** để xem đất thực tế và nhận tư vấn chiến lược đầu tư hiệu quả!",72500000.0,2.9,small,1_3b
176062139,132370995,"Cho thuê mặt bằng kinh doanh phố Chu Huy Mân, có vỉa hè. Giá 5tr",5000000,25.0,Quận Long Biên,Phường Việt Hưng,Hà Nội,"Văn phòng, Mặt bằng kinh doanh",3.0,1 giờ trước,"CHO THUÊ MẶT BẰNG BÁN NƯỚC, HOA QUẢ, CHU HUY MÂN, PHÚC ĐỒNG
• Vị trí gần ngày trường học nghề và du học sinh
• Diện tích : 25m2 + Sử dụng trước cửa vỉa hè rộng 25m2 
• Giá : 5 triệu/ tháng
• Nếu khách có nhu cầu thuê ở phía trong 1 phòng ngủ nữa giá cả mặt bằng là 6 triệu
• Phù hợp : Bán nước hoa quả, trà chanh, đồ ăn vặt
Liên hệ ngay để xem nhà trực tiếp!",200000.0,0.005,very_small,under_1b
176060707,132369724,o thuê nhà  Nguyên căn 5 Tầng - Phú Lãm - Hà Đông ( gần trường đại Học,8000000,32.0,Quận Hà Đông,Phường Phú Lãm,Hà Nội,Nhà ở,3.0,3 giờ trước,"Dự án: 
Thông tin chi tiết: Cthuê nhà  Nguyên căn 5 Tầng - Phú Lãm - Hà Đông ( gần trường đại Học Đại Nam . Đại học Điện Lực . Phố xốm .., ) 
Diện Tích : 33m2 x 5 Tầng 
     MÔ TẢ 
- Tầng 1: Thông sang + Bếp +wc
- Tầng 2 :  1 ngủ >1VS 
- Tầng 3 : 1 ngủ + wc
- Tầng 4 : 1ngủ + wc 
- Tầng 5 : phòng thờ + sân phơi 
 Nội thất có: Điều hòa , NL , giường , tủ , rèm cửa ...
Phù hợp kinh doanh online,  ở hộ gia đình  ... 
 giá cho thuê 8tr/ tháng
                  Thanh toán 3 cọc 1 
LH : ***",250000.0,0.008,small,under_1b
176062805,132371517,NHÀ ĐẸP- Trung tâm Quận Phố Hồng Mai 35m2 x5 tầng 4PN 9.8 tỷ,9800000000,35.0,Quận Hai Bà Trưng,Phường Bạch Mai,Hà Nội,Nhà ở,4.0,14 phút trước,"NHÀ ĐẸP- Trung tâm Quận Phố Hồng Mai 35m2 x5 tầng 4PN 9.8 tỷ
Mô tả:
- Ô tô đỗ cách nhà 10m. 
- Thiết kế:
+ T1: Khách, bếp.
+ T2,3,4,5 : Tầng 1 ngủ 1 wc.
- Sổ đỏ cất két giao dịch ngay.
Liên Hệ: *** - Giao dịch trực tiếp",280000000.0,9.8,small,5_10b
176061345,132370365,"BÁN NHÀ TỨ HIỆP, THANH TRÌ – 45M X 3 TẦNG, Ô TÔ ĐỖ CỬA, GIÁ HƠN 5 TỶ",5900000000,45.0,Huyện Thanh Trì,Xã Tứ Hiệp,Hà Nội,Nhà ở,3.0,2 giờ trước,"🔥 BÁN NHÀ TỨ HIỆP, THANH TRÌ – 45M X 3 TẦNG, NHÀ MỚI ĐẸP –  Ô TÔ ĐỖ CỬA 🔥

🏡 Căn nhà cực phù hợp cho gia đình mua ở lâu dài tại trung tâm Tứ Hiệp – khu vực dân cư đông đúc, an sinh tốt, tiện ích đầy đủ.

📍 Vị trí đẹp khu Tứ Hiệp,  ô tô đỗ cửa, gần sân vui chơi, trường mầm non Tứ Hiệp, chợ dân sinh và trung tâm hành chính Thanh Trì.

✨ Nhà mới đẹp, nội thất chỉn chu, khách mua về ở luôn
✨ Ngõ thông ô tô đỗ cửa, 30m ra ô tô tránh.
✨ Khu dân trí cao, yên tĩnh, ở cực thích

💎 Điểm cộng lớn khu vực nhiều cây xanh, hồ nước, tạo không gian sống cực kỳ dễ chịu hiếm gặp trong khu vực.

📕 Sổ đỏ đẹp, pháp lý chuẩn.

☎️ Hiệu BĐS Thổ cư - ***

#bannhatuhiep #bannhathanhtri #nhadeptuhiep #nhadatthanhtri #muabannhathanhtri #bdsthocu #nhatrungtamthanhtri #nhadepoalways",131111111.1111111,5.9,small,5_10b
175372622,131779389,ẢNH THẬT GIÁ THẬT - STUDIO FULL ĐỒ NGAY PHỐ TRỊNH VĂN BÔ CĐ FPT,4000000,28.0,Quận Nam Từ Liêm,Phường Xuân Phương,Hà Nội,Căn hộ/Chung cư,1.0,2 giờ trước,"Dự án: 
Thông tin chi tiết: 🏠 CẬP NHẬT NHÀ MỚI – KHAI TRƯƠNG CCMN

👉 Mã nhà: PT92
👉 Loại phòng: Studio
💰 Giá thuê: 4.000.000 


📍 Địa chỉ: Ngõ 173/35 Phương Canh, Nam Từ Liêm
✨ Nhà mới 100% – bóc seal – ở ngay

🛋 Nội thất full đồ:
Thang máy, điều hòa, nóng lạnh, tủ lạnh, tủ quần áo, bếp + hút mùi

💡 Chi phí dịch vụ:
⚡ Điện 4.000đ/số | 💧 Nước 35.000đ/khối
🏢 Dịch vụ chung 250.000đ/người/tháng (vệ sinh 50k + thang máy 50k + máy giặt 100k + wifi 50k)

📄 Hợp đồng: 6 – 12 tháng
✅ Không giới hạn người ở & xe
🚪 Không chung chủ – giờ giấc tự do

📞 Liên hệ xem phòng: Thu Phương",142857.14285714287,0.004,very_small,under_1b
172676157,129456707,Giảm 300tr nhà Trần Hoà-Oto 10m-NTsịn-50m*3T;MT4m;2N,2900000000,50.0,Quận Hoàng Mai,Phường Đại Kim,Hà Nội,Nhà ở,2.0,1 giờ trước,"SIÊU HOT ! GIẢM 300TRIỆU NHÀ DÂN XÂY ĐẸP TRẦN HOÀ, P. ĐẠI KIM-10M RA BÃI GỬI Ô TÔ-CÁCH PHỐ 60M-FULL NỘI THẤT CAO CẤP-50M * 3 TẦNG ; MẶT TIỀN 4M ; 2 NGỦ - Nhỉnh 2,5 tỷ

VỊ TRÍ:
Nhà chỉ cách phố Trần Hoà tầm 60m, cách bãi gửi ô tô khoảng 10m. Cạnh nhà là Trung tâm thể thao nhộn nhịp, khu ẩm thực sầm uất. Ngõ thông sang Định Công Hạ, Trịnh Đình Cửu, Vũ Tông Phan. Nằm trong khu đều xây cao tầng, đân trí cao, an ninh tốt.
MÔ TẢ:
Nhà dân xây khung cột chắc chắn, thiết kế hiện đại. Chủ nhà thân tặng toàn bộ nội thất hiện có : TV, tủ lạnh, điều hoà, máy giặt, hệ thống bếp đồng bộ, giường, tủ, bàn, ghế, đồ gia dụng. Nhà 3 tầng sáng, thoáng, ngõ trước nhà 2,5m. Có 2 phòng ngủ rộng, đầy đủ công năng, full nội thất. Hiện đang cho thuê 8 triệu/tháng.
PHÁP LÝ :
Nhà chưa sổ đỏ nhưng nguồn gốc rõ ràng. Không quy hoạch. Hợp đồng mua bán vi bằng, công chứng.
LIÊN HỆ :
PHAN HÙNG ĐỂ NGẮM SIÊU PHẨM HIẾM CÓ",58000000.0,2.9,small,1_3b
175969212,132291011,Bán nhà chính chủ mặt ngõ 214 trịnh đình cửu 2t giá 2.5ty 26m,2500000000,26.0,Quận Hoàng Mai,Phường Định Công,Hà Nội,Nhà ở,2.0,3 giờ trước,Nhà chính chủ ngõ 214 trịnh đình cửu tôi cần bán nhà 2 tầng 26m2 mt 4.2m tặng lại toàn bộ nội thất giá 2.5ty giao dịch nhanh về ở luôn cho người thiện chí,96153846.15384616,2.5,very_small,1_3b
176061033,132370245,"Cho thuê chung cư Học Viên Hậu Cần,Ngọc Thuỵ,84m,2pn,full nội thất mới",9000000,84.0,Quận Long Biên,Phường Ngọc Thụy,Hà Nội,Căn hộ/Chung cư,2.0,2 giờ trước,"🌹 CHO THUÊ CHUNG CƯ TẠI CHUNG CƯ HỌC VIỆN HẬU CẦN -  NGỌC THUỴ - 2PN, 2WC - NỘI THẤT ĐẦY ĐỦ - GẦN KHAI SƠN CITY, CẦU ĐÔNG TRÙ, CÔNG VIÊN KHAI SƠN!
+ Diện tích 84m.
Thiết kế : 2 phòng ngủ, 2WC. 
+ Nội thất: 2 điều hoà, 2 nóng lạnh, 2 bộ giường tủ, bàn ghế,Tủ bếp, bếp từ, hút mùi, tủ lạnh, máy giặt. 
+Giá: 9triệu/tháng. Đóng 3 cọc 1. HĐ lâu dài. 
+ Nhà mới xây sạch sẽ thoáng mát đón sáng tốt, không gian sống xanh yên tĩnh khu vực an ninh tốt.
+ Ngày nhận nhà: ngay. 
LH ngay để xem nhà trực tiếp",107142.85714285714,0.009,medium,under_1b
175386875,131791740,CHÍNH CHỦ BÁN NHÀ PHỐ ĐỊNH CÔNG THƯỢNG- 40M*4TẦNG- NGÕ NÔNG- GẦN PHỐ,9400000000,40.0,Quận Hoàng Mai,Phường Định Công,Hà Nội,Nhà ở,5.0,1 giờ trước,"Dự án: 
Thông tin chi tiết: • Diện tích: 40m
 • Thiết kế: 4 tầng , 5 phòng ngủ, đầy đủ công năng
 • Pháp lý: Sổ đỏ chính chủ, sẵn sàng giao dịch

Vị trí cực đẹp – trung tâm Định Công Thượng:
 • ngõ thông thoáng sáng tự nhiên
 • Ô tô lùi đỗ cửa vài bước ra mặt phố
 • Ngõ thông các tuyến đường lớn: Giải Phóng – Trần Hòa – Kim Giang – Vũ Tông Phan
 • Gần chợ, trường mầm non, cấp 1, cấp 2 – tiện ích không thiếu thứ gì
 • Khu dân cư an ninh tốt, an sinh đỉnh cao

Liên hệ: Em Huê – chuyên nhà đẹp khu vực Định Công để xem nhà trực tiếp.
Miễn phí tư vấn pháp lý – hỗ trợ nhiệt tình đến khi vào ở.",235000000.0,9.4,small,5_10b
175007477,131472200,Mời thuê nhà nguyên căn ngõ 189 đường hoàng hoa thám,14000000,36.0,Quận Ba Đình,Phường Ngọc Hà,Hà Nội,Nhà ở,3.0,1 giờ trước,"Dự án: 
Thông tin chi tiết: Mời thuê nhà nguyên căn Hoàng Hoa Thám

Gia đình cần cho thuê căn nhà 3 tầng, diện tích sàn 36m, Nhà có 3 phòng ngủ, 2 vệ sinh đầy đủ thiết bị: 3 điều hoà, máy giặt, nóng lạnh. Trước nhà có sân chung để xe máy. Ưu điểm lớn nhất là nhà rất thoáng, cả trước mặt và sườn một bên nhà thoáng đãng. Địa chỉ nhà ở ngõ 189 đường Hoàng Hoa Thám, phường Ngọc Hà. Liên hệ: chị Thanh",388888.8888888889,0.014,small,under_1b
176060838,132369865,"Cho thuê chung cư Ecohome Phúc Lợi, 70m, 2pn, tầng đẹp, full đồ ở ngay",7500000,70.0,Quận Long Biên,Phường Phúc Lợi,Hà Nội,Căn hộ/Chung cư,2.0,3 giờ trước,"CHO THUÊ CHUNG CƯ ECOHOME - PHÚC LỢI - 2PN , 2WC- FULL NỘI THẤT - TIỆN ÍCH NỘI KHU - CÓ SLOT Ô TÔ - GẦN BIG C LONG BIÊN , VINHOMES RIVERSIDE !
+ TK : 2PN , 1PK , 2WC , 2 logia. 
 + Nội thất : 3 điều hoà, Máy giặt , tivi  , tủ lạnh, bếp từ, máy hút mùi, 2 nóng lạnh , sofa , bàn ăn, giường, tủ quần áo, bàn trang điểm, sofa, tủ bếp, tủ giầy… 
HĐ trên 1 năm. 
+ Ưu tiên hộ  GĐ.
Lh ngay để xem nhà trực tiếp",107142.85714285714,0.0075,medium,under_1b
174870809,131352908,Ảnh thật nhà thật 100% - KHAI TRƯƠNG CCMN LẠC LONG QUÂN  - ÂU CƠ,6000000,30.0,Quận Tây Hồ,Phường Xuân La,Hà Nội,Phòng trọ,3.0,2 giờ trước,"🌿 CCMN FULL ĐỒ – ÂU CƠ, TÂY HỒ – NHIỀU LOẠI PHÒNG ĐẸP
📍 Ngõ 360 Âu Cơ, Tây Hồ, Hà Nội
📌 Gần Nhật Tân – Quảng An – Hồ Tây – Lotte Mall – khu sống đẹp, tiện đi lại
⏰ Tình trạng: trống nhiều phòng
✨ Thông tin nổi bật
✅ Full đồ: giường, đệm, điều hoà, nóng lạnh, tủ quần áo, tủ bếp trên dưới, kệ bếp, bồn rửa bát, tủ lạnh, máy giặt
✅ Có cả phòng đơn và 1 ngủ 1 khách
✅ Diện tích 28–30m2
✅ Khu vực Tây Hồ thoáng, ở tiện nghi, phù hợp người đi làm
💵 Dịch vụ: Điện 4.2k/số | Nước 35k/khối | Wifi 100k/phòng | Sạc xe điện 90k/xe | DVC 100k/người
📞 Liên hệ xem phòng: *** – Thu Phương",200000.0,0.006,very_small,under_1b
175953383,132277335,căn hộ mini đường Hàng Cháo gần HVTC Hà Nội,3500000,20.0,Quận Đống Đa,Phường Cát Linh,Hà Nội,Phòng trọ,3.0,3 giờ trước,"Dự án: 
Thông tin chi tiết: Căn hộ mini  tại số 10 ngõ 16 phố Hàng cháo, phường Cát Linh, quận Đống Đa, Hà Nội giờ giấc tự do, đầy đủ tiện nghi chỉ sách valy vào ở. Căn hộ chỉ cách Học viện Tài Chính 30m, Văn Miếu Quốc tử Giám 50m, bệnh viện Xanh pôn 50m, VPCP, các Đại Sứ Quán, Lăng Bác 200m…nội thất như hình không thiếu thứ gì camera an ninh 24/24, thẻ từ ra vào nhà và phòng, - thang máy, máy lạnh 2 chiều , tủ lạnh, ti vi, máy nước nóng , bếp từ, bát đũa …. Giá 3,5 tr / tháng khách có nhu cầu thuê vui lòng liên hệ điện thoại mình chính chủ nhé!
Rất vui mừng đón chào quí khách!",175000.0,0.0035,very_small,under_1b
176062017,132370904,"Cho thuê nhà Giang Biên, ô tô đỗ, vỉa hè, nhà mới, full đồ, kinh doanh",13000000,40.0,Quận Long Biên,Phường Giang Biên,Hà Nội,Nhà ở,4.0,1 giờ trước,"CHO THUÊ NHÀ NGUYÊN CĂN PHỐ PHẠM KHẮC QUẢNG - Ô TÔ ĐỖ CỬA - VỈA HÈ - 4PN - NỘI THẤT CƠ BẢN- Ở HỘ GIA ĐÌNH, VĂN PHÒNG, KINH DOANH - GẦN TRƯỜNG THCS CHU VĂN AN, TRƯỜNG, CHỢ!
+ Vị trí: Ô tô đỗ cửa, gần trường học (Giang Biên, Chu Văn An), UBND phường, trạm y tế, công viên, chợ…, giao thông thuận tiện, không khí thoáng mát.
+ TK: 
Tầng 1: thông sàn. 
Tầng 2: bếp, PN, WC. 
Tầng 3, 4: mỗi tầng 2PN, WC. 
Tầng 5: phòng thờ, sân phơi. 
+ Nội thất: 3 điều hoà, 1 nóng lạnh, 1 tủ lạnh, 1 giường, tủ bếp. 
+ Đóng 3 cọc 1. HĐ trên 1 năm. 
LH ngay để xem nhà trực tiếp",325000.0,0.013,small,under_1b
176061745,132370679,"Cho thuê vp phố Trần Duy Hưng,cầu giấy,hà nội,dtsd 130m2,sàn thông",23000000,130.0,Quận Cầu Giấy,Phường Trung Hoà,Hà Nội,"Văn phòng, Mặt bằng kinh doanh",3.0,2 giờ trước,"Cho thuê văn phòng phố Trần Duy Hưng,cầu giấy,hà nội,dtsd 130m2,sàn thông,giá 23tr/tháng 
-Tòa nhà gần cac khu trung tâm thương mại, gần siêu thị, gần trung kính, gần nguyễn chánh, gần lê văn lương 
-Diện tích sàn: 200m2 xây 10 tầng  Diện tích sử dụng: 160m2/tầng đã trừ thang máy,  Mặt tiền: 12m, tầng hầm  để xe, Có thang máy tốc độ cao, 01 thang bộ.
- Mỗi tầng có hệ thống điều hòa âm trần, hệ thống thông gió cấp đến các vị trí theo yêu cầu. 2 khu WC, 1 phòng kho, điện 3 pha, đường trước nhà rộng 10m2,có thể để ôtô, xe máy, xe tải 2,5 tấn đỗ thoải mái
-Phù hợp làm vp, vp đào tạo, các mô hình kinh doanh … 
-Hiện trống tầng 7,dtsd 130m2/sàn, thông sàn, giá 23tr/tháng ( chưa thuế và chưa bao gốm phí dv ) 
-Phí dịch vụ bao gồm  thang máy , bảo vệ, bảo trì thang máy,điện hành lang, 
-xe máy để dưới hầm , oto đỗ trước cửa free chỗ đỗ xe oto… 
",176923.07692307694,0.023,large,under_1b
176062190,132371038,"Nhà đẹp phố Lê Trọng Tấn, - Gần vành đai 2.5 - 30m2*5T - Ở ngay",7200000000,30.0,Quận Hoàng Mai,Phường Định Công,Hà Nội,Nhà ở,3.0,1 giờ trước,"Dự án: 
Thông tin chi tiết: Nhà đẹp phố Lê Trọng Tấn, - Gần vành đai 2.5 - 30m2*5T - Ở ngay

- Phố Lê Trọng Tấn - Hoàng Mai - Gần Vành Đai 2.5 – vị trí đẹp thuận tiện di chuyển
- Diện tích: 30m²
- Xây dựng 5 tầng kiên cố, thiết kế hiện đại
- Nhà đẹp, vào ở ngay
- Ngõ nông, thoáng, chỉ cách phố khoảng 50m
- Khu dân trí tốt, tiện ích đầy đủ quanh nhà
- Phù hợp gia đình trẻ cần nhà đẹp khu trung tâm hoặc mua giữ tiền 
- Sổ đỏ chính chủ, pháp lý rõ ràng

A/c quan tâm inbox em Hạnh Vân để xem nhà trực tiếp",240000000.0,7.2,very_small,5_10b
176062200,132371042,"Cho thuê tầng 1 + 2 phố An trạch,đống đa,dtsd 75m x 2 tầng + 1 hầm,TM,",42000000,130.0,Quận Đống Đa,Phường Cát Linh,Hà Nội,"Văn phòng, Mặt bằng kinh doanh",3.0,1 giờ trước,"Cho thuê tầng 1 + 2 phố An trạch,đống đa,hà nội,dtsd 75m x 2 tầng + 1 hầm,TM,giá 42tr/th
-Tòa nhà có dt 150m2 x 9 tầng, có hầm , có thang máy, đèn điện điều hòa âm trần, trần thạch cao, cửa kính, thiết bị chiếu sáng đầy đủ , có bảo vệ 24/24,hệ thống máy phát điện, hệ thống PCCC
- phù hợp làm văn phòng,siêu thị,nội thất, phòng khám,show room v.v 
-trống tầng 1 + 2 ( mbkd ), ( tầng 1 dtsd 55m2  + tầng 2  dtsd 75m2 ), giá 42tr/tháng 
-Phí dịch vụ gồm: điện hành lang, phí thang máy, bảo vệ, trông xe, vệ sinh chung tòa nhà 
-Xe máy miễn phí từ 5 – 20 xe máy dưới hầm 
",323076.92307692306,0.042,large,under_1b
176060596,132369635,nhà 4.5 tầng 3 pn rộng . oto đỗ cửa giá 6tr/1 tháng ngay choẹ phượng c,6000000,32.0,Huyện Chương Mỹ,Xã Phụng Châu,Hà Nội,Nhà ở,3.0,3 giờ trước,"Dự án: 
Thông tin chi tiết: T
Em chính chủ cho thuê Nhà nguyên căn xây mới 30m, 5 tầng, 3 ngủ, 4wc, 1 khách, 1 bếp, 1 phòng thờ, 1 sân phơi. 
Xung quanh tiện ích đầy đủ không thiếu thứ gì. Nhà đẹp thoáng mát hơn khách sạn 5 sao.
- Địa chỉ: Phượng Nghĩa, Phụng Châu, Chương Mỹ, Hà Nội.
- Nhà cách Ô tô đỗ 10m. Điện nước giá dân.
- Nhà cạnh UBND xã Phụng Châu.
- Cách chợ 100m. Cách trạm y tế 100m.
- Gần trường  mầm non, trường tiểu học, trường Trung học cơ sở.
- Cách trường Đại Học Sư phạm thể dục thể thao 900m
- Giá : 6  triệu/ 1 tháng. Đóng 3 cọc 1.
- Ưu tiên cho hộ gia đình thuê lâu dài. 
-Ac quan tâm vui lòng liên hệ sđt *** xem nhà và làm việc chính chủ",187500.0,0.006,small,under_1b
175584701,131962212,"Cho thuê căn hộ mặt phố Văn Khê,KĐT Văn Phú - vỉa hè 6m",3500000,30.0,Quận Hà Đông,Phường Kiến Hưng,Hà Nội,Phòng trọ,3.0,18 phút trước,"CHO THUÊ CĂN HỘ FULL NỘI THẤT 3,5 Triệu 
 Địa chỉ: Số 13 TT9, KĐT Văn Phú (gần tháp đồng hồ Văn Phú), Hà Đông, Hà Nội 
 Khu vực sầm uất, nhiều tiện ích, mặt đường chính tiện đường xe khách đi các tỉnh
 Nhà có thang máy
 Nội thất:
- Sàn gỗ
- Điều hòa, nóng lạnh, Tivi, Wifi, Truyền hình cáp
- Tủ bếp 
- Tủ lạnh
- Tủ quần áo
- Máy giặt chung
 GIỜ GIẤC THOẢI MÁI, KHÔNG CHUNG CHỦ
 HỆ THỐNG THANG THOÁT HIỂM ĐẦY ĐỦ, AN TOÀN
 KHÓA VÂN TAY
 CỬA SỔ, BAN CÔNG THOÁNG",116666.66666666667,0.0035,very_small,under_1b
176061127,132370148,"MBKD Thọ Lão, Lò Đúc 80m2",13000000,80.0,Quận Hai Bà Trưng,Phường Đống Mác,Hà Nội,"Văn phòng, Mặt bằng kinh doanh",3.0,2 giờ trước,"Dự án: 
Thông tin chi tiết: Cho thuê mặt bằng KD VP – Thọ Lão, Lò Đúc, Hai Bà Trưng

Toà nhà có thang máy, vị trí thuận tiện, gần trường học, chợ, khu trung tâm, giao thông đi lại dễ dàng.
 • Diện tích: 80m² / tầng
 • Thiết kế: Thông sàn, dễ bố trí
 • Phù hợp: Văn phòng, lớp học, spa, bán hàng online, kho hàng…

📞 Liên hệ: Quang",162500.0,0.013,medium,under_1b
176060992,132370025,GIÁ RẺ ! SỔ ĐỎ ! CHUNG CƯ H2 NGUYỄN TRÃI_THƯỢNG ĐÌNH_NGÃ TƯ SỞ,1450000000,52.0,Quận Thanh Xuân,Phường Thượng Đình,Hà Nội,Căn hộ/Chung cư,2.0,2 giờ trước,"Chính chủ - bán chung cư giá rẻ H2 Nguyễn Trãi - Thượng Đình - Ngã Tư Sở - Thanh Xuân

PCCC hiện đại theo tiêu chuẩn. Full nội thất.

Căn hộ gần nhiều trường học - siêu thị - chợ - đầy đủ tiện nghi - nội thất cơ bản đầy đủ.

Tòa nhà thiết kế tầng 1 để xe, có đầy đủ hệ thống phòng cháy chữa cháy tự động, an ninh tòa nhà bảo vệ chuyên nghiệp.

Sổ hồng sở hữu vĩnh viễn, căn hộ thiết kế 2 phòng ngủ đẹp.

Liên hệ trực tiếp Trường chủ đầu tư xây dựng để mua nhà giá gốc ***Đã sao chép.

Add zalo để nhận video căn hộ. (Lưu ý miễn môi giới trung gian).",27884615.384615384,1.45,small,1_3b
176062041,132370922,"Cho thuê vp phố An trạch, đống đa,hà nội,dtsd 75m2,thông sàn",17000000,75.0,Quận Đống Đa,Phường Cát Linh,Hà Nội,"Văn phòng, Mặt bằng kinh doanh",3.0,1 giờ trước,"Cho thuê văn phòng phố An trạch, đống đa,hà nội,dtsd 75m2,thông sàn,giá 17tr/tháng 
-Tòa nhà có dt 150m2 x 9 tầng, có hầm , có thang máy, đèn điện điều hòa âm trần, trần thạch cao, cửa kính, thiết bị chiếu sáng đầy đủ , có bảo vệ 24/24,hệ thống máy phát điện, hệ thống PCCC
- phù hợp làm văn phòng,trung tâm dậy học,công nghệ,spa,thời trang, vp ol …. 
-trống tầng 6, dtsd 75m2,thông sàn,giá 17tr/tháng ( bao thuế và bao phí dịch vụ ) 
-Phí dịch vụ gồm: điện hành lang, phí thang máy, bảo vệ, trông xe, vệ sinh chung tòa nhà 
-Xe máy miễn phí từ 5 – 20 xe máy dưới hầm 
",226666.66666666666,0.017,medium,under_1b
176061394,132370538,TẬP THỂ 1.2 TỶ HAI BÀ TRƯNG,1200000000,25.0,Quận Hai Bà Trưng,Phường Quỳnh Mai,Hà Nội,Căn hộ/Chung cư,1.0,2 giờ trước,"Dự án: 
Thông tin chi tiết: TẬP THỂ HAI BÀ TRƯNG CHỈ 1.2 TỶ
Hà Nội quy hoạch chằng chịt, mua nhà đâu cũng bất an. Tập thể dù lâu năm nhưng muôn đời vẫn ở đó, là một trong nét đẹp Hà Nội
E có căn TT 8/3 Hai Bà Trưng, gần bv Thanh Nhàn, các trường đại học bách khoa, kinh tế, kinh công...Time City. DT25m đủ công năng phù hợp gia đình nhỏ, hoặc nhóm sinh viên. Ban công dài cực thoáng mát
oto đỗ cầu thang. Mua bán Vi bằng. 
Liên hệ CC : *** Tuyết",48000000.0,1.2,very_small,1_3b
176061402,132370412,"Cho thuê chung cư Mipec Long Biên, full đồ, tiện ích 5 sao, view sông",14000000,78.0,Quận Long Biên,Phường Ngọc Thụy,Hà Nội,Căn hộ/Chung cư,2.0,2 giờ trước," CHO THUÊ CHUNG CƯ CAO CẤP MIPEC - 2PN , 2WC - FULL NỘI THẤT - TIỆN ÍCH 5 SAO - VIEW SÔNG , CẦU CHƯƠNG DƯƠNG - CÓ SLOT Ô TÔ - 5P SANG PHỐ CỔ !
+TK : Chung cư 2 ngủ , 2 WC , 2 logia. 
+ Nội thất : 3 điều hoà , 2 nóng lạnh , sofa , bàn ăn , bếp từ , tủ bếp , 2 bộ giường tủ , máy giặt , tủ lạnh … 
+ Điện nước giá dân .
LH ngay để xem nhà trực tiếp",179487.1794871795,0.014,medium,under_1b
175921392,132268525,Cho thuê mặt bằng kinh doanh đẹp Trần Tử Bình,10000000,30.0,Quận Cầu Giấy,Phường Nghĩa Tân,Hà Nội,"Văn phòng, Mặt bằng kinh doanh",3.0,30 phút trước,"Cho thuê mặt bằng tầng 1 hoặc tầng 1 + tầng 2 , mỗi tầng đều có công trình phụ riêng , nóng lạnh đầy đủ, mặt phố Trần Tử Bình, có thể để đc ô tô ở đối diện mặt bằng. Tầng 1 có gác lửng ( trần cao 2m ). Mặt bằng dối diện cổng sau trường cao đẳng sư phạm mẫu giáo trung ương , thuận tiện kinh doanh mọi nghành nghề. Hiện tại mặt bằng đang kinh doanh quán cơm do gia đình có việc nên muốn cho thuê lại , ai có thiện chí có thể cho mượn bàn ghế , tủ mát và tủ đông 2 ngăn. Ai có thiện chí gọi sdt *** hoặc liên zalo số trên. GIÁ THUÊ CẢ 2 TẦNG 14TR
Thanh toán 3 tháng cọc 1 tháng.",333333.3333333333,0.01,very_small,under_1b
176061544,132370544,485m thổ cư - 23tr met - hoà thạch phú cát - cách hà nội 30km,11500000000,485.0,Huyện Quốc Oai,Xã Hòa Thạch,Hà Nội,Đất,3.0,2 giờ trước,"Dự án: 
Thông tin chi tiết: Cách hà nội 30km- 23tr/ mét - hà ***
Siêu rẻ hiếm",23711340.206185568,11.5,very_large,over_10b
176061899,132370802,"Cho thuê vp phố đường bưởi,ba đình,hà nội,55m2,full đồ,thông sàn,",7500000,55.0,Quận Tây Hồ,Phường Bưởi,Hà Nội,"Văn phòng, Mặt bằng kinh doanh",3.0,2 giờ trước,"Cho thuê vp phố đường bưởi,ba đình,hà nội,55m2,full đồ,thông sàn,giá 7,5tr/tháng 
-Toà nhà có dt xây dựng 70m2 x 7 tầng + 1 hầm mặt tiền 5m2,,nhà mới xây 
-Toà nhà có thang máy, trần thạch cao, điều hoà âm trần , đèn điện chiếu sáng đầy đủ 
- Trang bị đầy đủ PCCC, đỗ oto trước cửa ngày đêm thoải mái 
- các tầng thông sàn
- điều hòa âm trần các tầng
- Mỗi tầng 1 nhà wc 
- Trống tầng 3 dtsd 55m2,thông sàn, giá 7,5tr/tháng 
 - Phù hợp là vp,trung tâm tiếng anh,đào tạo, công nghệ, phòng phám, spa.. .vp ol 
",136363.63636363635,0.0075,small,under_1b
176061406,132370420,Tôi muốn thuê nhà chính chủ ai có thì liên hệ ạ ,11000000,200.0,Huyện Đông Anh,Thị trấn Đông Anh,Hà Nội,Nhà ở,3.0,2 giờ trước,Tôi cần thuê nhà chính chủ ai có nhắn giúp mình ạ ,55000.0,0.011,large,under_1b
172875438,129628407,tôi chính chủ bán nhà 5 tầng mới phố cổ quận Long biên,9000000000,35.0,Quận Long Biên,Phường Ngọc Lâm,Hà Nội,Nhà ở,3.0,1 giờ trước,Tôi chính chủ bán nhà 5tầng xây mới. Nhà lằm vị trí phố cổ quận Long biên.  Diện tích 35m mặt tiền 3m30      Hướng Tây nam  đường trước nhà 4m  nhà cách phố ngọc lâm 100m ngõ vào nhà ô tô đi thoải mái khu dân trí cao tiện ích thuận tiện nhà xây cho con gái ở nên thiết kế đẹp và lắp nội thất xịn,257142857.14285713,9.0,small,5_10b
176062498,132371322,Nhà KĐT Định Công Hoàng Mai 90m2x6 tầng Thang Máy - Xây mới chỉ 32 tỷ,32000000000,90.0,Quận Hoàng Mai,Phường Định Công,Hà Nội,Nhà ở,8.0,41 phút trước,"#ĐỊNH_CÔNG - #HOÀNG_MAI - KĐT VÍP - #XÂY_MỚI - #THANG_MÁY.
Nhà nằm trong khu đô thị Định Công - Vip nhất Quận Hoàng Mai.

👉 DT 90m2 - 6 tầng mặt tiền rộng - sổ vuông đẹp - phân lô sẵn sàng giao dịch.

🎯Vị trí cực đẹp - phân lô - ô tô tránh

Thiết kế hiện đại  4p ngủ rộng khép kín.

Gia chào loanh quanh 30 ty!!!

LH: em để đi xem nhà",355555555.5555556,32.0,medium,over_10b
176062723,132371452,Cho thuê nhà Riêng 3 Tầng Ngõ rộng giá Hợp lý,8000000,27.0,Quận Hoàng Mai,Phường Hoàng Văn Thụ,Hà Nội,Nhà ở,3.0,24 phút trước,"Cần cho thuê nhà riêng 3 tầng Mb 27m2 tại Ngõ 297 đường Hoàng mai khu An Ninh tốt Nhà thoáng đãng nhiều Cây Xanh sinh khí cao.. 
Cạnh KĐT Đền Lừ và Công Viên Hồ Đề Lừ. Gần Chợ Đầu Mối Phía Nam, Gần các TRường ĐH lớn BK, Xây Dụng KTQD   khoảng 2,3km. 
Nhà thích hợp để ở ,VP, cho gia đình nhỏ ....
Liên hệ A.Thi, C.Thủy",296296.2962962963,0.008,very_small,under_1b
174974320,131440641,"Bán CCMN Vũ Tông Phan, Thanh Xuân- 1ngủ thoáng giá rẻ, tặng full đồ",1485000000,33.0,Quận Thanh Xuân,Phường Khương Đình,Hà Nội,Căn hộ/Chung cư,1.0,10 giờ trước,"Dự án: 
Thông tin chi tiết: 🤝 Bán CCMN Giá Rẻ ,full nội thất mới đẹp, Tầng 6/9 thoáng đãng. Tặng Full Nội Thất

✅ Khu vực Vũ Tông Phan, Thanh Xuân, nhiều trường đh. Tiện ích đầy đủ xung quanh

✅ Dt 33m 1ngủ 1wc 1ban công. Thiết kế đầy đủ công năng

+ Gia đình nhỏ hay mua cho con đi học đi làm, cho thuê rất ok

+ Tặng full đồ nội thất xinh cho gia đình vào ở ngay

+ Toà thang máy, bảo vệ 24/24. Pccc đầy đủ

+ Mua bán nhanh gọn sang tên vi bằng

🤝 Giá thiện chí 1,xx tỷ có tl cho khách thiện chí

☎️ Call *** để xem nhà lấy video và tham khảo nhiều căn hộ tại HN #ccmnhanoi #chungcugiare #chungcuminihanoi #chungcuminihanoidep #banchungcuminihanoi",45000000.0,1.485,small,1_3b
172787228,129552395,"CHO THUÊ VĂN PHÒNG DIỆN TÍCH LÊN ĐẾN 200M2 TẠI MIPEC TÂY SƠN, ĐỐNG ĐA",40000000,200.0,Quận Đống Đa,Phường Trung Liệt,Hà Nội,"Văn phòng, Mặt bằng kinh doanh",3.0,13 giờ trước,"CHO THUÊ VĂN PHÒNG TẠI MIPEC TÂY SƠN, ĐỐNG ĐA
Vị trí: Tầng 12  Khu văn phòng, Mipec Tower Tây Sơn
Diện tích: 100 - 150 - 200m²
Bàn giao: vào được luôn
Bao phí dịch vụ, điện nước,..
Giá thuê ưu đãi từ 40tr/tháng

Hình thức thuê:
 Sàn thô riêng truyền thống
 - Bàn giao: điều hòa, trần  tường  sàn hoàn thiện, vách kính
 - Phù hợp doanh nghiệp cần thiết kế theo nhận diện thương hiệu

Lợi thế vị trí Mipec Tây Sơn
 - Trung tâm quận Đống Đa
 - Kết nối nhanh: Tây Sơn  Chùa Bộc  Nguyễn Trãi  Trường Chinh
 - Tòa nhà văn phòng hạng B, tiện ích đồng bộ
------------------------------
ASA COWORKING SPACE:
Địa chỉ: Tầng 12, Khu văn phòng, toà Mipec Tower 229 Tây Sơn, Hà Nội
Website: ***",200000.0,0.04,large,under_1b
174599636,131123218,Phòng Trọ Khép Kín 20m2 tại Louis City Hoàng mai,3000000,20.0,Quận Hoàng Mai,Phường Mai Động,Hà Nội,Phòng trọ,3.0,10 giờ trước,"Phòng trọ khép kín tại Louis Cty Hoàng Mai gần Bắc - Kinh - Xây, nhà mới hoàn thiện nội thất đầy đủ , máy giặt, điều hoà , nóng lạnh, cửa khoá vân tay, giờ giấc tự do, chính chủ",150000.0,0.003,very_small,under_1b
173220370,129927192,"Chính Chủ Cho Thuê Văn Phòng, Số 1/23 Lê Văn Lương, Thanh Xuân, Hà Nội",25000000,120.0,Quận Thanh Xuân,Phường Nhân Chính,Hà Nội,"Văn phòng, Mặt bằng kinh doanh",3.0,11 giờ trước,"Tòa Nhà văn phòng chuyên nghiệp, Gồm 6 tầng nổi và 1 tầng hầm, làm việc 24/24h Sàn rộng 120m/01 tầng, sạch đẹp, Thoáng mát thích hợp làm văn phòng công ty, 
đường trước mặt rộng 50m, có vỉa hè và công viên lớn bên cạnh, ô tô đi lại tránh nhau dừng đỗ thoải mái, Ô tô vào tận nhà, có chỗ để ô tô
Tòa nhà nằm ngay trung tâm đắc địa, bên cạnh toàn nhà Star city và rất nhiều tòa nhà văn phòng và chung cư lớn, đông người, gần chợ, gần nhiều trường học… 
Rất thuận lợi để mở văn phòng công ty, mở văn phòng đại diện, mở chi nhánh…. Nâng tầm giá trị Doanh nghiệp khi có một văn phòng tại tòa nhà.
Tòa nhà miễn phí bảo vệ an ninh, lễ tân, tạp vụ… Có cơ hội hợp tác đầu tư startup phát triển kinh doanh và cơ hội miễn phí được đào tạo kinh doanh và marketting miễn phí trong hệ sinh thái BIGWIN
địa chỉ: số 23, Lê Văn Lương, Thanh Xuân, Hà Nội
Giá rẻ: 25 triệu/tháng,(giá cũ 30 triệu) rộng 120m2, điều hòa, wc, nước nóng…
CHú ý: có hoa hồng cho môi giới và ưu đãi lớn khi Liên hệ ngay: Mr Đại ***",208333.33333333334,0.025,large,under_1b
175928351,132255773,NHỈNH 2TỶ CÓ NHÀ MỚI DÂN XÂY -GẦN PHỐ -Ô TÔ QUA NHÀ,2700000000,61.0,Quận Hoàng Mai,Phường Định Công,Hà Nội,Nhà ở,3.0,13 giờ trước,"PHẢI THẬT NHANHHHH
NHỈNH Hai Tỷ CÓ NGAY NHÀ DÂN XÂY MỚI - THIẾT KẾ HIỆN ĐẠI SANG TRỌNG ,ĐẦY ĐỦ CÔNG NĂNG 

Vị trí : cách 500m ra phố Trần Hoà ,Gần bãi xe ô tô phí gửi xe rất rẻ 
Chủ thiện trí tặng nội thất cho gia chủ mới 
Ngõ thông các ngả ô tô đỗ cửa 
Liên hệ ngay : *** gặp chủ nhà 

(CAM KẾT KO QUY HOẠCH KO LỖI PHONG THUỶ )",44262295.08196721,2.7,medium,1_3b
175994921,132313118,Chuyển nhương căn 2n1wc tại Vinhomes Smart city,4600000000,55.0,Quận Nam Từ Liêm,Phường Tây Mỗ,Hà Nội,Căn hộ/Chung cư,2.0,9 giờ trước,"Căn hộ chung cư tại Vinhomes Smart City , là lựa chọn lý tưởng cho những ai tìm kiếm không gian sống hiện đại và tiện nghi. Với diện tích 55m², căn hộ được thiết kế thông minh, tối ưu hóa không gian sử dụng với đầy đủ nội thất.

- 2 phòng ngủ rộng rãi, thoáng mát
- 1 phòng tắm tiện nghi
- Hướng cửa chính Tây Nam, ban công Đông Bắc
- Nội thất đầy đủ với điều hòa, giường, tủ lạnh...
- Giá bán 4,6 tỷ VND

Căn hộ có pháp lý đầy đủ, mang lại sự yên tâm cho người sử dụng. Không chỉ là nơi ở, căn hộ còn mang đến lối sống tiện nghi với nhiều tiện ích xung quanh.

Gần trường học, gần chợ/siêu thị, có công viên
",83636363.63636364,4.6,small,3_5b
176049568,132360224,"Bán nhà bạch mai 9phòng ch thuê , dòng tiền ổn định",11800000000,54.0,Quận Hai Bà Trưng,Phường Bạch Mai,Hà Nội,Nhà ở,9.0,11 giờ trước,"Dự án: 
Thông tin chi tiết: Nhà 5tầng với 9phòng khép kín cho thuê , 
Gần các trường đại học bách-kinh -xây nhu cầu nhà ở rất cao . 
Chủ nhà đã trang bị pccc đầy đủ.
Sổ đỏ vuông đẹp",218518518.5185185,11.8,small,over_10b
176049598,132360229,Gia đình cần bán căn hộ Chung cư mini tại Trần Khát Chân,1350000000,44.0,Quận Hai Bà Trưng,Phường Thanh Nhàn,Hà Nội,Căn hộ/Chung cư,2.0,11 giờ trước,"Dự án: 
Thông tin chi tiết: Diện tích sử dụng 40m 
Hai phòng ngủ biệt lập
Một phòng khách + bếp
Một nhà vệ sinh
Nội thất đầy đủ
Gần ĐH Bách Khoa, Kinh tế Quốc Dân, Xây dựng
Gần BV Việt Đức, Bạch Mai, Phụ sản TW
Gần CV Thống Nhất, CV Võ Thị Sáu",30681818.181818184,1.35,small,1_3b
176051951,132362280,"Bán gấp 2 ngủ 52M Toà CT4 KĐT Xa La, Hà Đông - Đầy đủ nội thất",3390000000,52.0,Quận Hà Đông,Phường Phúc La,Hà Nội,Căn hộ/Chung cư,2.0,9 giờ trước,"Căn hộ tầng trung, thoáng. Sửa thành 2 ngủ thuận tiện toà CT4 Xa La, Hà Đông.
- Sổ đỏ chính chủ: 52.3 m2 (2 ngủ, 1wc, 1 ban công thoáng)
- Hướng cửa: Tây bắc. Ban công hướng: Đông nam
- Nội thất đầy đủ: trần thạch cao, hệ thống tủ bếp, sofa, bàn ghế ăn, giường tủ phòng ngủ..........
- giá bán: 3.3x tỷ (thương lượng mạnh)
Liên hệ xem nhà: *** (số chính có zalo) - ***",65192307.692307696,3.39,small,3_5b
176046739,132358185,CHẠM ĐÁY KẺO MẤT - NHÀ MỚI TINH THÁI THỊNH GIÁ CHẠM ĐÁY,9000000000,40.0,Quận Đống Đa,Phường Ngã Tư Sở,Hà Nội,Nhà ở,3.0,12 giờ trước,"💥🔥 CHẠM NGAY KẺO MẤT – NHÀ MỚI TINH THÁI THỊNH GIÁ CHẠM ĐÁY – HIẾM CÓ KHÓ TÌM – XEM LÀ CHỐT! 🚨🌟

💎 40M² - MẶT 4M - NHÀ 4 TẦNG MỚI KÍNH KOONG
🎯 GIÁ 9 T.Ỷ

Tầng 1: Phòng khách + Bếp + WC
Tầng 2: Phòng ngủ + WC
Tầng 3: Phòng ngủ + WC
Tầng 4: Phòng ngủ + Phòng thờ + Sân phơi

🌤 Nhà thoáng sáng, bố trí cực hợp lý – quá lý tưởng cho gia đình trẻ hoặc khách mua ở thực tại trung tâm Đống Đa.
🤝 Chủ nhà cực kỳ thiện chí, cần bán nhanh – giá đang rẻ nhất khu, cơ hội không có lần 2. Khách xem là chốt ngay trong ngày!

🧧 Sổ đỏ vuông đẹp – pháp lý chuẩn – không quy hoạch
☎️ Hàng đẹp – giá tốt – khách thật chỉ cần xem là chốt!
📞 Gọi ngay kẻo lỡ – nhà đẹp không chờ người chậm!
☎️ Liên hệ: *** xem nhà thực tế!
#thangmay #nhamoi #oto #dulich #dongda #thanhxuan",225000000.0,9.0,small,5_10b
176047159,132358189,chính chủ cho thuê nhà kim ngưu,13000000,60.0,Quận Hai Bà Trưng,Phường Thanh Nhàn,Hà Nội,Nhà ở,4.0,12 giờ trước,"Dự án: 
Thông tin chi tiết: Cần cho thuê nhà nguyên căn tại kim ngưu diện tích 60m xây dựng 4 tầng có 4 phòng ngủ nội thất dh nl giường tủ 
Phù hợp để ở gd hoặc nhóm bạn, lớp học 
Không chdv 
Liên hệ chính chủ có zalo",216666.66666666666,0.013,small,under_1b
176054331,132364346,Chính chủ bán đất tặng nhà cấp 4 - Ngọc Trục Đại Mỗ,6300000000,38.0,Quận Nam Từ Liêm,Phường Đại Mỗ,Hà Nội,Nhà ở,2.0,8 giờ trước,"Chính chủ bán căn nhà cấp 4 đang cho thuê tại Đường Ngọc Trục, Phường Đại Mỗ, Hà Nội.
Diện tích sổ hồng 38m², thực tế sử dụng hơn 45m²; hướng Đông Nam thoáng mát, ngay sát cầu Mỗ Lao. Gần đường Bạch thành phong đã hiện hữu và đường Vũ trọng Khánh kéo dài sắp thi công.
Nhà rất gần chợ và hệ thống trường từ mầm non đến cấp 3 - bán kính 0.5 đến 2.5km.
Căn nhà rất gần công viên cây xanh sắp khởi công, cách 35m.
Phân khúc cực ít người bán, mua về có thể ở luôn hoặc xây 6 tầng thang máy thì cực đẹp (phía sau đã xây nhà 7 tầng).
Quý khách đang tìm nhà tại Đại Mỗ thì không nên bỏ qua căn nhà này.
Kính mời liên hệ chính chủ số ĐT:***- a Trọng",165789473.68421054,6.3,small,5_10b
164909860,122746940,GÓC 2 MẶT THOÁNG - 7 TÂNG - KINH DOANH -  AEON MALL HÀ ĐÔNG,20800000000,60.0,Quận Hà Đông,Phường Dương Nội,Hà Nội,Nhà ở,10.0,12 giờ trước,"GÓC 2 MẶT THOÁNG - 7 TẦNG - THANG MÁY - KINH DOANH SIÊU HIẾM - CẠNH AEON MALL HÀ ĐÔNG 💎

📍 Vị trí đắc địa:
✅ Nhà lô góc 2 mặt thoáng, ngay cạnh cổng Trường Quốc tế Liên cấp 123.
✅ Đối diện TTTM Aeon Mall Hà Đông, gần Hồ Thiên Văn Học.
✅ Hưởng trọn tiện ích từ các KĐT mới Nam Cường, An Hưng.
✅ Sắp tới thông đường Lê Quang Đạo kéo dài, giao thông vô cùng thuận tiện.

🏠 Thiết kế hiện đại - Phù hợp mọi loại hình kinh doanh:

Tầng 1: Thông sàn kinh doanh, bếp, WC. Đã có hố chờ thang máy, khách mua chỉ cần lắp đặt.

Tầng 2,3,4,5,6: Tổng 10 phòng rộng + 5 WC.

Tầng 7: Tum, sân thượng thoáng mát.


💎 Lợi ích đầu tư:
🔹 Phù hợp nhiều loại hình kinh doanh: Văn phòng, phòng khám, nhà hàng, trung tâm dạy học...
🔹 Chủ đang tự kinh doanh, dòng tiền tốt.
🔹 Sổ đỏ chính chủ, vuông vắn, sẵn sàng giao dịch nhanh.

💰 Diện tích: 60m² – 7 tầng – Giá: 20,8 tỷ
📞 Liên hệ ngay: Nguyễn Quý Nhâm - ***",346666666.6666667,20.8,small,over_10b
175758531,132110409,"Căn hộ tiện ích vượng khí, an ninh tốt, đảm bảo PCCC, có thang máy",3300000,18.0,Quận Hoàng Mai,Phường Hoàng Văn Thụ,Hà Nội,Căn hộ/Chung cư,1.0,13 giờ trước,"CHO THUÊ CĂN HỘ DỊCH VỤ AN TOÀN PCCC – HOÀNG MAI, HÀ NỘI

Phù hợp cho sinh viên, người đi làm, nhân viên văn phòng hoặc cặp đôi trẻ có mức thu nhập ổn định, muốn tìm nơi ở sạch sẽ – an toàn – tiện nghi – giá hợp lý.

Tòa nhà tại số 2, ngõ 218 đường Hoàng Mai, Hà Nội đã được nghiệm thu PCCC bởi cơ quan Cảnh sát PCCC, có đầy đủ hệ thống an toàn: 2 lối thoát hiểm riêng biệt, báo cháy có dây, đầu báo nhiệt/khói, nút ấn khẩn cấp, tủ báo cháy trung tâm, bình chữa cháy, họng nước cứu hỏa, bể nước ngầm, biển chỉ dẫn và đèn thoát hiểm.

Bãi để xe được bố trí tách biệt khu ở, có cửa chống cháy – chống khói 60 phút, hạn chế cháy lan lên các tầng trên. Tòa nhà đã được tuyên truyền, huấn luyện kiến thức PCCC và kỹ năng thoát nạn theo quy định.

Tiện ích: thang máy, cửa khóa từ, camera 24/24, an ninh tốt, dân trí cao, không gian yên tĩnh. Ô tô 7 chỗ vào tận cửa, gần đường lớn, chợ và chợ đầu mối.

Phòng 18m² khép kín, đã có giường tủ mới, điều hòa, bình nóng lạnh, rèm cửa, đồng hồ điện nước riêng. Có máy giặt tự động, chỗ để xe, nhà hướng Đông Nam thoáng mát.

Giá thuê: 3.300.000đ/phòng/tháng, ở tối đa 2 người.
Hợp đồng lâu dài, không tăng giá. Chính chủ cho thuê, không qua trung gian.

Hiện chỉ còn 2/20 phòng
Liên hệ ngay: *** để xem phòng và giữ chỗ!
",183333.33333333334,0.0033,very_small,under_1b
175329134,131741774,Chào bán nhanh căn Studio 32 m2 tòa Imperia 2 Vinhomes Smart City,3000000000,32.0,Quận Nam Từ Liêm,Phường Tây Mỗ,Hà Nội,Căn hộ/Chung cư,1.0,14 giờ trước,"Chính chủ cần bán nhanh căn Studio 32 m2, đồ cơ bản có tủ bếp...
tầng 3 phù hợp mua đầu tư hoặc kinh doanh...
View nội khu
giá hiện tại *** trên thị trường
vui lòng liên hệ để xem nhà
có thương lượng cho khách thiện trí",93750000.0,3.0,small,1_3b
175873674,132208719,"Cho thuê nhà mới 100% – KD/VP/Studio, thang máy, ô tô tận cửa",35000000,50.0,Quận Hai Bà Trưng,Phường Bạch Mai,Hà Nội,Nhà ở,4.0,10 giờ trước,"CHO THUÊ NHÀ MỚI 100% – CÁCH HOÀN KIẾM 5–10 PHÚT – PHÙ HỢP KINH DOANH / VĂN PHÒNG / STUDIO
Chính chủ cho thuê các tầng trong nhà mới xây hoàn toàn, thiết kế hiện đại, tối ưu cho kinh doanh và làm việc chuyên nghiệp. Vị trí đắc địa khu vực trung tâm, chỉ 5–10 phút di chuyển đến Hồ Hoàn Kiếm.
Vị trí cực thuận tiện

Ngõ rộng 5m, ô tô vào tận cửa
Ngõ nông, thông 2 đầu từ Kim Ngưu sang Thanh Nhàn
Cách Hồ Hoàn Kiếm chỉ 5–10 phút, trung tâm thành phố
Giao thông thuận lợi, dễ tìm, dễ tiếp cận khách hàng

Thông tin chi tiết

Nhà 7 tầng, mới xây 100%, cực kỳ sạch đẹp
Có thang máy, di chuyển thuận tiện
Diện tích 50m² / sàn
Mỗi tầng đều có công trình phụ riêng

Hiện đang cho thuê:

Tầng 1 + tầng lửng
Tầng 2
Tầng 3

Phù hợp nhất cho:

Văn phòng công ty
Shop quần áo / showroom
Studio quay video, livestream, bán hàng online
Lớp học, đào tạo kỹ năng

✅ Không gian mới, đẹp, dễ setup – vào là dùng ngay, không cần sửa chữa
📞 Liên hệ chính chủ (Zalo): ***",700000.0,0.035,small,under_1b
176011573,132327504,Khai trương nhà đẹp miễn chê ngay mặt phố Trịnh Văn Bô - CĐ FPT,3900000,25.0,Quận Nam Từ Liêm,Phường Xuân Phương,Hà Nội,Căn hộ/Chung cư,1.0,12 giờ trước,"Dự án: 
Thông tin chi tiết: 🏬 KHAI TRƯƠNG CCMN Xuân Phương – studio full nội thất đồng giá 3tr9
📍ngõ 143/45/67 Xuân Phương, Nam Từ Liêm – ô tô cách nhà 100m
✨ 100% phòng có ban công/cửa thoáng, thang máy, máy giặt, PCCC đầy đủ
💰 HĐ 12 tháng cọc 1 | Điện giá NN | DV 150k/ng 📞",156000.0,0.0039,very_small,under_1b
174673906,131186773,Nhà bán,1700000000,23.0,Quận Thanh Xuân,Phường Khương Đình,Hà Nội,Nhà ở,2.0,13 giờ trước,Nhà 15m tới đương ôtô ngõ thông 200m ra đường vũ tông phan,73913043.47826087,1.7,very_small,1_3b
171502881,128454745,"HOA HẬU PHỐ TÂY TRÀ, 5 TẦNG CAO CẤP, CHỈ 6 TỶ",6000000000,30.0,Quận Hoàng Mai,Phường Vĩnh Hưng,Hà Nội,Nhà ở,3.0,13 giờ trước,"Nhà cách phố 10m ô tô đỗ.
Nhà xây chắc chắn, không quy hoạch, không tranh chấp
5 tầng full công năng, đồ siêu xịn mịn
Bán kính 1km trường cấp 1 2 3, đại học có đủ
900m đến Đa Khoa Lĩnh Nam vô cùng thuận tiện cho gia đình có ng già, trẻ em
Chủ chỉ việc xách vali về an cư. Mọi việc đã có em lo
Gọi e Thuận chính chủ",200000000.0,6.0,very_small,5_10b
176054404,132364379,Ô TÔ đỗ phố Bạch Mai nhà đẹp 41m2 x4T có ô chờ thang máy dân xây giá 7,7600000000,41.0,Quận Hai Bà Trưng,Phường Bạch Mai,Hà Nội,Nhà ở,3.0,8 giờ trước,"Dự án: 
Thông tin chi tiết: NGÕ RỘNG THOÁNG CỰC ĐẸP - THÔNG TỨ TUNG - DÂN TRÍ CAO - GẦN TRƯỜNG GẦN CHỢ - TIỆN ÍCH 

Ô TÔ đỗ phố Bạch Mai nhà đẹp 41m2 x4T có ô chờ thang máy dân xây giá 7.6 tỷ sổ CC có TL

+ thiết kế :
- tầng 1 : khách bếp vs
- tầng 2 : 1 phòng rộng
- tầng 3 : 1 phòng + sân phơi
- tầng 4 tum
+ vị trí :
- cách phố Bạch Mai hợn 50m , 2 ngoặt vào nhà

+ pháp lý: - sổ vuông đẹp - chủ gửi NH cho mới
LH Tú *** để xem nhà 24/7",185365853.65853658,7.6,small,5_10b
176052072,132362333,Thuê phòng tại ngõ 179/187 vĩnh hưng,3000000,25.0,Quận Hoàng Mai,Phường Vĩnh Hưng,Hà Nội,Phòng trọ,3.0,9 giờ trước,"Dự án: 
Thông tin chi tiết: Phòng tầng 1, đầy đủ đh , nl , giường , tủ 
Kệ bếp
Vskk Pccc đầy đủ 
Zalo : ***",120000.0,0.003,very_small,under_1b
175820591,132163678,"khai trương CCMN 25m2 Full đồ, máy giặt riêng tại Khương Thượng",4800000,25.0,Quận Đống Đa,Phường Khương Thượng,Hà Nội,Căn hộ/Chung cư,1.0,14 giờ trước,"🌿🌻 Bóc tem CCMN 25m2 Full đồ. Máy giặt riêng 
🏠 Địa chỉ: Ngõ 191 Khương Thượng- đống đa

(Đi từ ngõ 390 Trường Chinh rẽ phải vào tới nhà)

💰 Giá thuê: 4.8tr -5tr -5.6tr 

🌟 Ưu điểm:
Nhà mới khai trương, phòng mới đẹp sạch sẽ
Phù hợp ở hộ gia đình nhỏ, nhóm bạn hoặc cặp đôi
Khu dân cư an ninh, thuận tiện di chuyển

⚡ dịch vụ:
- Điện: 4.000đ/số
- Nước: 35.000đ/m³
- Internet: 100.000đ/phòng
- Dịch vụ chung: 150.000đ/người
- Xe thứ 2: 100.000đ/xe
- Máy sấy chung tầng thượng (đang hoàn thiện, sẽ cập nhật giá sau)

📌 Quy định:
- Hợp đồng 12 tháng
- Tối đa 3 người/phòng
-Tối đa 3 xe/phòng
- Không nhận khách nước ngoài
- Không nhận nuôi chó (có thể nuôi mèo 🐱)",192000.0,0.0048,very_small,under_1b
141054917,102406246,CĂN HỘ 1K1N FULL ĐỒ SỐ 10 LA THÀNH NHỎ 48M2,7500000,48.0,Quận Đống Đa,Phường Phương Liên,Hà Nội,Căn hộ/Chung cư,1.0,12 giờ trước,"Tòa nhà 9 tầng tại số 18 phố Đê La Thành nhỏ - P. Phương Liên vào ở được luôn.
- Nhà mặt đường phố Đê La Thành nhỏ, đường vào rộng, 2 tô con tránh nhau, ngay ngã tư Ô Chợ Dừa và Xã Đàn rất thuận tiện cho việc đi lại, sinh hoạt, vui chơi, giải trí. Lên phố cổ cũng gần, trung tâm thương mại ngay sát.
- Căn hộ rộng được lát sàn gỗ, căn nào cũng có cửa sổ rộng, ban công phơi đồ riêng biệt. Các phòng được thiết kế hết sức hợp lý:
+ Loại 1: Gồm 1 phòng ngủ, 1 phòng khách và bếp.
+ Giá cho thuê: 7.500.000 -8.000.000 đ/căn/tháng . DT các phòng 48m2.
- giá thuê theo ngày 400.000 đ/ ngày, dọn phòng hàng ngày.
- Mỗi phòng được trang bị điều hòa 2 chiều, giường, tủ quần áo, bộ bàn ghế, cửa sổ có rèm cản nắng cực đẹp, trần thạch cao, đèn ngủ đủ cả, bàn bếp xịn, bàn ăn, hút mùi, bồn rửa bát xịn, sàn gỗ cao cấp.
- Khu bếp có bàn bếp, tủ bếp, tủ lạnh, hút mùi, đầy đủ ánh sáng, gió và không khí vào phòng.
- Nhà vệ sinh có thiết bị vệ sinh Inax cao cấp, bình nóng lạnh, ốp lát gạch Prime sang trọng hiện đại.
- Tòa nhà trang bị thang máy cao cấp, máy giặt, truyền hình cáp miễn phí, mỗi căn hộ được cấp thẻ từ thang máy riêng.
- Tòa nhà có bảo vệ 24/24 nên an ninh cực ổn, ra vào thoải mái, nhà để xe rộng rãi gần 300m2.
-thích hợp làm văn phòng, spa, siêu thị...
+ Địa chỉ: Số nhà 18 Đê La Thành nhỏ - P.ô chợ dừa - Đống Đa.",156250.0,0.0075,small,under_1b
176004417,132321392,cho thuê phòng hoàng công chất ,3700000,20.0,Quận Nam Từ Liêm,Phường Mỹ Đình 2,Hà Nội,Phòng trọ,3.0,12 giờ trước,"🚨🚨PHÒNG GIÁ SV 1TR6-- 3TR5 -6TR🚨🚨👏👏
Đ/C : Khu vực TRẦN BÌNH - MĨ ĐÌNH - DƯƠNG KHUÊ- HỒ TÙNG MẬU - HOANG CÔNG CHẤT 

($) chi phí sử dụng dịch vụ 
Điện 4k/kw ...Nước 120k/1N 
...wifi 100k/p
Phòng có đầy đủ giường tủ nóng lạnh máy giặt điều hòa
Hệ thống PCCC Lối Thoát Hiểm ĐẢM BẢO AN TOÀN 
( phòng chính chủ. Không chung chủ. Giờ giấc tự do đi lại . Ở đc luôn )
Khu vực an ninh tốt rất chi là đảm bảo 
==》Mọi người có nhu cầu thuê phòng nhắn tin Zalo ☎️☎️☎️  ☎️☎️☎️gọi để xem phòng trực tiếp",185000.0,0.0037,very_small,under_1b
176001718,132319353,"Cho thuê Cửa hàng , Siêu thị , Kinh doanh thương mại văn phòng",70000000,500.0,Quận Long Biên,Phường Bồ Đề,Hà Nội,"Văn phòng, Mặt bằng kinh doanh",3.0,9 giờ trước,"Phù hợp loại hình kinh doanh thương mại , Văn phòng, Siêu thị , phòng khám , nhà thuốc, trung tâm giáo dục ....Vị trí đẹp chân toà nhà chung cư , khu vực trung tâm dân cư đông giao thông thuận tiện, có hầm và sân để xe rộng rãi dễ tiếp cận .",140000.0,0.07,very_large,under_1b
174769551,131268735,cho thuê phòng,2800000,18.0,Quận Đống Đa,Phường Trung Liệt,Hà Nội,Phòng trọ,3.0,25 phút trước,"Nhà mình còn trống 01 phòng *** tại tầng 4, khu vực trung tâm phố Thái Hà, Đống Đa. Ưu tiên các bạn đi làm, đi học lối sống văn minh, sạch sẽ.
​✅ TIỆN NGHI ĐẦY ĐỦ (Chỉ việc xách vali về ở):
​Diện tích: 18m2, thoáng mát, sạch sẽ.
​Nội thất: Đã có sẵn Điều hòa, Quạt trần, Tủ quần áo, Giường đệm, Bình nóng lạnh.
​Vệ sinh: Ngay cạnh cửa phòng, cực kỳ thuận tiện và riêng tư.
​Chỗ để xe: Tầng 1 rộng rãi, không giới hạn số lượng và thời gian đi lại (về lúc nào cũng được).
​📍 VỊ TRÍ ĐẮC ĐỊA:
​Ngõ rộng, ô tô vào tận cửa, cực tiện gọi xe hay vận chuyển đồ đạc.
​Thông tứ phía: Thái Hà, Nguyễn Văn Tuyết, Thái Thịnh, Ngã Tư Sở, Hoàng Cầu...
​Gần chợ, gần các trường đại học lớn, tiện ích xung quanh không thiếu thứ gì.
​💰 CHI PHÍ MINH BẠCH:
​Điện: 4k/số.
​Nước: 100k/người.
Giá thuê 2.800k
​Ưu tiên: 1 người - 1 xe (có thể ở 2 người - 1 xe).
(Hữu duyên gặp các bạn thiện chí, qua xem là ưng ngay!",155555.55555555556,0.0028,very_small,under_1b
175388418,131793039,"Bán mảnh đất sát chợ, kinh doanh sầm uất",10500000000,48.0,Quận Bắc Từ Liêm,Phường Phú Diễn,Hà Nội,Đất,3.0,14 giờ trước,"Dự án: 
Thông tin chi tiết: Lô góc, vuông vắn, sát chợ, gần hồ, ngõ oto, 3 bước chân là chợ sầm uất, full tiện ích",218750000.0,10.5,small,over_10b
176049701,132360336,CHO THUÊ NHÀ NGUYÊN CĂN CỔ LINH 45m– THANG MÁY– GIÁ CHỈ 22TR,22000000,45.0,Quận Long Biên,Phường Thạch Bàn,Hà Nội,"Văn phòng, Mặt bằng kinh doanh",3.0,11 giờ trước,"🏡 CHO THUÊ NHÀ NGUYÊN CĂN CỔ LINH – THANG MÁY – VỈA HÈ Ô TÔ TRÁNH – KD ĐỈNH 🔥
📍 DT 45m² x 5 tầng thang máy
🚗 Đường rộng, vỉa hè ô tô tránh nhau thoải mái
✔️ T1 thông sàn + WC
✔️ T2,3 mỗi tầng 1PN khép kín
✔️ T4 bếp + phòng thờ
✔️ T5 sân phơi rộng
✨ Phù hợp ở gia đình, spa, văn phòng, công ty, hiệu thuốc, trung tâm dạy học…
💰 Giá thuê: 22tr/tháng
📄 Cọc 1 đóng 3 – nhận nhà ngay.

........ Liên hệ ngay để đ𝐢 𝐱𝐞𝐦 𝟐𝟒/𝟕, và tư vấn miễn phí, làm việc 𝐜𝐡𝐢́𝐧𝐡 𝐜𝐡𝐮̉! ----- #batdongsanlongbien #muabannhadatlongbienOk ạ, em viết lại cho gọn – mượt – dễ chốt nhé 👌 #nhadatlongbien #BánNhà🔥 #BánĐất #LongBiên #ĐầuTư #BấtĐộngSản #BấtĐộngSảnHàNội #xuhuong ——————— ☎️☎️☎️ 𝐋𝐢𝐞̂𝐧 𝐡𝐞̣̂: Nguyễn Hoa Chuyên Bất Động Sản Long Biên / Kho Lớn Nhất / Nhanh Nhất/ Chuyên Nghiệp Nhất.",488888.8888888889,0.022,small,under_1b
176049727,132360341,"Ô tô đỗ cửa phố Tân Mai kinh doanh, dân xây 35m2 x5T giá 7.5 tỷ sổ CC",7800000000,35.0,Quận Hoàng Mai,Phường Tân Mai,Hà Nội,Nhà ở,3.0,11 giờ trước,"Dự án: 
Thông tin chi tiết: 💥 TÂN MAI – NHÀ ĐẸP 2 THOÁNG, Ô TÔ ĐỖ CỬA, KINH DOANH ĐỈNH 💥

Ô tô đỗ cửa phố Tân Mai kinh doanh, dân xây 35m2 x5T giá 7.5 tỷ sổ CC bao quy hoạch

🏡 35m² x 5 tầng – thiết kế hiện đại, ở ngay 🚗 Ô tô đỗ cửa, ngõ thông – kinh doanh online/offline cực tốt 🌬️ 2 thoáng sáng, phòng nào cũng tràn ánh sáng tự nhiên 📍 Vài bước ra chợ, trường học, tiện ích bạt ngàn quanh nhà
💰 Giá chỉ nhỉnh 7 tỷ – có thương lượng 📕 Sổ đỏ chính chủ, pháp lý chuẩn chỉnh
📞 Chốt nhanh kẻo lỡ căn đẹp khu Tân Mai! ***",222857142.85714287,7.8,small,5_10b
176035320,132348062,"Homestay Sóc Sơn 1700m2, đang kinh doanh, thu 60tr/tháng",13000000000,1685.0,Huyện Sóc Sơn,Xã Minh Trí,Hà Nội,Đất,3.0,9 giờ trước,"Cần bán gấp khu Resort (Homestay) tại Sóc Sơn.
Diện tích: 1700m2, 2 mặt tiền, rất thoáng.
Khu vực giao thông thuận tiện, hạ tầng phát triển mạnh.
Hiện trạng: Đang kinh doanh tốt, thu nhập đều 55-60 triệu/tháng.

Thiết kế: Hồ bơi, nhà riêng, 1 phòng ngủ tập thể cho 20 người, khu bếp + karaoke riêng. Sức chứa tổng 30 khách.
Sân vườn rộng rãi, đẹp.

Cách hồ Đồng Đò vài trăm mét.
Ưu điểm: Khu vực phát triển mạnh về du lịch nghỉ dưỡng, khách cuối tuần luôn kín lịch.

",7715133.53115727,13.0,very_large,over_10b
176056881,132366496,"TT Bùi Ngọc Dương ,duplex 90m2, 3 ngủ , view trường học cực thoáng",4100000000,90.0,Quận Hai Bà Trưng,Phường Quỳnh Lôi,Hà Nội,Căn hộ/Chung cư,3.0,7 giờ trước,"Dự án: 
Thông tin chi tiết: Gia đình cần nhượng lại căn tập thể hiếm có tại phố Bùi Ngọc Dương, Hai Bà Trưng. Thiết kế kiểu Duplex 2 tầng (Tầng 3+4) ở cực sướng như nhà mặt đất:
- Thông số vàng:
• Diện tích sử dụng: 90m2.
• Thiết kế 2 tầng:
• Tầng 1: Phòng khách rộng, bếp riêng biệt, 1 phòng ngủ và 1 WC.
• Tầng 2: 2 phòng ngủ yên tĩnh, 1 WC.
• Ban công cực rộng, view thoáng vĩnh viễn nhìn thẳng ra trường học, đón ánh sáng tự nhiên.
- Vị trí & Tiện ích:
• Tòa nhà thấp tầng (chỉ có 3 tầng), mật độ cực thưa (5 hộ/sàn), tòa còn rất mới và chắc chắn.
• Ngay sát UBND Phường nên an ninh tuyệt đối, yên tĩnh, dân trí cao.
• Dưới nhà có sân để xe rộng rãi, thuận tiện đi lại.
• Pháp lý: Sổ đỏ chính chủ, không dính quy hoạch, giao dịch ngay.
💰 Giá bán: 4.1 tỷ có TL
📞 Liên hệ em Hằng để đi xem nhà và cảm nhận không gian thực tế",45555555.55555555,4.1,medium,3_5b
175873782,132208802,Chính chủ bán CCMN 15/60 ngõ 328 Nguyễn Trãi - 65m2 - 2 Ngủ - 2.18 tỷ,2180000000,65.0,Quận Thanh Xuân,Phường Thanh Xuân Trung,Hà Nội,Căn hộ/Chung cư,2.0,12 giờ trước,"Gia đình chuyển đổi mục đích cần bán căn hộ CCMN - 65m2 - 2 Ngủ, tại ngõ 328 Nguyễn Trãi - Thanh Xuân.
+ Vị trí đắc địa, đối diện KĐT Masteri Cao- Xà- Lá đang xây dựng, tương lai rạng ngời. Gần ĐH KHTN-NV chỉ 500m. Thích hợp hộ gia đình nhỏ hoặc Sinh viên .
+ Dòng tiền đang cho thuê hàng tháng 8tr/tháng
+ Nhà tầng 6 thoáng 3 bên, thang máy mới xịn sò chạy vù vù.
+ Ưu điểm nữa có sổ hồng riêng (Đồng sở hữu) - Mua bán Vi bằng
Liên hệ chính chủ để mua bán giao dịch",33538461.53846154,2.18,medium,1_3b
175173901,131608739,"[Chính chủ] Phòng 20m2, đường Nguyễn Khang, Yên Hoà, Q. Cầu Giấy",3200000,20.0,Quận Cầu Giấy,Phường Yên Hoà,Hà Nội,Phòng trọ,3.0,8 giờ trước,"Nhà chính chủ cho thuê phòng ở vị trí tốt, khá gần mặt đường lớn, đi lại thuận tiện, có sẵn đồ đạc cơ bản, ở được ngay.
 -  Địa chỉ:  Số nhà 16 - ngõ 9, đường Nguyễn Khang, phường Yên Hoà, Cầu Giấy, Hà Nội.
-   Diện tích:  20m2 + 20m2 (phòng ở tầng 3 và tầng 4 --- không có thang máy).
 -  Giá phòng:  3tr2 / tháng
  -  Đủ đồ:  Điều hòa + Bình nóng lạnh + Máy giặt + Máy nước nóng năng lượng mặt trời + Giường bàn ghế gỗ + Tủ gỗ lớn + kệ treo quần áo...
 -  Khu nấu nướng, ăn uống, sân phơi rộng-thoáng ở tầng 5. Chỗ để xe rộng rãi ở tầng 1. Đảm bảo an toàn phòng cháy chữa cháy.
 -  Phòng vệ sinh chung, rộng rãi (đã có người dọn dẹp sạch sẽ). 
 -  Giờ giấc sinh hoạt thoải mái.
 -  An ninh tốt:  Nhà ở trong khu gần Lữ đoàn 205 và bộ tư lệnh Cảnh sát Cơ động.

 Thông tin liên hệ:
  -  Điện thoại/Zalo: *** (Vui lòng để lại tin nhắn zalo/sms nếu ko ai nghe máy, tôi sẽ gọi lại sớm nhất có thể).
  -  Có thể đến xem phòng trực tiếp vào hầu hết các giờ trong ngày.",160000.0,0.0032,very_small,under_1b
174483250,131023015,CHÍNH CHỦ CHO THUÊ PHÒNG 30M2 THANG MÁY - NGUYỄN NGỌC VŨ,4500000,30.0,Quận Cầu Giấy,Phường Trung Hoà,Hà Nội,Phòng trọ,3.0,6 giờ trước,"Mình hiện còn 1 phòng như hình và 1 phòng khác giá thấp hơn.
Nhà mình ngõ ô tô tải đỗ và quay đầu thoải mái. View thoáng đẹp. 
Cách hồ điều hòa 50m. Gần công viên.
Mời bạn qua tham khảo nhé.",150000.0,0.0045,very_small,under_1b
176004513,132321450,Bán nhà khu vực phố cổ,5800000000,34.5999,Quận Hoàn Kiếm,Phường Hàng Đào,Hà Nội,Căn hộ/Chung cư,1.0,8 giờ trước,"Cần sang lại căn hộ tầng 2, nhà khu vực phố cổ, phố Hàng Đào, cổng sau phố Đinh Liệt, gần chợ Hàng Bè, ngõ Gia Ngư. Nhà có kèm một kho nhỏ ở tầng 1 để xe gắn máy.  ",167630542.2848043,5.8,small,5_10b
176054339,132364462,CHÍNH CHỦ CHO THUÊ TOÀ NHÀ 220m2 MẶT PHỐ NGÔ GIA TỰ LONG BIÊN,36000000,220.0,Quận Long Biên,Phường Long Biên,Hà Nội,"Văn phòng, Mặt bằng kinh doanh",3.0,8 giờ trước,"🔥 CHO THUÊ TÒA NHÀ MẶT PHỐ NGÔ GIA TỰ 🔥
🏢 Vị trí: Mặt đường 2 chiều, kinh doanh sầm uất
🏗 Tòa nhà xây mới 100%, full thiết bị mới
🚇 2 thang máy + hầm để xe
🔥 PCCC thẩm duyệt đầy đủ
📐 Diện tích:
Tầng 1–2: 220m²/sàn
Tầng 3: 280m²
Có chia sàn nhỏ 220m² (giá từ 36tr/sàn)
💰 Giá thuê nguyên sàn: 130 triệu/tháng
📞 Liên hệ: ***",163636.36363636365,0.036,large,under_1b
176011704,132327602,BÁN NHÀ 3 NGỦ GẦN Ô TÔ PHƯỜNG  ĐỊNH CÔNG 34M  HƠN 8 TỶ.,8700000000,34.0,Quận Hoàng Mai,Phường Định Công,Hà Nội,Nhà ở,3.0,14 giờ trước,"BÁN NHÀ 3 NGỦ GẦN Ô TÔ PHƯỜNG  ĐỊNH CÔNG  (Hoàng Mai) 34M  HƠN 8 TỶ. 

💥Vị trí quá đẹp, ô tô rất gần, tiện ích ngập tràn, ngõ thông sang Lê Trọng Tấn , gần đường vành đai 2.5 tiềm năng tăng giá mạnh.

📌Xung quanh rất nhiều  trường mẫu giáo, cấp 1 ,cấp 2, bệnh viện,  siêu thị , chợ . Từ nhà di chuyển đi: 

Nguyễn Trãi, Đường Láng, Nguyễn Xiển, Khuất Duy Tiến, Trường Chinh, Linh Đàm , Giáp bát, Hà đông, Mỹ Đình, Lê Trọng Tấn…  và gần 20 trường ĐH lớn : Bách Khoa- Kinh Tế - Xây Dựng, Thuỷ lợi, Ngân Hàng, Công Đoàn, Thăng long, KHTN, KHXH, ĐHHN, Kiến Trúc…  đều rất gần và thuận tiện 🚒

📌 Nhà dân  xây kiên cố, tâm huyết, thông số lý tưởng, trang bị đầy đủ nội thất cao cấp chỉ việc xách vali về ở ngay.
Thiết kế : 
+Tầng 1: Phòng Khách  + Bếp + WC.
+Tầng 2,3,4: Mỗi tầng 1 Phòng Ngủ khép kín full đồ. Tổng 3 ngủ. 
+Tầng 5 : Phòng thờ  sân phơi.

🧧Sổ đỏ vuông vắn sẵn sàng giao dịch.

♦️ Gọi ngay em Chinh nhà đẹp *** xem nhà ưng ngay.",255882352.94117647,8.7,small,5_10b
176056787,132366518,"Cho thuê nhà 2 mặt đường Đông Tác, P.Kim Liên, Đống Đa, Hà Nội",65000000,270.0,Quận Đống Đa,Phường Kim Liên,Hà Nội,"Văn phòng, Mặt bằng kinh doanh",3.0,7 giờ trước,"⭐Chính chủ cho thuê nhà 2 mặt đường Đông Tác, P.Kim Liên, Đống Đa, Hà Nội, Liên hệ: ***

* Địa chỉ: Số 42 Đường ven sông Lừ (Đông Tác) ,P. Kim Liên, Q. Đống Đa, Hà Nội
* Diện tích: 270m², Mặt tiền 9m
- Nhà 2 mặt đường cực thoáng:
- 1 mặt phố đối diện sông Lừ (đường rộng ~7m)
- 1 mặt ngõ rộng ~3m
- Vỉa hè rộng, đỗ được nhiều ô tô, xe máy
- Mặt tiền rộng, dễ nhận diện, thuận tiện kinh doanh
- Kết cấu: 1 tầng, 1 WC
- Phù hợp + Văn phòng công ty
+ Kho bãi, kho TMĐT (trước đây Lazada từng thuê làm kho hàng)
+ Trung tâm ngoại ngữ, lớp học thêm
+ Showroom, cửa hàng kinh doanh…
- Vị trí đẹp, giao thông thuận tiện
- Diện tích lớn, mặt bằng vuông vắn, dễ setup
- Khu dân cư đông đúc, tiềm năng kinh doanh cao
-------------------
** Giá thuê: 65 triệu/tháng
** Liên hệ chính chủ: ***",240740.74074074073,0.065,large,under_1b
165755523,123476164,Cho Thuê Căn Hộ Dịch Vụ Studio Cao Cấp 40m² Âu Cơ Tây Hồ Hà Nội,7000000,40.0,Quận Tây Hồ,Phường Nhật Tân,Hà Nội,Căn hộ/Chung cư,1.0,8 giờ trước,"Căn hộ thiết kế độc đáo và trau chuốt từng chi tiết theo mô hình studio (không vách ngăn giữa các khu vực trong căn hộ) và được trang bị đầy đủ trang thiết bị tiện nghi, nội thất cao cấp.

Diện tích sử dụng: 40m2
Giá thuê chỉ từ 7 triệu/tháng

Phong cách phục vụ tận tâm, chuyên nghiệp, uy tín và minh bạch. Chúng tôi định hướng luôn lấy khách hàng làm trung tâm để không ngừng nâng cấp và hoàn thiện dịch vụ khách hàng.

An ninh - An toàn của khách hàng luôn là yếu tố mà Lestay chú trọng và đặt lên hàng đầu. Tất cả các tòa nhà Lestay đều đã được áp dụng 100% công nghệ 4.0 và AI hiện đại trong giám sát an ninh.

Công tác tập huấn phong cháy chữa cháy cho cán bộ nhân viên cũng như công tác duy tu bảo trì hệ thống cơ sở hạ tầng trong và ngoài các căn hộ được thực hiện định kì, bài bản và chuyên nghiệp để đảm bảo sự an toán cũng như sự tiện nghi trong sinh hoạt của khách hàng.

Môi trường sống văn minh, lịch sự với cộng đồng cư dân dân trí cao, ý thức tốt và sống có trách nhiệm với cộng đồng.

Lestay - Hệ thống tòa nhà căn hộ dịch vụ và văn phòng cho thuê cao cấp
Cơ sở 1: Lestay Hanoi Westlake 519 Âu Cơ, Nhật Tân, Tây Hồ, Hà Nội.
Cơ sở 2: Lestay Hanoi Redriver 464/18 Âu Cơ, Nhật Tân, Tây Hồ, Hà Nội.

Thông tin liên hệ - Hotline/Zalo BQL Tòa Nhà được cung cấp bởi Chợ Tốt",175000.0,0.007,small,under_1b
176038002,132350155,LÔ GÓC CỰC ĐẸP- KINH DOANH SẦM UẤT - ĐƯỜNG RỘNG 10M VỈA HÈ -MT RỘNG,11000000000,120.0,Huyện Đông Anh,Thị trấn Đông Anh,Hà Nội,Đất,3.0,11 giờ trước,"Diện tích 120m2
Mặt tiền 7m• Trung tâm hành chính xã Đông Anh tiềm năng phát triển thương mại vượt trội.
• Kết nối nhanh tới cầu Nhật Tân, đường Võ Nguyên Giáp, sân bay Nội Bài, chỉ 15–20 phút vào trung tâm Hà Nội.
• Khu dân cư sầm uất thuận lợi mở văn phòng, spa, cafe, cửa hàng tiện lợi",91666666.66666667,11.0,large,over_10b
172970093,129710289,Cho thuê phòng ở tầng 3 khép kín giá rẻ,3000000,20.0,Quận Hoàng Mai,Phường Tương Mai,Hà Nội,Phòng trọ,3.0,9 giờ trước,"*Phòng ở tầng 3 phòng rộng khép kín có đầy đủ giường, tủ, tủ lạnh, view đẹp, sáng, có cửa sổ, có ban công, điều hoà, bình nóng lạnh, vs riêng, chỗ để xe máy... Giá phòng 3tr/tháng. Điện 3.400đ/ số ; nước 34.000đ/ m3",150000.0,0.003,very_small,under_1b
176056910,132366548,GIA ĐÌNH CẦN BÁN LÔ ĐÂT 52.8M FULL THỔ CƯ. CHÍNH CHỦ,1550000000,52.7999,Thị xã Sơn Tây,Xã Sơn Đông,Hà Nội,Đất,3.0,7 giờ trước,"gia đình cần bán lô đất chính chủ tại thôn Bống xã ĐOÀI PHƯƠNG( MỚI) SƠN ĐÔNG - SƠN TÂY
Ngõ Morning vào tận đất
đất trung tâm xã. dân cư đông đúc, giàu có
bán kính 2KM: nhiều trường đại học đang xây. và trường quân sự. ubnd. khu di tích chùa KHAI NGUYÊN. TT y tế. trường học. chợ.....",29356116.20476554,1.55,small,1_3b
176047369,132358358,"Hot lô góc 100m2 gần QL21A, vị trí đẹp sát CNC Hòa Lạc, ĐHQG, SQLQ1",2400000000,100.0,Huyện Thạch Thất,Xã Tân Xã,Hà Nội,Đất,3.0,12 giờ trước,"Mặt tiền rộng, ô tô tránh, khu dân cư phát triển, phù hợp xây ở, kinh doanh hoặc đầu tư giữ tiền. Nằm ngay khu vực hưởng lợi lớn từ trục Hồ Tây - Ba Vì và quy hoạch đô thị vệ tinh Hòa Lạc đang được đẩy mạnh.

Trong 3 năm tới, khi hạ tầng hoàn thiện, lượng chuyên gia, sinh viên và dân cư dịch chuyển về Hòa Lạc ngày càng đông, mặt bằng giá đất khu vực này còn rất nhiều tiềm năng tăng trưởng.

Giá chỉ 2.4 tỷ.

Liên hệ em Chung xem đất thực tế. Hỗ trợ xe đi xem đất.",24000000.0,2.4,medium,1_3b
174447556,130992342,"Cho thuê phòng 25m2 full nội thất,gần Linh Đàm giá 2.9tr",2900000,25.0,Quận Hoàng Mai,Phường Hoàng Liệt,Hà Nội,Phòng trọ,3.0,13 giờ trước,"Dự án: 
Thông tin chi tiết: Cho thuê phòng trọ tại Bằng Liệt – Hoàng Mai – Hà Nội
Diện tích 25m², phòng sạch sẽ, thoáng mát.
Đầy đủ nội thất: điều hoà, nóng lạnh, máy giặt, khoá vân tay an ninh.
Có chỗ để xe miễn phí.
Vệ sinh khép kín
Phù hợp sinh viên, người đi làm.
Khu vực an sinh tốt, gần khu đô thị Linh Đàm, nhiều tiện ích xung quanh.

Giá: 2.9 triệu/tháng có thương lượng",116000.0,0.0029,very_small,under_1b
175770609,132120793,𝐶ℎ𝑢̉ 𝑚𝑜́𝑡 𝑏𝑎́𝑛 ℎ𝑎̣ 𝑐ℎ𝑎̀𝑜 200𝑡𝑟𝑖𝑒̣̂𝑢,6860000000,28.0,Quận Hoàng Mai,Phường Tương Mai,Hà Nội,Nhà ở,3.0,11 giờ trước,"Dự án: 
Thông tin chi tiết: 𝐶ℎ𝑢̉ 𝑚𝑜́𝑡 𝑏𝑎́𝑛 ℎ𝑎̣ 𝑐ℎ𝑎̀𝑜 200𝑡𝑟𝑖𝑒̣̂𝑢
🕹️
𝑆𝐼𝐸̂𝑈 𝑃𝐻𝐴̂̉𝑀 𝑁𝐻𝐴̀ 𝑃𝐻𝑂̂́ 𝐾𝐻𝑈 𝑉𝑈̛̣𝐶 𝑀𝐼𝑁𝐻 𝐾𝐻𝐴𝐼. 2 𝑀𝐴̣̆𝑇 𝑇𝐻𝑂𝐴́𝑁𝐺 - 𝑁𝐻𝐴̀ 𝐶𝑈̛̣𝐶 Đ𝐸̣𝑃. 𝐶𝐻𝑈̉ 𝑇𝐴̣̆𝑁𝐺 𝑁𝑂̣̂𝐼 𝑇𝐻𝐴̂́𝑇 𝐶𝐴𝑂 𝐶𝐴̂́𝑃   30 𝑀𝐸́𝑇 𝑟𝑎 𝑂̂𝑇𝑂̂ 

𝑁ℎ𝑎̀ 2 𝑚𝑎̣̆𝑡 𝑛𝑔𝑜̃ , 𝑡ℎ𝑜𝑎́𝑛𝑔 𝑡𝑟𝑢̛𝑜̛́𝑐 𝑠𝑎𝑢. 
𝑁ℎ𝑎̀ 𝑥𝑎̂𝑦 4 𝑇𝑎̂̀𝑛𝑔 3 𝑛𝑔𝑢̉ đ𝑎̂̀𝑦 đ𝑢̉ 𝑐𝑜̂𝑛𝑔 𝑛𝑎̆𝑛𝑔 , 𝑡ℎ𝑖𝑒̂́𝑡 𝑘𝑒̂́ ℎ𝑖𝑒̣̂𝑛 đ𝑎̣𝑖 
𝐾ℎ𝑎́𝑐ℎ 𝑐ℎ𝑖̉ 𝑣𝑖𝑒̣̂𝑐 𝑥𝑎́𝑐ℎ 𝑣𝑎𝑙𝑖 𝑣𝑒̂̀ 𝑜̛̉ . 𝑆𝑜̂̉ đ𝑜̉ 𝑐ℎ𝑖́𝑛ℎ 𝑐ℎ𝑢̉ . 𝑔𝑖𝑎𝑜 𝑑𝑖̣𝑐ℎ 𝑛𝑔𝑎𝑦 .
☎️
𝐿𝑖𝑒̂𝑛 ℎ𝑒̣̂ 𝐾𝑖𝑒̂𝑛 𝐴𝑘𝑎𝑦 𝑁ℎ𝑎̀ Đ𝑒̣𝑝 đ𝑒̂̉ 𝑒́𝑝 𝑧𝑎́ 
***",245000000.0,6.86,very_small,5_10b
174733580,131238106,Cho thuê phòng ngõ 127 Hào Nam,3000000,25.0,Quận Đống Đa,Phường Ô Chợ Dừa,Hà Nội,Phòng trọ,3.0,9 giờ trước,"cho thuê phòng tại ngõ 127 Hào Nam Cho thuê phòng trọ ngõ 5 Láng Hạ, 3.0tr phòng đôi - VSKK. Phù hợp SVHS, người đi làm tối về ngủ, nấu ăn đơn giản.

💰Giá 3.0tr (nội thất cơ bản) 3.7 (full đồ)

👉Phòng Studio
👉 Diện tích 25m2 ( 2 xép: xép để đồ + xép giường nằm). Vsinh riêng.

🍀Nội thất: 
- Khu Bếp
- Khu giặt đồ chung
- Cơ bản (nóng lạnh) hoặc Full Đồ (xách va li ở), không chung chủ, giờ giấc tự do.

🍀Phí Dịch Vụ: 
- Điện 4k/số; Nước 35k/số
- Phí dịch vụ: Máy giặt, điện, nước khu vực chung , Rác, Vệ Sinh Chung 150k/người
- Wifi 100k/phòng
Lưu ý: Máy giặt chung, gửi 1 xe.

❌ Lưu ý
- Đóng 1 cọc 1. Ko chung chủ
- Hợp Đồng 1 năm.
- Gọi trước khi qua 30p

 CẦN TÌM ĐỘI SALE ĐẨY PHÒNG.",120000.0,0.003,very_small,under_1b
175856921,132194527,Chính chủ cho thuê 35m2 Huỳnh thúc Kháng,5200000,35.0,Quận Đống Đa,Phường Láng Hạ,Hà Nội,Căn hộ/Chung cư,1.0,13 giờ trước,"Căn hộ 38m2 Trung tâm Đống Đa, ô tô tận cửa
Không gian sống Yên tĩnh, tiện nghi, An ninh tuyệt đối.

Vị trí đắc địa: Nằm trong khu ""Vàng"" giao giữa Nguyễn chí Thanh, Láng Hạ, Nguyên Hồng, Trúc Khê. Giao thông cực kỳ thuận tiện đi Trần duy Hưng, Lê văn Lương, Đường Láng ...

Tiện ích bao quanh: Siêu thị Vinmart, chợ dân sinh, trường học, cây xăng, nhà hát, Trung tâm chiếu phim quốc gia... khu dân trí cao .....

Diện tích 38m2, thiết kế phù hợp rộng rãi, thoáng và tràn ngập ánh sáng tự nhiên

Nội thất đầy đủ: Điều hòa, Tủ Lạnh, Lò vi sóng, bếp riêng đủ chức năng, bàn ăn, bàn làm việc ....chỉ việc sách vali vào ở

Tiện ích toà nhà: khu máy giặt phơi chung có mái che không sợ mưa ướt khi vắng nhà.
Chỗ để xe máy miễn phí ngay tầng 1. Hệ thống PCCC đầy đủ, an toàn.
Hệ thống điện nước ổn định. Kỹ thuật hỗ trợ nhanh chóng. 
Giá thuê: 5tr2 (cam kết không phát sinh chi phí ẩn)",148571.42857142858,0.0052,small,under_1b
176038062,132350203,ĐƯỜNG THÔNG OTO - ĐẤT VUÔNG ĐẸP- QH GA BẮC HỒNG-GẦN ĐƯỜNG VÀNH ĐAI 3,7000000000,100.0,Huyện Đông Anh,Xã Bắc Hồng,Hà Nội,Đất,3.0,12 giờ trước,"Thôn Bến Trung,Bắc Hồng, Đông Anh, HN.
➡Diện tích: 100m2 ( full thổ cư  ) Mặt tiền hậu : 6.05m 
➡ Đường trước đất oto con thông thoáng
➡ 50m ra trục chính kinh doanh oto dừng đỗ ngày đê 
➡ 100m ra hồ điều hoà, sân bóng , sân vui chơi ,200m Gần chợ, nhà văn hóa,  trường học các cấp,  ..v.v...
➡ Cách trục liên xã  200m  & dự án TT. triển lãm d.vụ ga bắc hồng 300m, cách dự án đường vành đai 3 300m giá trị đất sau này  tăng phi mã
➡ Cách đường Võ Văn Kiệt 1km, Võ Nguyên Giáp khoảng 1,5km, Cách sân bay nội bài chỉ 3km...an ninh, văn hóa tốt.
Pháp lý chuẩn giao dịch ngay ",70000000.0,7.0,medium,5_10b
176056986,132366588,"ĐẤT NỀN CỔ ĐÔNG, HÒA LẠC, HẠ BẰNG 100M2, FULL THỔ CƯ, NHỈNH 3 TỶ",3250000000,100.0,Huyện Thạch Thất,Xã Bình Yên,Hà Nội,Đất,3.0,7 giờ trước,"Đất nền Cổ Đông, Hòa Lạc, Hạ Bằng 100m2 full thổ cư, ô tô tránh, vỉa hè rộng,  pháp lý sạch, quy hoạch ổn định...
+ Vị trí vô cùng đắc địa, cách khu công nghệ cao, ĐHQG, ĐHFPT 5 phút di chuyển...
+ Cơ sở hạ tầng đồng bộ, phát triển mạnh. Đón sóng trục Hồ Tây - Ba Vì, QL21 mở rộng 80m, vành đai công nghệ cao, cao tốc Láng Hòa Lạc, metro số 5 và metro, số 12 đang quy hoạch định và xây dựng. 
+ Phù hợp để ở, đầu tư trung và dài hạn. 
+ Pháp lý rõ ràng, sổ vuông đẹp, sẵn sàng giao dịch. 
=> Gọi ngay; *** để được tư vấn và dẫn đi xem đất miễn phí. ",32500000.0,3.25,medium,3_5b
176021466,132335884,"Cho thuê phòng trọ Tại ngõ 31 Nguyễn Chí Thanh,  Ngọc Khánh,  Hà nội",3000000,15.0,Quận Ba Đình,Phường Giảng Võ,Hà Nội,Phòng trọ,3.0,11 giờ trước,"Nhà mình còn 1 Phòng Trọ ở tầng 3, Khép Kín, diện tích 15m2, Cần cho thuê. Bạn nào có nhu cầu thì alo mình nhé. ở 1 người thì 3tr/thang, 2 người thì 3,5tr/tháng. Miễn Trung Gian!",200000.0,0.003,very_small,under_1b
175901347,132237582,chính chủ cần bán nhà,6500000000,30.6,Quận Long Biên,Phường Long Biên,Hà Nội,Nhà ở,4.0,5 giờ trước,"Dự án: 
Thông tin chi tiết: nhà ở gần khu biệt thự him nam và rất gần trường capa 1-2-3 thạch bàn đi lại thuận tiện gần đường cao tốc 5A và 5B cách eon long biên 1km khu nhà ở vị chí rất thuận tiện và thoáng mát",212418300.65359476,6.5,small,5_10b
176054640,132364561,"Nhà đẹp ở luôn, 30m, 5 tầng, 3 ngủ, ngõ bagac thông , chưa đến 5 tỷ",4850000000,30.0,Quận Hoàng Mai,Phường Lĩnh Nam,Hà Nội,Nhà ở,4.0,8 giờ trước,"Dự án: 
Thông tin chi tiết: CĂN NHÀ XÂY MỚI - PHỐ VĨNH HƯNG - QUẬN HOÀNG MAI - GIAO THÔNG THUẬN TIỆN - DÂN TRÍ CAO - TIỆN ÍCH BẠT NGÀN

+ Ngõ bagac thông thoáng, gần phố, cách ô tô đỗ chỉ khoảng trăm m. 

+ Bán kính 500m là các trường mầm non, trường cấp 1 , 2 , 3, trường cao đẳng, bãi gửi xe cùng rất nhiều tiện ích .

+ Hạ tầng giao thông đang khẩn trương mở thông , rộng các tuyến đường Lĩnh Nam - Tam Trinh - trục đường 2.5 => Vĩnh Hưng => Nguyễn Khoái … khu vực phát triển và gia tăng giá trị đột biến.

+ Thiết kế kcbt, nội thất cơ bản

- Tầng 1 : Phòng khách + bếp + wc

- Tầng: 2,3,4 : Mỗi tầng 1 phòng ngủ + wc khép kín.

- Tầng 5 : phòng thờ + khu giặt đồ + Sân phơi.

+ Pháp Lý : Sổ vuông đẹp , sẵn sàng giao dịch. Ích",161666666.66666666,4.85,very_small,3_5b
176049864,132360470,Bán nhà Kim Ngưu ngõ rộng SH quay đầu,9600000000,31.0,Quận Hai Bà Trưng,Phường Bạch Mai,Hà Nội,Nhà ở,5.0,11 giờ trước,"Dự án: 
Thông tin chi tiết: Vị trí đắc địa vô vàn tiện ích, hàng xóm time city 
Nhà khung cột bê tông chắc chắn,ban công thoáng vĩnh viễn.
Gần các trường đại học , dân trí cao. 
Gần chợ dân sinh",309677419.3548387,9.6,small,5_10b
175240893,131666206,chính chủ cho thuê phòng khép kins điều hòa bình nóng lạnh,2800000,25.0,Quận Hoàng Mai,Phường Định Công,Hà Nội,Phòng trọ,3.0,11 giờ trước,"Chính chủ cho thuê phòng khép kín riêng biệt có điều hòa, bình nóng lạnh giờ giấc tự do không chung chu không qua trung gian  có chỗ nấu ăn trong phòng có gac xép
- Địa chỉ: Nhà số 1 ngõ 99 ngách 158 hẻm 42 Định Công Hạ.
- Diện tích: 25m
- Vị trí phòng đẹp, thoáng mấtn ninh rất  tốt. Gần trường đại hoc Thăng Long Xây Dựng Bách Khoa , Công nghẹ Định công.
- Thuận tiện giao thông đi lai khu Linh Đàm , vành đai 3, đường  giải phóng  ,kim giang, bùi xương Trạch
- Phòng đầy đủ giường, tủ,, điều hoà, nóng lạnh, máy giặt.
- PCCC đầy đủ liên hệ chỉ nhà 24/7.",112000.0,0.0028,very_small,under_1b
172575310,129370400,CHÍNH CHỦ CHO THUÊ CĂN HỘ MINI NGÕ 67 THÁI THỊNH - FULL ĐỒ,4300000,20.0,Quận Đống Đa,Phường Thịnh Quang,Hà Nội,Phòng trọ,3.0,13 giờ trước,"Chính chủ cần cho thuê căn hộ chung cư mini tại ngõ 67 Thái Thịnh, Đống Đa. Vị trí trung tâm, thuận tiện đi lại. 📍 Vị trí đắc địa: Cách đường ô tô tránh nhau chỉ 15m, ngõ thoáng, dễ dàng vận chuyển đồ đạc.
🏠 Nội thất trang bị tận răng, chỉ việc xách vali vào ở:
Giường ngủ, tủ quần áo, tủ bếp.
Khu bếp có sẵn bếp từ, máy hút mùi.
Điều hòa mát lạnh, tủ lạnh đời mới.
✅ Tiện ích & An ninh đảm bảo:
Hệ thống PCCC hiện đại
Thang máy tốc độ cao, di chuyển nhẹ nhàng.
Cửa khóa vân tay an ninh tuyệt đối, giờ giấc tự do.
💰 Chi phí sinh hoạt:
Điện: 3,8k/số.
Nước: 35k/số (khối).
Dịch vụ chung (vệ sinh, thang máy, máy giặt..): 150k/người.
Internet tốc độ cao: 100k/phòng.
☎️ Liên hệ chính chủ: Sale hè_Xem phòng miễn phí. (Miễn trung gian, môi giới làm phiền).",215000.0,0.0043,very_small,under_1b
175763707,132114722,"BÁN NHÀ HOÀNG MAI – GẦN FELIZ HOMES – DÒNG TIỀN TỐT – CHỈ 10,6 TỶ",10600000000,45.0,Quận Hoàng Mai,Phường Hoàng Văn Thụ,Hà Nội,Nhà ở,8.0,10 giờ trước,"BÁN NHÀ HOÀNG MAI – GẦN FELIZ HOMES – DÒNG TIỀN TỐT – CHỈ 10,6 TỶ 

* Vị trí: Khu vực Hoàng Mai, gần Feliz Homes, tiện ích đầy đủ, giao thông thuận tiện
* Diện tích: 45m²
* Kết cấu: 6 tầng, 8 phòng ngủ
* Pháp lý: Sổ đỏ chính chủ, sang tên nhanh

Mô tả chi tiết:

* Nhà xây dựng chắc chắn, thiết kế nhiều phòng, tối ưu công năng sử dụng
* Phù hợp gia đình đông người ở hoặc kết hợp cho thuê tạo dòng tiền ổn định
* Ngõ rộng, cách ô tô khoảng 5m, đi lại thuận tiện

Tiện ích xung quanh:

* Gần khu đô thị Feliz Homes, đầy đủ tiện ích: siêu thị, trường học, chợ, khu vui chơi
* Khu dân trí cao, an ninh tốt

Giá bán: 10,6 tỷ (có thương lượng)

📞 Liên hệ: *** để xem nhà và làm việc trực tiếp",235555555.55555555,10.6,small,over_10b
164910023,122747172,"NHÀ 5 TẦNG – VỈA HÈ – KINH DOANH – KĐT DƯƠNG NỘI, LÊ TRỌNG TẤN",15500000000,50.0,Quận Hà Đông,Phường Dương Nội,Hà Nội,Nhà ở,5.0,11 giờ trước,"NHÀ 5 TẦNG – VỈA HÈ – KINH DOANH SIÊU LỢI NHUẬN – KĐT DƯƠNG NỘI, LÊ TRỌNG TẤN 🌹🌹🌹

📍 Vị trí đắc địa - Kinh doanh sầm uất:
✅ Mặt trục chính kinh doanh, vỉa hè rộng, ô tô tránh đỗ cửa ngày đêm.
✅ Cách mặt phố Lê Trọng Tấn chỉ 50m, thuộc Khu đô thị Dương Nội, khu vực phát triển mạnh.
✅ Gần các KĐT lớn Geleximco, Aeon Mall, tiện ích bậc nhất.

🏠 Thiết kế tối ưu – Phù hợp vừa ở vừa kinh doanh:

Tầng 1: Thông sàn kinh doanh, WC.

Tầng 2: Phòng khách, bếp rộng, WC.

Tầng 3,4: Tổng 4 phòng ngủ rộng, 2 WC.

Tầng 5: Phòng thờ, sân phơi, WC.


🔥 Nhà thiết kế sang trọng:

Cầu thang tay vịn gỗ, sàn gỗ cao cấp.

Mặt tiền rộng thoáng, tối ưu công năng.


📜 Sổ đỏ vuông vắn – Sẵn sàng giao dịch nhanh!

💰 Diện tích: 50m² – 5 tầng – Giá: 15.5 tỷ
📞 Liên hệ ngay: Nguyễn Quý Nhâm - ***",310000000.0,15.5,small,over_10b
176023856,132337955,✅18tr NHÀ ĐẸP 5 TẦNG PHÂN LÔ DV VĂN PHÚ✅ Thiết kế: thông sàn Nội thất:,18000000,50.0,Quận Hà Đông,Phường Phú La,Hà Nội,Nhà ở,5.0,12 giờ trước,"Dự án: 
Thông tin chi tiết: ✅18tr NHÀ ĐẸP 5 TẦNG PHÂN LÔ DV VĂN PHÚ✅
Thiết kế: thông sàn
Nội thất: đh, nl đầy đủ
Phù hợp: văn phòng, lớp học, Kinh doanh online, Kho hàng…
Chủ gửi cho thuê lh e để xem nhà gặp chủ",360000.0,0.018,small,under_1b
176019130,132333858,*SIÊU PHẨM HIẾM XUÂN NỘN – THÔNG SỐ VÀNG 50M² MẶT TIỀN ĐẸP,3000000000,50.0,Huyện Đông Anh,Xã Xuân Nộn,Hà Nội,Đất,3.0,13 giờ trước,"Dự án: 
Thông tin chi tiết: *SIÊU PHẨM HIẾM XUÂN NỘN – THÔNG SỐ VÀNG 50M² MẶT TIỀN ĐẸP, NHỈNH 3 TỶ*
— Tiện ích xung quanh bạt gần, gần trường cấp 1-2-3, công ty xích líp Đông Anh, khoá Việt Tiệp
— Ngõ thông, đường ô tô 5 chỗ tranh nhau, ở hoặc đầu tư giữ tiền là 1 lợi thế
— Pháp lý rõ ràng, sổ sẵn sàng giao dịch để đến vơi chủ mới
📞 call: Em Quang *** để xem đất trực tiếp nhưng mảnh đất đẹp tại Đông Anh",60000000.0,3.0,small,1_3b
176045148,132356388,CẦN BÁN ĐẤT 80m2 SỔ ĐỎ CHÍNH CHỦ (ĐÃ LỢP MÁI TÔN),230000000,80.0,Huyện Gia Lâm,Thị trấn Trâu Quỳ,Hà Nội,Đất,3.0,13 giờ trước,"CẦN BÁN ĐẤT 80m2 SỔ ĐỎ CHÍNH CHỦ LH: ***
mặt tiền 5,3m mặt đường rộng to, ô tô vào tận cửa đã có điện nước đầy đủ
Vị trí đất ở gần công viên và bệnh viện đa khoa Gia Lâm trường học viện Nông Nghiệp VN
GIÁ: 2xx triệu/m2 có thể thương lượng với chủ đất",2875000.0,0.23,medium,under_1b
173698522,130343212,"CHÍNH CHỦ BÁN CHDV  THÁI HÀ, DT46/50m, 6 TẦNG THANG MÁY– DOANH THU 60T",13888000000,46.0,Quận Đống Đa,Phường Trung Liệt,Hà Nội,Nhà ở,9.0,6 giờ trước,"*** 1 CĂN– DÒNG TIỀN PHỐ THÁI HÀ– ĐỐNG ĐA– FULL NỘI THẤT XỊN– DOANH THU 720TR/NĂM
	•	Diện tích 46m² x 6 tầng, thang máy xịn
	•	Thiết kế 2 thoáng, nhà luôn sáng – mát
	•	9 phòng khép kín, kín khách quanh năm
	•	Dòng tiền ổn định ~720 triệu/năm
	•	Ba bước ra phố Thái Hà, trung tâm Đống Đa
	•	Giá 13.888 tỷ CÓ THƯƠNG LƯỢNG– đầu tư giữ tiền, sinh lời cao

- Sổ đỏ vuông đẹp, chính chủ – giao dịch ngay
- Liên hệ: *** (Zalo)
- Xem nhà thực tế – chốt nhanh giá tốt",301913043.4782609,13.888,small,over_10b
175830558,132172079,Cần Tiền Bán Gấp Mảnh Đất Tại Thôn Hội Cổ Bi Gia Lâm,9200000000,45.0999,Huyện Gia Lâm,Xã Cổ Bi,Hà Nội,Đất,3.0,8 giờ trước,"Dự án: 
Thông tin chi tiết: Đất của nhà không qua bên môi giới trung gian
Trục chính đường liên xã, đường rộng 8m
Trước mặt hồ nước rộng, thoáng mát
Đất đã có nhà cấp4 đang cho thuê làm quán ăn
Dân cư đông đúc, quán xá sầm uất
30m là cty dệt 10/10
200m ra tới chợ vàng, trạm y tế
700m trường cấp1 cổ bi",203991583.12989607,9.2,small,5_10b
176057045,132366642,Nhượng lại phòng kv Mễ Trì,4000000,20.0,Quận Nam Từ Liêm,Phường Mễ Trì,Hà Nội,Phòng trọ,3.0,7 giờ trước,"Dự án: 
Thông tin chi tiết: Phòng studio tầng 6 đầy đủ tiện nghi có thang máy có ban công không chung chủ chỗ để xe rộng rãi giờ giấc tự do. Điện 3,8k nc 35k dv 150k mạng 100k",200000.0,0.004,very_small,under_1b
176057056,132366648,TT tầng 1 Lạc Trung 60m2 - 2 ngủ sửa đẹp - Kinh doanh online tốt,3990000000,60.0,Quận Hai Bà Trưng,Phường Thanh Lương,Hà Nội,Căn hộ/Chung cư,2.0,7 giờ trước,"Dự án: 
Thông tin chi tiết: - Gia đình cần bán gấp căn tập thể tầng 1 phố Lạc Trung, Hai Bà Trưng:
• Diện tích: 60m2. Cấu trúc: 2 phòng ngủ, 1 vệ sinh, khách, bếp riêng biệt.
• Vị trí: Khu vực VIP, sầm uất, cách mặt phố 10m. Rất thuận lợi kinh doanh online hoặc làm văn phòng.
• Đặc điểm: Nhà thấp tầng có sân để xe riêng, mật độ dân cư thấp, yên tĩnh và an ninh.
• Pháp lý: Sổ đỏ chính chủ, giao dịch ngay, cam kết không quy hoạch.
• Tình trạng: Nhà mới sửa đẹp, full đồ nội thất, khách mua không cần sửa sang gì thêm.
- Giá: 3.99 tỷ có TL 
- Liên hệ ngay để xem nhà và cảm nhận thực tế",66500000.0,3.99,small,3_5b
175355505,131764537,"✨️Xót Lại - LÔ 35m2 Thôn Đại Độ, Võng La Nhỏ Tiền, Vuông Vắn, Xinh Xắn",2650000000,35.0,Huyện Đông Anh,Xã Võng La,Hà Nội,Đất,3.0,3 giờ trước,"✨️Xót Lại - LÔ ĐẤT 35m2 Thôn Đại Độ, Võng La Nhỏ Tiền -Vuông Vắn , Xinh Xắn – Full tiện ích 
Mô tả:
👉 Diện tích 32m2 full thổ cư., thực tế 35m2 ( có thêm 3m lưu không) Mặt tiền = hậu: 3.38m
👉 Vài bước chân ra chợ, gần trường học các cấp, Ủy ban, nhà Văn Hoá
👉 Cách cầu Thăng Long 2km. Cách đường QL5 1km. Xung quanh tiện ích bạt ngàn.
👉Sổ đỏ Chính chủ, sẵn sàng giao dịch",75714285.71428572,2.65,small,1_3b
176049781,132360505,CHO THUÊ VINHOMES OCEAN PARK GIÁ TỪ 4TR5 – NHIỀU CĂN ĐẸP VÀO Ở NGAY (,5000000,55.0,Huyện Gia Lâm,Thị trấn Trâu Quỳ,Hà Nội,Căn hộ/Chung cư,2.0,11 giờ trước,"Dự án: 
Thông tin chi tiết: GIÁ TỐT VINHOMES OCEAN PARK – QUỸ NHIỀU CĂN ĐẸP CHO THUÊ

Studio: từ 4tr5 nguyên bản (full đồ từ 6tr)

1PN: từ 5tr nguyên bản (full đồ 7tr – 7tr5)

2N1WC: từ 5tr5 nguyên bản (full đồ 8tr – 8tr5)

2N2WC: từ 6tr5 nguyên bản (full đồ 8tr5 – 9tr)

3PN: từ 8tr nguyên bản (full đồ 10tr – 12tr)

Đa dạng căn: nguyên bản – full đồ – vào ở luôn

Có sẵn nhiều căn đẹp, tầng đẹp, view thoáng

Xem nhà linh hoạt, xem 24/7

CAM KẾT:

* Không thu phí môi giới

* Làm việc trực tiếp, ký hợp đồng trực tiếp với chủ nhà.

* Giá thật – hỗ trợ tìm căn phù hợp theo nhu cầu.

️ Căn đẹp giá tốt thường hết rất nhanh (1–2 ngày)

Liên hệ/Zalo: *** or***

Inbox ngay để nhận video và ảnh chi tiết từng căn.",90909.09090909091,0.005,small,under_1b
176033333,132346173,KHÁCH SẠN 3 SAO 10 TẦNG - LÔ GÓC - DOANH THU 120TR / THÁNG - DT 60M2 ,24300000000,60.0,Quận Đống Đa,Phường Kim Liên,Hà Nội,Nhà ở,11.0,8 giờ trước,"TUYỆT CỦA ĐỈNH - KHÁCH SẠN 3 SAO 10 TẦNG - LÔ GÓC - DOANH THU 120TR / THÁNG - DT 60M2  MT 7M

- TOÀ NHÀ BỀ THẾ 10 TẦNG  LÔ GÓC ĐỈNH CỦA CHÓP - CHO ĐƠN VỊ THUÊ CHỌN GÓI 120 TRIỆU/ THÁNG  ( Có thể tự vận hành )
- Nằm trong mặt ngõ  Phương Mai, đường ô tô tránh, kinh doanh tấp nập, đầu ngõ là Bệnh Viện Bạch Mai
- Đặc biệt ngõ thông sang Khách Sạn Kim Liên, khách sạn làm cả bãi giữ xe máy trước nhà, rất rộng, giấy phép và PCCC đây đủ

-  Khách sạn đã kinh doanh hơn 10 năm nên lượng khách rất ổn định. Khu vực Vip luôn full phòng

THIẾT KẾ: 
- Tầng 1 lễ tân +WC
- Tầng 2,3,4,5,6,7,8 mỗi tầng 2 phòng (1 đơn 1 đôi) 
- Tầng 9 nhà ăn, nhà hàng. ,
- Tầng 10: Kho và p thờ, máy phát điện, thiết bị khách sạn đầy đủ, 
chủ mới kinh doanh KS, sẵn đồ, sẵn khách hoặc nối hợp đồng thì tuyệt luôn
Sổ đỏ vuông đẹp, DT 60m2, MT 7m, Giá 24,3 Tỷ
Liên Hệ Mr Ngọc BĐS Đống Đa ",405000000.0,24.3,small,over_10b
174416570,130965825,"CHO THUÊ NHÀ 4 tầng, 5 phòng ngủ",11000000,35.0,Quận Hoàng Mai,Phường Mai Động,Hà Nội,Phòng trọ,3.0,8 giờ trước,"CHO THUÊ NHÀ 🏠🏠🏠
Gia đình muốn chothuê nhà ở 
Diện tích sàn 35m2, nhà 4 tầng , gần đường lớn ( 2 làn ô tô)
Địa chỉ:  Số nhà 2A, 122 Lĩnh Nam,  HOÀNG MAI, HN
Kết cầu nhà : 
Tầng 1: phòng bếp, để xe, vệ sinh 
Tầng 2: 2 phòng ngủ, 1 ngủ to, 1 ngủ nhỏ, 1 nhà vệ sinh
Tầng 3: 2 phòng ngủ, 1 ngủ to, 1 ngủ nhỏ, 1 nhà vệ sinh
Tầng 4: 1 phòng ngủ nhỏ, nhà vệ sinh 
Sân phơi và phòng thờ
Giá cho thuê 11trieu /1 tháng , thanh toán 3 tháng 1 lần , cọc 1 tháng
Mọi ng quan tâm ib hoặc gọi số ***
Xin cảm ơn",314285.71428571426,0.011,small,under_1b
175897949,132229441,Cho thuê căn hộ chung cư mini tại 361 Ngõ Quỳnh Thanh Nhàn,4500000,30.0,Quận Hai Bà Trưng,Phường Bạch Mai,Hà Nội,Phòng trọ,3.0,12 giờ trước,"Chính chủ cho thuê căn hộ chung cư mnini tại 361 Ngõ Quỳnh - Thanh Nhàn , mặt ngõ to ô tô đỗ cửa , tòa nhà 7 tầng thang máy , các căn hộ đều có cửa sổ to thoáng , đầy đủ nội thất , đi lại tự do , ở từ 2-4 người / căn.
Gần Các trường Đại Học Bách Khoa , Kinh Tế , Xây Dựng , KDCN , gần các bệnh viện lớn Bạch Mai , Thanh Nhàn..
vị trí trung tâm đi lại thuận tiện
giá thuê chỉ từ 3tr - 4.5tr - 5.2tr tùy diện tích phòng
liên hệ ***",150000.0,0.0045,very_small,under_1b
175600819,131975498,"Cho nữ thuê nhà ngõ 509 Vũ Tông Phan, Thanh Xuân",3000000,29.0,Quận Thanh Xuân,Phường Khương Đình,Hà Nội,Phòng trọ,3.0,11 giờ trước,"Chính chủ cho nữ thuê phòng full nội thất tại ngõ 509 Vũ Tông Phan, Thanh Xuân.  Nhà mới đủ đồ chỉ xách vali vào ở như: Đh, tủ lạnh, máy giặt, nl, giường tủ,…
Vskk, giờ giấc tự do an ninh tốt. 
Lh ***",103448.27586206897,0.003,very_small,under_1b
176038084,132350286,"Phòng full đồ, view hồ đầm hồng thoáng mát",3000000,30.0,Quận Thanh Xuân,Phường Khương Đình,Hà Nội,Phòng trọ,3.0,12 giờ trước,"phòng full đồ, cạnh hồ đầm hồng thoáng mát nhiều cây xanh, giờ giấc tự do, có bếp nấu ăn, máy giặt sấy, chỗ để xe rộng, ô tô đỗ cửa, có chỗ đỗ ô tô miễn phí.",100000.0,0.003,very_small,under_1b
176047539,132358482,"💥 56m SIÊU PHẨM HIẾM TẠI NHẠN – THƯ LÂM, XUÂN NỘN 💥 Vị",4500000000,56.0,Huyện Đông Anh,Xã Xuân Nộn,Hà Nội,Đất,3.0,12 giờ trước,"Dự án: 
Thông tin chi tiết: 💥 56m SIÊU PHẨM HIẾM TẠI NHẠN – THỤ LÂM, XUÂN NỘN 💥
Vị trí cực đẹp, chỉ cách 1 nhà ra trục chính ô tô tránh, phù hợp ở kết hợp kinh doanh, đầu tư giữ tiền cực tốt.
📞 alo Em Quang *** tư vấn hỗ trợ nhiệt tình cho các nhà đầu tư thông thái",80357142.85714285,4.5,small,3_5b
175694173,132055378,"NHÀ 4 TẦNG ĐẸP 130 m2,  SÓC SƠN, HÀ Nội.",7380000000,96.0,Huyện Sóc Sơn,Xã Mai Đình,Hà Nội,Nhà ở,3.0,12 giờ trước,"*Vị trí đắc địa: trục chính giao thông kinh doanh cực đỉnh.
 * Cách đường nối KĐT Vệ Tinh chỉ 50m.
 * Chỉ 3km đến Sân bay Nội Bài.
 * Cách trung tâm Hà Nội khoảng 20km.
 * Khu vực tiềm năng tăng giá mạnh trong tương lai gần.
🏡 **Thông số vàng:**
 * Diện tích sổ đỏ: 96m2 (Mặt tiền 4m).
 * Diện tích sử dụng thực tế: 130m2 (Mặt tiền thực tế 5,2m).
 * Đường ô tô thông, vỉa hè rộng rãi.
🏗️ **Thiết kế hiện đại (Nhà mới xây 1 năm để ở cực tâm huyết):**
 * Kết cấu 3 tầng chắc chắn, nội thất gỗ Lim xịn xò.
 * Tầng 1: Sân để xe, phòng khách, bếp, WC.
 * Tầng 2: 2 phòng ngủ khép kín.
 * Tầng 3: 1 phòng ngủ khép kín, phòng thờ, phòng làm việc.
*Tầng 4 sân phơi
⚖️ **Pháp lý:** Sổ đỏ chính chủ ( sẵn sàng dịch ngay).
💰 **Giá chào mới:** 7,38 tỷ (Chủ cần bán gấp đã giảm sâu).
📞 **Liên hệ ngay để xem nhà và chốt cọc!**",76875000.0,7.38,medium,5_10b
176004685,132321624,Chính chủ cho thuê căn hộ 50m2 tầng 2 tập thể C5 Thái Thịnh,6700000,50.0,Quận Đống Đa,Phường Thịnh Quang,Hà Nội,Căn hộ/Chung cư,2.0,8 giờ trước,"Cho thuê căn hộ tầng 2 tập thể C5 Thái Thịnh, diện tích 50m2, cách đường ô tô 20m. Nội thất gồm : 1 phòng khách, 1 phòng ngủ (có 1 giường đôi + tủ 4 ngăn, 1 giường tầng đi kèm bàn học và tủ quần áo), có ĐH, NL, bếp từ, tủ bếp. Phòng bếp và vệ sinh riêng biệt. Khu vực trung tâm, gần bệnh viện châm cứu, chợ và trường học. Gần khu ẩm thực.
- Giá thuê 6,7tr/ tháng. 
Liên hệ chính chủ: *** (chị Hoa).",134000.0,0.0067,small,under_1b
176023954,132338025,Cho thuê văn phòng tầng 3 Lk lacasta văn phú- Hà đông,4000000,30.0,Quận Hà Đông,Phường Phú La,Hà Nội,"Văn phòng, Mặt bằng kinh doanh",3.0,11 giờ trước,"Dự án: 
Thông tin chi tiết: Cho thuê sàn văn phòng riêng biệt, tầng 3 Liền Kề Lacasta, phù hợp làm văn phòng đại diện, lối đi riêng, nhà như ảnh ( ko chung chủ) mô hình văn phòng chuyên nghiệp",133333.33333333334,0.004,very_small,under_1b
176057126,132366706,"CHO THUÊ MBKD PHỐ ĐỘI CẤN, BA ĐÌNH, 80M2, VỈA HÈ ĐÁ BÓNG - KD SẦM UẤT",22000000,80.0,Quận Ba Đình,Phường Đội Cấn,Hà Nội,"Văn phòng, Mặt bằng kinh doanh",3.0,6 giờ trước,"CHO THUÊ MBKD – TT BA ĐÌNH – MẶT PHỐ ĐỘI CẤN – 80M2, VỈA HÈ ĐÁ BÓNG - KD SẦM UẤT
-  Vị trí đắc địa, kinh doanh sầm uất nhất phố, gần ngã 3 Giang Văn Minh, Bảo tàng chiến thắng B52…
- Diện tích sử dụng 80m2 
- Mặt tiền 5m
- Vỉa hè 4m – thoải mái để xe, thuận tiện KD
- Phù hợp KD đa ngành nghề, showroom thời trang, mỹ phẩm, spa, cửa hàng tiện lợi, trà sữa…
Khách hàng có nhu cầu liên hệ trực tiếp. Miễn TG-MG ",275000.0,0.022,medium,under_1b
175710959,132069749,"99 m2 Thế Trạch, Sóc Sơn, 3 tỷ",3000000000,99.0,Huyện Sóc Sơn,Xã Mai Đình,Hà Nội,Đất,3.0,10 giờ trước,"*CHÍNH CHỦ CẦN BÁN ĐẤT THẾ TRẠCH - MAI ĐÌNH - SÓC SƠN**
*(Vị trí đắc địa đón đầu KĐT vệ tinh Sóc Sơn)*
✨ **Thông tin chi tiết:**
 * **Diện tích:** 99m² (Full thổ cư).
 * **Kích thước:** Mặt tiền = Mặt hậu = 4.5m (Đất vuông vắn).
 * **Vị trí:** Thế Trạch, Mai Đình, Sóc Sơn, Hà Nội.
🌟 **Tiện ích xung quanh:**
 * cách đường Võ Nguyên Giáp (nối Nội Bài) 200m.
 * Tiện di chuyển: Cách trục chính kinh doanh 100m, cách đường 131 chỉ 300m.
 * Khu vực dân cư đông đúc, dân trí cao, đầy đủ tiện ích không thiếu thứ gì.
 * Tiềm năng tăng giá cực lớn khi nằm trong khu quy hoạch KĐT vệ tinh.
💰 **Giá chào bán:** 3 tỷ VNĐ",30303030.303030305,3.0,medium,1_3b
176038215,132350328,"RẺ NHẤT NAM HỒNG- ĐƯỜNG OTO ĐỖ-ĐẤT VUÔNG-TRƯỜNG HỌC, CHỢ UBND CHỈ 200M",5100000000,87.0,Huyện Đông Anh,Xã Nam Hồng,Hà Nội,Đất,3.0,11 giờ trước,"Thôn Tằng My,Nam Hồng, Đông Anh, HN.
➡Diện tích: 87 ( Full thổ cư )  Mặt tiền hậu 5.4m
➡ Đường trước đất oto đỗ
➡ 100ra sân chơi to đùng
➡ Gần chợ, nhà văn hóa,  trường học các cấp,  ..v.v...
➡ Cách trục chính 100m  & dự án TT. triển lãm d.vụ ga bắc hồng 500m
➡ Cách đường Võ Văn Kiệt 1km, Võ Nguyên Giáp khoảng 1,5km, Cách sân bay nội bài chỉ 3km...an ninh, văn hóa tốt.Pháp lý chuẩn giao dịch ngay",58620689.655172415,5.1,medium,5_10b
174810375,131305869,"Tôi cần bán đất thổ cư Phú Diễn, ô tô, xây ccmn, giữ tiền. giá 11 tỷ",11000000000,62.0,Quận Bắc Từ Liêm,Phường Phú Diễn,Hà Nội,Đất,3.0,4 giờ trước,"Tôi chính chủ cần bán mảnh đất thổ cư  Lô Góc tại Phú Diễn, Thửa đất đẹp, mặt tiền 6m vuông vắn. Phù hợp xây ccmn hoặc giữ tiền. Vị trí ngay hồ Phú Diễn, cách chợ 50m khu vực dân cư đông, trường học các cấp. Khu vực sinh viên và người đi làm cần thuê nhiều. Cách 500m là trường ĐH Tài nguyên Môi trường.Tiềm năng tăng giá cao, khi đường Hoàng Quốc Việt kéo dài chạy qua. 
Đất từ thời cha ông để lại, chưa mua bán giao dịch. Hiện tại đang là mảnh đất để không, rễ thi công xây dựng.
Đường trước đất rộng 6m ô tô chạy qua, vào đất thoải mái.
Sổ vuông vắn, giao dịch ngay. ( Ngân hàng đã định giá vay được khoảng 9 tỷ)
(có hỗ trợ vay ngây hàng).
Liên hệ: ***",177419354.83870968,11.0,medium,over_10b
176054929,132366738,[Chính chủ] BÁN SÀN VĂN PHÒNG TÒA NHÀ HẠNG A 136 HỒ TÙNG MẬU,6500000000,137.0,Quận Bắc Từ Liêm,Phường Phú Diễn,Hà Nội,"Văn phòng, Mặt bằng kinh doanh",3.0,6 giờ trước,"CHÍNH CHỦ CẮT LỖ - GIÁ RẺ HƠN 10% SO VỚI MUA QUA CHỦ ĐẦU TƯ
Diện tích: 137 m²
Pháp lý rõ ràng – sở hữu riêng từng căn
Giá sở hữu: Chỉ Từ 47.5 tr/m2 Sở hữu Sàn Văn Phòng Hạng A
- Địa chỉ: 136 Hồ Tùng Mậu – Cửa ngõ tài chính Tây Hà Nội
- Vị trí: Trên trục Nguyễn Cơ Thạch kéo dài – Hoàng Quốc Việt (2026-2028)
👉3 phút đến Bến xe Mỹ Đình
👉5 phút đến Keangnam, Dương Đình Nghệ
👉10 phút tới Vành đai 3 – sân bay Nội Bài
👉Cách 2 ga Metro (Cầu Diễn & Lê Đức Thọ) chỉ 1km
- 40 tầng nổi – 3 tầng hầm, đã hoàn thiện & nghiệm thu PCCC
- Mặt ngoài full kính, sảnh cao 10m – chuẩn hạng A
- 26 thang máy + 2 thang PCCC, 3 sảnh văn phòng riêng biệt
- Khối đế là TTTM
Liên hệ ngay SĐT/Zalo: *** để trao đổi thêm về nhu cầu",47445255.474452555,6.5,large,5_10b
176056189,132366747,"🔥 CHỦ NHÀ CẦN TIỀN GẤP – NHỜ BÁN GIÚP MẢNH ĐẤT ĐẸP KHU 31HA      🔥

",6700000000,33.0,Huyện Gia Lâm,Thị trấn Trâu Quỳ,Hà Nội,Đất,3.0,6 giờ trước,"🔥 CHỦ NHÀ CẦN TIỀN GẤP – NHỜ BÁN GIÚP MẢNH ĐẤT ĐẸP KHU 31HA 🔥

📍 Vị trí: Đường Nguyễn Mậu Tài
📐 Diện tích: 33m²
📏 Mặt tiền: 3,3m – đất vuông vức, cực đẹp

🌿 Khu vực đáng sống, hạ tầng đồng bộ:

* Gần công viên, không gian thoáng mát
* Gần bệnh viện, trường đại học
* Nằm cạnh khu đô thị Vinhome OceanPark, hưởng trọn tiện ích

💰 Phù hợp ở lâu dài hoặc đầu tư sinh lời

Sổ đỏ cất két sẵn sàng giao dịch ",203030303.03030303,6.7,small,5_10b
176052430,132362652,"MỞ BÁN NHÀ MỚI PHỤNG CHÂU, CHƯƠNG MỸ 🏠 - 30,3M2 - Ô TÔ ĐỖ CỬA",4300000000,30.2999,Huyện Chương Mỹ,Xã Phụng Châu,Hà Nội,Nhà ở,3.0,9 giờ trước,"Dự án: 
Thông tin chi tiết: MỞ BÁN CỤM MỚI 6 CĂN PHỤNG CHÂU, CHƯƠNG MỸ 🏠 - 30,3M2 - Ô TÔ ĐỖ CỬA - GIÁ 4,3 TỶ 
🏠 Vị trí: Phụng Châu, Chương Mỹ. Đường trước nhà rộng 4m, ô tô đỗ cửa, giao thông vô cùng thuận tiện. 📍
✨ Ưu điểm: Cụm 6 căn mới tinh, thiết kế 5 tầng hiện đại, nội thất cơ bản đầy đủ, đẹp long lanh, dọn về ở ngay.
📐 Thông số: 30,3m² x 5 tầng.
• Tầng 1: Phòng khách, bếp.
• Tầng 2, 3, 4: Mỗi tầng 1 phòng ngủ + WC.
• Tầng 5: Phòng thờ, sân phơi. 💎
⚙️ Phù hợp: Gia đình ở lâu dài, cho thuê hoặc đầu tư sinh lời an toàn.
📜 Pháp lý: Sổ đỏ chính chủ, pháp lý sạch, giao dịch ngay.
✨ BĐS Minh Khôi - Thiết kế và xây dựng.
Hỗ trợ bán nhanh nhà - đất - căn hộ Hà Nội.
1️⃣ Sẵn nguồn khách hàng tiềm năng.
2️⃣ Bán nhanh nhất, giá cao nhất.
3️⃣ Bảo mật sự riêng tư tuyệt đối.
4️⃣ Phí môi giới hợp lý nhất.
5️⃣ Hỗ trợ pháp lý toàn diện.
Trân trọng!",141914659.78435573,4.3,small,3_5b
176007250,132323748,c chủ 70 tr/m2 OTO vào đất TỔ 11 TT ĐÔNG ANH,5700000000,83.4,Huyện Đông Anh,Xã Uy Nỗ,Hà Nội,Đất,3.0,9 giờ trước,"NHỈNH 70TR/M² – ĐẤT TỔ 11 TT ĐÔNG ANH – Ô TÔ TRÁNH, VÀO ĐẤT

Bán lô đất đẹp tại Tổ 11, Thị trấn Đông Anh:

Diện tích 83m²

Mặt tiền, hậu 5,15m vuông vắn

Sổ đỏ chính chủ

Ngõ ô tô tránh, ô tô vào tận đất


📍 Vị trí cực đẹp:

Cạnh chợ, hồ điều hòa, trường học

Chỉ 50m ra đường 6 làn xe

Khu dân cư đông đúc, hạ tầng phát triển


✅ Phù hợp định cư lâu dài hoặc đầu tư sinh lời

💰 Giá: nhỉnh 70 triệu/m²

📞 Liên hệ: *** (A Thuần) để xem đất trực tiếp.",68345323.7410072,5.7,medium,5_10b
176054796,132364714,CHO THUÊ NHÀ NGUYÊN CĂN (ẢNH THẬT) – FULL CÔNG NĂNG Ở CẦU GIẤY,15500000,40.0,Quận Cầu Giấy,Phường Yên Hoà,Hà Nội,Nhà ở,5.0,8 giờ trước,"🏡 CHO THUÊ NHÀ NGUYÊN CĂN (ẢNH THẬT) – FULL CÔNG NĂNG Ở PHÙ HỢP CÁC HỘ GIA ĐÌNH KHU VỰC YÊN HÒA - CẦU GIẤY
✨ Diện tích: 40m²
✨ Kết cấu: 6 tầng
✨ 5 phòng ngủ – 6 WC rộng rãi, tiện nghi
✨ Phù hợp: hộ gia đình, nhóm người đi làm, văn phòng, kinh doanh online…

📍 Vị trí cực kỳ thuận tiện:

Gần trường học
Gần bệnh viện
Gần chợ dân sinh
Gần trung tâm thương mại
Khu dân cư an ninh, giao thông thuận tiện

💰 Giá thuê chỉ: 16 triệu/tháng

📞 Liên hệ ngay : *** để xem nhà thực tế và chốt sớm vì nhà đẹp giá tốt không có nhiều!
Miễn mg và tg ạ",387500.0,0.0155,small,under_1b
176057216,132366788,"CHO THUÊ MBKD SÀN VĂN PHÒNG PHỐ KIM MÃ – BA ĐÌNH - 440m2, 17tr/Tầng",17000000,110.0,Quận Ba Đình,Phường Kim Mã,Hà Nội,Nhà ở,4.0,6 giờ trước,"CHO THUÊ MBKD SÀN VĂN PHÒNG PHỐ KIM MÃ – BA ĐÌNH 
- Tòa nhà văn phòng phố Kim Mã, trung tâm quận Ba Đình. Gần bến xe Kim Mã. Ngõ rộng 2 ô tô tránh nhau, khu dân trí cao. Cách mặt phố 30m
- Nhà mới lô góc, 2 mặt tiền, 6 tầng thang máy hiện đại
- Chỗ để xe máy ô tô rộng thoải mái
- Diện tích 110m2, trống tầng 1,2,3,4 cho thuê 
- Thuê riêng từng tầng: 17 triệu/tháng
- Thuê cả 4 tầng: 65 triệu/tháng
Khách có nhu cầu thuê liên hệ trực tiếp, miễn TG-MG",154545.45454545456,0.017,large,under_1b
176054547,132364741,PHÒNG TRỌ SIÊU CẤP RẺ NGAY VĂN QUÁN - VSKK 25M2 SIÊU RỘNG THOÁNG,3000000,25.0,Quận Hà Đông,Phường Văn Quán,Hà Nội,Phòng trọ,3.0,8 giờ trước,"🏡 PHÒNG SIÊU RẺ Y HÌNH - VĂN QUÁN - YÊN XÁ 🏡 Ở LUÔN

✨ Giá KM chỉ 3TR050/tháng – Số lượng có hạn!
📍 Địa chỉ: 241 Yên Xá (Đường nối Nguyễn Khuyến - Chiến Thắng)
🔑 Loại phòng: Đơn | 📏 Diện tích: 22m²

💡 Chi phí dịch vụ: Điện 4.2K/số, nước 120K/ng, wifi 100K, sạc xe điện 90K, dịch vụ chung 160K/người.
🏢 Tiện ích: Full nội thất hiện đại (điều hòa, nóng lạnh, tủ quần áo, gương…), gần phố ẩm thực, chợ, Vinmart, hiệu thuốc – Thuận tiện di chuyển.",120000.0,0.003,very_small,under_1b
176045358,132356547,"ĐẤT FO HÒA LẠC, DT 100M2, MT 5,,4M, GIÁ  2,46 TỶ",2460000000,100.0,Huyện Quốc Oai,Xã Phú Cát,Hà Nội,Đất,3.0,13 giờ trước,"LÔ ĐẤT – F0  HÒA LẠC 100M² FULL THỔ CƯ – MẶT TIỀN 5,5M – GIÁ NHỈNH 2,46 TỶ Diện tích: 100m² – full thổ cư Mặt tiền rộng 5,4m – vuông vắn không lỗi lầm gì Đường trước đất rộng, ô tô vào thoải mái , khu dân cư đông, xây nhà ở ngay được, kết nối nhanh về trung tâm Hà Nội Cách Khu Công nghệ cao Hoà Lạc, ĐH FPT, ĐHQG chỉ vài phút 💰 Giá 2,46 tỷ – phân khúc hiếm còn sót lại Mua ở lâu dài, khu vực đáng sống và làm việc Đầu tư giữ tiền – đón sóng khu công nghệ vệ tinh Hòa Lạc, khai thác dòng tiền

Giá: 2,46 tỷ
 Diện tích: 100 m²Địa chỉ tài sản:Đường Quốc lộ 21, Xã Hạ Bằng, Hà Nội

Đường Quốc lộ 21, Xã Phú Cát, Huyện Quốc Oai, Hà Nội (địa chỉ cũ)

Thông tin liên hệ QUYÊN",24600000.0,2.46,medium,1_3b
176047684,132358603,CHO THUÊ PHÒNG TRỌ KHÉP KÍN CÁCH CẦU CHƯƠNG DƯƠNG 100M,2800000,26.0,Quận Long Biên,Phường Bồ Đề,Hà Nội,Phòng trọ,3.0,12 giờ trước,"Dự án: 
Thông tin chi tiết: Phòng trọ cho thuê full đồ
Điện nước giá dân
Phí dịch vụ 100k
Vào ở luôn
Không chung chủ giờ giấc tự do
Chỗ để xe free
Giao thông thuận tiện 
Liên hệ xem phòng ngay nhé",107692.30769230769,0.0028,very_small,under_1b
175037028,131494358,"Nhà cấp 4 Đầu ngõ 174 đường Tam Trinh. SĐ riêng, vị trí đẹp.",4890000000,25.0,Quận Hoàng Mai,Phường Mai Động,Hà Nội,Nhà ở,2.0,13 giờ trước,"Gia đình tôi cần bán nhà cấp 4 Đầu Ngõ 174 Đường Tam Trinh.
 - Diện tích sổ đỏ riêng 25m2, MT4.5m. Vuông vức. Hiện trạng có hai phòng cấp 4 còn mới cho thuê. Hợp đồng điện nước riêng. 
- Ngõ Trước nhà hơn 2m. Ô tô đỗ cách nhà 15m. Cách mặt phố 50m, ngay đầu ngõ có bãi gửi ô tô. Ngõ thông, gần phố, chợ., Trường học. Hàng xóm thân thiện, hiền lành. Phù hợp mua cho thuê giữ tiền hoặc xây lại nhà mới. 
- Sổ đỏ riêng quyển đứng tên vợ chồng tôi. Nguồn gốc đất sạch, không có quy hoạch, không có tranh chấp. Giá bán : 4.89 tỷ_ bao STSĐ. Vậy ai có nhu cầu xin liên hệ trực tiếp mình nhé.",195600000.0,4.89,very_small,3_5b
176054858,132364761,GIÁ RẺ BẤT NGỜ - NGAY TRUNG TÂM THANH XUÂN FULL ĐỒ MÀ CHỈ CÓ 3TR3,3300000,20.0,Quận Thanh Xuân,Phường Khương Đình,Hà Nội,Phòng trọ,3.0,8 giờ trước,"Thông tin chi tiết: 🏡 KHAI TRƯƠNG CCMN STUDIO FULL ĐỒ – NGÃ TƯ THANH XUÂN - KHUẤT DUY TIẾN Ở LUÔN
📍 Ngõ 75 Nguyễn Xiển - ở luôn oto đỗ cửa
⏰ Tình trạng: trống – ở được ngay
💰 Giá thuê: 3tr3/tháng
🏠 Dạng phòng: Gác xếp từ 25 - 30m2 , có cả 1N1K
🛋️ Nội thất: full như hình, tủ lạnh, máy giặt riêng
⚡ Dịch vụ: Điện 4k2/số | Nước 35k/m3 | Mạng 100k/tháng | DV chung 100k/ng
📞 Hotline xem phòng: ***
📩 Inbox/Zalo để giữ phòng sớm – phòng studio full đồ khu Định Công Thượng khá nhanh hết",165000.0,0.0033,very_small,under_1b
175424736,131824090,CC cần cho thuê phòng trọ tại khu vực gần Bách - Kinh - Xây,4000000,30.0,Quận Hai Bà Trưng,Phường Bạch Mai,Hà Nội,Phòng trọ,3.0,13 giờ trước,"Mình cho thuê phòng trọ tại Ngõ Giếng Mứt cạnh 468 Bạch Mai. 
Nhà tầng có thể ở chung người ( ưu tiên hộ gia đình nhỏ - lâu dài)
- Diện tích gần 30m2 gồm:
1 sảnh bếp + 1 wc có nóng lạnh - 1 phòng ngủ rộng có điều hòa + khu phơi đồ + chỗ để xe) 
- Điện nước giá dân + an ninh tốt , không phí dịch vụ
- Gần Bách - Kinh - Xây có thể đi bộ ra trường 
- Điện, đường , trường , chợ thuận lợi -Khép kín, không chung chủ 
- Giờ giấc thoải mái, đi đóng về khóa.
Giá thuê: 4tr/ tháng ( đóng 3 cọc 1)",133333.33333333334,0.004,very_small,under_1b
174849717,131334625,CHÍNH CHỦ BÁN CĂN TẦNG 5 Tam Trinh 3 Ngủ Full Đồ,5785000000,90.0,Quận Hoàng Mai,Phường Tương Mai,Hà Nội,Căn hộ/Chung cư,3.0,8 giờ trước,"Chính Chủ Bán
 
BÁN NHÀ TẬP THỂ NGÕ 319 TAM TRINH
- NHÀ ĐẸP NHƯ CHUNG CƯ - SỐ 50M2 - DIỆN TÍCH SỬ DỤNG 90m
- 2 THOÁNG TRƯỚC SAU - 3 NGỦ 2WC
- Căn hộ tập thể cực đẹp, khu nhà 5 tầng, nhà mình bán TẦNG 5, 2 thoáng trước sau nên nhà luôn sáng và rất thoáng mát.
• Nhà cực đẹp, nội thất long lanh tặng lại gần như toàn bộ
• Thiết kế 3 phòng ngủ - 2 vệ sinh (trong đó 1 phòng khép kín), phù hợp gia đình đông người.
- Có thể lên được TẦNG 6
Cầu thang 2 : Rộng rãi đi lại thoải mái
Ô tô tránh chân cầu thang
Không gian sáng, đón gió tự nhiên
Nội Thất Để Lại Chỉ Việc Xách Vali về ở
Có Thương Lượng",64277777.777777776,5.785,medium,5_10b
176054848,132364772,"2,5-3,5tr/ phòng , phòng đẹp, oto đỗ cửa gần ĐH Công Nghiệp, CD FPT",2500000,25.0,Huyện Hoài Đức,Xã Vân Canh,Hà Nội,Phòng trọ,3.0,8 giờ trước,"MH HOME- TỔ ẤM CHO NGƯỜI XA QUÊ 
ĐANG TRỐNG PHÒNG VÀO Ở LUÔN .GIÁ ƯU ĐÃI HẤP DẪN .
CHỈ TỪ 2,5 - 3,3  TRIỆU/ PHÒNG

Địa chỉ: Liền kề 42,Khu đô thị HUD Vân Canh và KĐT Lideco Trạm Trôi
ĐƯỜNG TO, RÔNG, CÓ CHỖ ĐỂ Ô TÔ

- Diện tích phòng từ 25m2- 30m2
- Phòng ngủ và bếp riêng biệt rất thoáng.Vệ sinh khép kín
- Phòng đủ đồ: điều hoà, nóng lạnh, giường gỗ, tủ quần áo, bàn bếp, chậu rửa, máy giặt chung
- Có cửa sổ rộng, thoáng mát.Gần chợ, tiện đi lại
- Phòng rộng ở khu đô thị, đường to, có chỗ để ô tô 
- Nhà để xe rộng, an ninh tốt, yên tĩnh. Khoá cổng vân tay, có camera
- Gần trường Cao đẳng FPT , Đại học Đông Á , CĐ quốc tế. Thẳng đường Trịnh Văn Bô kéo dài, cách trường đại học Công Nghiệp 2,5km. Cách sân vận động Mỹ Đình 3,5m. Rất tiện đi lại
-Không ở chung chủ nhà ở văn minh, hàng xóm thân thiện,gần hàng quán, có nhiều cây xanh, an ninh. Ưu tiên cho khách thuê có thiện chí thuê ở lâu dài.
- Dịch vụ: điện 3,8k/ số. Nước 28k/ khối

",100000.0,0.0025,very_small,under_1b
175992938,132311525,"NHÀ MỚI Số 11 ngõ 131 Vương Thừa Vũ, FULL NỘI THẤT NGÕ OTO ",6600000,36.0,Quận Đống Đa,Phường Ngã Tư Sở,Hà Nội,Phòng trọ,3.0,10 giờ trước,"NHÀ MỚI FULL NỘI THẤT, BAN CÔNG SIÊU THOÁNG, Ngõ 🚗
🏠 Số 11 ngõ 131 Vương Thừa Vũ, ngay ToYaTa Trường Chinh
💥 Nhà MỚI - Phòng rộng 36m2, Ban công cực thoáng mát
- Nội Thất: Sofa, Tủ Lạnh, Tivi, Bàn ăn, Giường, Đệm cao su non, bếp từ, thang máy, máy giặt ...
- 5 Phút đi tới các trường ĐH Y, ĐH CÔNG ĐOÀN, ĐH THỦY LỢI, ĐH NGÂN HÀNG, ĐH BÁCH KHOA, NEU...
- Giá sinh viên, đầy đủ PCCC, RA VÀO khóa vân tay, thang máy siêu êm, nhà mới
👉 Tiện ích: chợ , siêu thị, bãi gửi xe ngay tòa nhà...
🛒 Dịch Vụ: ĐIỆN 3800 đ/ số, NƯỚC 100K/ người. Mạng 100k
☎️ LH CHÍNH CHỦ: ZALO XEM PHÒNG TRỰC TIẾP 24/7",183333.33333333334,0.0066,small,under_1b
175995441,132313575,Thuê nhà Đào Tấn,18000000,60.0,Quận Ba Đình,Phường Cống Vị,Hà Nội,Nhà ở,4.0,10 giờ trước,"Nhà riêng cho thuê diện tích 61m2/sàn, nhà 3 tầng 1 tum, hiện trạng nhà như hình, vào ở được ngay, có 4 pn, 5vs, 1 tum ",300000.0,0.018,small,under_1b
175962064,132284908,"Phòng trọ khép kín full nội thất, trung tâm Hào Nam, Giảng Võ",3500000,25.0,Quận Đống Đa,Phường Nam Đồng,Hà Nội,Phòng trọ,3.0,10 giờ trước,"Phòng full nội thất VS khép kín
Vị trí trung tâm quận đống đa, cách Thái Hà, Láng Hạ, 1km, cạnh bến tàu điện Cát Linh, gần bệnh viện trường đại học
Nhà 7 tầng có thang máy, hệ thống phòng cháy tiêu chuẩn an toàn. Mặt ngõ rộng rộng dễ tìm kinh doanh online được
Nhà rộng mỗi phòng 25m2, mặt đường vừa ở vừa kinh doanh được.
Full nội thất, khép kín, có bếp riêng, máy giặt sân phơi chung, wifi các tầng.
Phòng full nội thất, giường 1,6m, tủ lạnh, điều hoà, bàn trang điểm, bàn làm việc, bàn ăn.
Bếp riêng không ở trong phòng nên sạch sẽ không bị mùi
Hàng tuần có vệ sinh chung hành lang thang máy.
Không chung chủ giờ giấc tự do, có camera 24/7.
+ Địa chỉ: số 16 ngõ 127 Hào Nam, Đống Đa
+ Giá từ 3,5 triệu/1 tháng.
Chính chủ miễn môi giới.
(Cam kết phòng như hình 100%).
Liên hệ Mr Trường.",140000.0,0.0035,very_small,under_1b
176057264,132366830,"Phòng trọ cự lộc, thanh xuân",2000000,25.0,Quận Thanh Xuân,Phường Thượng Đình,Hà Nội,Phòng trọ,3.0,6 giờ trước,"Cho thuê phòng  2tr
Là nữ
Vsc vs 1p 1ng
 chung chủ 
Có sẵn điều hoà, nl, giường bàn ghế",80000.0,0.002,very_small,under_1b
176057268,132366831,"Bán CCMN Thanh Xuân,Bùi Xương Trạch- Rộng Đẹp Giá Rẻ Ô Tô Tránh",2180000000,52.0,Quận Thanh Xuân,Phường Khương Đình,Hà Nội,Căn hộ/Chung cư,2.0,6 giờ trước,"Dự án: 
Thông tin chi tiết: 🩷E Bán Chung Cư Mini Ô tô tránh nhau. Full nội thất đẹp tặng gia đình về ở ngay
✅Khu vực Vũ Tông Phan, Bùi Xương Trạch hộ khẩu Thanh Xuân full nhiều tiện ích
✅ Dt 52m 2ngủ1wc 1ban công. 
✅ Thang máy, Thẻ từ cư dân đầy đủ. Phí dịch vụ siêu rẻ gần như ko mất
✅Cam kết chị chủ tặng toàn bộ đồ như hình. Gia đình chỉ việc về ở luôn
✅Sổ chung cả toà. Ký hđ mua bán vi bằng với chủ căn hộ
🤝 Giá 2,1x tỷ có thương lượng rất thiện chí
☎️Lh *** ( zalo,mess,tiktok...) lấy video và xem nhà 24/24 #ccmnhanoi #chungcugiare #chungcuminihanoi #chungcuminihanoidep #banchungcuminihanoi",41923076.92307692,2.18,small,1_3b
176059682,132368882,"62Full TC tai Lò Nồi - Đông Sơn, Quang Tiến, Sóc Sơn, Hà Nội",2232000000,62.0,Huyện Sóc Sơn,Xã Quang Tiến,Hà Nội,Đất,3.0,4 giờ trước,"Dự án: 
Thông tin chi tiết: 👉Mặt tiền 4m, hậu 4,08m
👉 đường thông rộng 4,5m, phía trước đất có sân lưu không rộng 80m
👉 250m ra đường Hà Nội - Đại Lải (dự án mở rộng 2 làn 50m)
👉 Cách khu công nghiệp Nội bài và khu CN2 2km, cách sân bay 5km
👉 Ranh giới rõ ràng, sẵn sổ giao dịch",36000000.0,2.232,medium,1_3b
176047735,132358647,Pass phòng khép kín 2tr2 sạch sẽ thoáng mát,2200000,15.0,Quận Nam Từ Liêm,Phường Mỹ Đình 1,Hà Nội,Phòng trọ,3.0,12 giờ trước,"Dự án: 
Thông tin chi tiết: Pass phòng  2tr2, khép kín, nóng lạnh, tầng  cao, có thang máy, 2 cửa sổ, nhiều ánh sáng tự nhiên, thoáng sạch, không bí bách, có sẵn quạt tiết kiệm điện, phòng mát tự nhiên, không cần dùng điều hoà vẫn dễ chịu, an ninh tốt. Phơi đồ sân thượng rộng rãi. Có pallet 
Phòng ở 322 Mỹ Đình nhé
Điện 4k Nước 35k 1 khối - dịch vụ thang máy, wifi, điện chung, rác 150k, nếu đi xe 100k 1 xe có bảo vệ trông. Toà có bảo vệ tầng 1 nên an ninh tốt, 11:30 đóng cửa. 
Có thể vào ở luôn hoặc đầu tháng
Phù hợp ở 1  hoặc 2 tiết kiệm, cần không gian thoáng sạch sẽ",146666.66666666666,0.0022,very_small,under_1b
175997830,132315645,cho thuê căn hộ 2 phòng ngủ đội cấn - vạn bảo,13000000,80.0,Quận Ba Đình,Phường Đội Cấn,Hà Nội,Căn hộ/Chung cư,2.0,10 giờ trước,"Dự án: 
Thông tin chi tiết: Cho thuê căn hộ chung cư 2 phòng ngủ 2 WC trung tâm Quận Ba Đình.
Với diện tích 80m² sàn. Thiết kế hiện đại, full nội thất cao cấp. PCCC đạt tiêu chuẩn. Máy giặt. Máy sấy riêng, bếp khách, ti vi, tủ lạnh. Toà nhà có bảo vệ 24/24. Dọn phòng miễn phí 2 lần 1 tuần",162500.0,0.013,medium,under_1b
176057298,132366851,"CHO THUÊ NHÀ PHỐ HÀO NAM – ĐỐNG ĐA – Ô TÔ VÀO NHÀ – Ở, VP CTY…21TR/TH",21000000,50.0,Quận Đống Đa,Phường Ô Chợ Dừa,Hà Nội,Nhà ở,4.0,6 giờ trước,"CHO THUÊ NHÀ PHỐ HÀO NAM – ĐỐNG ĐA – Ô TÔ VÀO NHÀ – Ở, VP CTY…21TR/TH
- Vị trí đẹp, khu phân lô, ôtô tránh, gara ôtô, ở hoặc làm vp cty, kd …
- Diện tích 50m2 x 4 tầng
- Mỗi tầng 2 phòng ngủ, 1 vs
- Tầng 1 khách bếp, gara ô tô
- Đủ công năng sử dụng
- Nội thất cơ bản: Điều hòa, nóng lạnh, giường tủ, tủ bếp…
- Giá thuê 21 triệu/tháng",420000.0,0.021,small,under_1b
176059055,132368900,"Cho thuê nguyên căn sân vườn 80m2, nội thất full, chỉ việc về ở.",13500000,80.0,Quận Long Biên,Phường Ngọc Thụy,Hà Nội,Nhà ở,1.0,4 giờ trước,"Nhà View Sông Hồng, Nguyên Căn sân vân vườn Thoáng Mát, Đáng Sống 80m2, nội thất full như ảnh chỉ việc về ở.

Nhà vườn 2 tầng gồm 1 phòng ngủ, 1 phòng khách bếp, 1 phòng tắm, đầy đủ nội thất hiện đại, sẵn sàng vào ở ngay. Chỉ 5 phút lái xe đến Trường Quốc tế Pháp Hà Nội, thuận tiện di chuyển.

Điểm cộng nổi bật là sân vườn rộng rãi cùng tầm nhìn thoáng đãng view thẳng mặt sông.
Hình thức cọc 1 đóng 2, hợp đồng 1 năm. Chủ chỉ nhận khách nước ngoài. ",168750.0,0.0135,medium,under_1b
176054634,132364821,THANH XUÂN - PHÂN LÔ QUÂN ĐỘI - 50m - 5 TẦNG THANG MÁY - 12 TỶ 250,12250000000,50.0,Quận Thanh Xuân,Phường Khương Mai,Hà Nội,Nhà ở,6.0,8 giờ trước,"HOA KHÔI THANH XUÂN - PHÂN LÔ QUÂN ĐỘI - THOÁNG SÁNG TRƯỚC SAU - THANG MÁY - NHÀ ĐẸP Ở NGAY!

📐 50m - 5 tầng - MT 4.2m

💰 12.250tỷ (giá còn thương lượng mạnh)

✔️ Căn nhà thoáng trước sau nên phòng nào cũng ngập tràn ánh sáng tự nhiên, gia chủ tặng lại full nội thất tiền tỷ

✔️ Khu dân trí cao, giao thông thuận tiện.

✔️ Phù hợp ở gia đình hoặc kết hợp làm việc.

📕 Sổ vuông phân lô, giao dịch ngay
",245000000.0,12.25,small,over_10b
176052558,132362779,Bán căn góc đẹp nhất chung cư Gemek Tower,4200000000,68.0,Huyện Hoài Đức,Xã An Khánh,Hà Nội,Căn hộ/Chung cư,2.0,9 giờ trước,"Bán căn góc đẹp nhất chung cư Gemek-1, tòa A1. Diện tích thông thủy 60,3m2 (tim tường hơn 68m2),ban công hướng đông-nam nhưng gần chính nam, gió mát lạnh mùa hè, mùa đông thì ấm ám. Căn góc nên có ánh sáng tốt và thoáng mát 2 phòng ngủ, đặc biệt gió thông qua 2 phòng ngủ mát lạnh. Mùa hè bật điều hòa rất ít. Nhà có 1 ban công rộng và cực tối ưu về diện tích sử dụng. Nhà full nội thất và để lại toàn bộ nội thất cho chủ mới. Đặc biệt nhà rất có lộc. Chủ nhà sẵn sàng thuê lại ngay với giá cao hơn thị trường. Giá có thương lượng với người mua thiện chí. LH ***",61764705.88235294,4.2,medium,3_5b
176026510,132340272,Cho thuê căn hộ chung cư Khu đô thị Nam Trung Yên,9500000,60.0,Quận Cầu Giấy,Phường Yên Hoà,Hà Nội,Căn hộ/Chung cư,2.0,13 giờ trước,"Cho thuê căn hộ chung cư Khu đô thị Nam Trung Yên
- Diện tích 60m2, 2 PN, 1 WC.
- Căn góc, thoáng, nhà có điều hoà, nóng lạnh, tủ bếp cho khách thuê.
- Cho thuê hộ gđ, ở nhóm.
Giá cho thuê 9.5tr/tháng.
( ảnh minh hoạ, ib e nhận video căn hộ )",158333.33333333334,0.0095,small,under_1b
172460549,129272380,"Chính chủ cho thuê căn hộ Ngõ 1 Nghĩa Tân: 30m2, full nội thất 3.5tr",3500000,30.0,Quận Cầu Giấy,Phường Nghĩa Tân,Hà Nội,Căn hộ/Chung cư,1.0,8 giờ trước,"Chính chủ cho thuê căn hộ mới tinh Ngõ 1 Nghĩa Tân: 30m2, full nội thất không thiếu gì chỉ việc đến ở, nhà mới, giá cho thuê 3,5tr",116666.66666666667,0.0035,very_small,under_1b
176047815,132358718,Cho thuê nhà nguyên căn mới tinh Bát Khối,10000000,55.0,Quận Long Biên,Phường Thạch Bàn,Hà Nội,Nhà ở,3.0,12 giờ trước,"🏡CHO THUÊ NHÀ NGUYÊN CĂN MỚI TINH BÁT KHỐI - THẠCH BÀN - Ô TÔ ĐỖ NGÀY ĐÊM CÁCH 30M - 4PN - NỘI THẤT ĐẦY ĐỦ - Ở HỘ GIA ĐÌNH - AEON MALL LONG BIÊN 5P!
+ Nhà 5 tầng mới: 
Tầng 1: PK, bếp, WC
Tầng 2,3: mỗi tầng 2PN, WC
Tầng 4: Phòng thờ, sân phơi, WC
Tầng 5: sân phơi. 
+ Nội thất: 5 điều hoà, 3 Nóng lạnh, Tủ bếp, bếp từ, hút mùi, 3 giường tủ, máy giặt, tủ lạnh, bàn ăn, sofa.
+ Giá thuê  r. Đóng 3 cọc 1. HĐ trên 1 năm. 
LH",181818.18181818182,0.01,small,under_1b
176021866,132336194,"Siêu Đẹp Phố Quan Nhân, nhà đẹp ở luôn, oto đỗ cửa, KD,SPA, 35m*5 tầng",7500000000,35.0,Quận Thanh Xuân,Phường Nhân Chính,Hà Nội,Nhà ở,4.0,12 giờ trước,"Dự án: 
Thông tin chi tiết: Vị trí đẹp , an ninh tốt ,sát phố ,sát trường học,thuận lợi di chuyển sang các tuyến phố Nguyễn Trãi, Trần Duy Hưng, Lê Văn Lương, Hoàng đạo Thúy, Quan Nhân, Hoàng Ngân, Nguyễn Ngọc Vũ...
Tiện ích đầy đủ không thiếu thứ gì, gần chợ, trường học các cấp... 

🌺 Nhà thiết kế:

+ tầng 1 : phòng khách + bếp + wc

+ tầng 2,3,4 :mỗi tầng 1 phòng+ wc

+ tầng 5: phòng thờ + sân phơi. 

📕Sổ đỏ cất két, sẵn sàng giao dịch.

- LH: Mr Tú *** để được tư vấn và xem nhà.",214285714.2857143,7.5,small,5_10b
175061317,131514952,"Cho thuê VP 20m2 ở Láng Hạ. Điện rẻ 3500, từ 2.5TR",2500000,20.0,Quận Đống Đa,Phường Láng Hạ,Hà Nội,"Văn phòng, Mặt bằng kinh doanh",3.0,12 giờ trước,"Cho thuê các phòng 20m2 làm văn phòng hành chính ít người, làm việc online tại Láng Hạ ( đoạn chân cầu vượt Lê Văn Lương )

Trống các phòng tầng 2, 3 và 4 

Tòa nhà cơ quan. Có bảo vệ, được làm việc 24h qua đêm cả lễ tết

Điện rẻ 3500 mỗi số, gửi xe máy chưa đến 50k / xe  / tháng. Chi phí hợp lý

Phù hợp mọi mô hình văn phòng nhỏ ít người, hành chính giấy tờ, livestream. 

Giá thuê từ 2.5TR - 4TR tùy tầng",125000.0,0.0025,very_small,under_1b
176024097,132338253,Bán nhà mặt phố,51000000000,60.0,Quận Hoàn Kiếm,Phường Hàng Bồ,Hà Nội,Nhà ở,3.0,8 giờ trước," Tôi chính chủ cần bán nhà mặt phố Hàng Vải đang ở và kinh doanh lâu năm , rất thuận tiện  buôn bán các mặt hàng và làm homestay , khách sạn . Diện tích sổ  và thực tế là 60m 1 sàn / 3 tầng . Nhà kiến trúc Pháp cổ chắc chắn và rất đẹp  Sổ đỏ pháp lý đầy đủ, rõ ràng không tranh chấp . Có thương lượng cho quý khách hữu duyên và thiện chí , có thể qua xem trực tiếp  hoặc  liên hệ : Nam *** để cần thêm thông tin và trao đổi , chấp nhận các bạn môi giới .",850000000.0,51.0,small,over_10b
174284775,130853455,Phòng trọ giá rẻ ngõ 13,600000,14.0,Huyện Thanh Trì,Xã Tả Thanh Oai,Hà Nội,Phòng trọ,3.0,4 giờ trước,"Cho thuê phòng trọ giá rẻ ngõ 13
Phòng không khép kín, vệ sinh chung
Phòng sạch sẽ, thoáng mát
Vệ sinh sạch sẽ
An ninh tốt",42857.142857142855,0.0006,very_small,under_1b
175291566,131709520,"Bán lô đất đấu giá khu xương cá , đg cây sữa kim bài DT78,4m2, MT4,5m",8900000000,78.4,Huyện Thanh Oai,Thị trấn Kim Bài,Hà Nội,Đất,3.0,13 giờ trước,"Chính chủ  sổ đỏ cần bán lô đất đấu giá khu xương cá thuộc trung tâm thị trấn kim bài cũ nay là xã thanh oai , đường cây sữa ,  Diện tích lô đất 78,4m2 , mặt tiền 4,5m ,   *** lô mặt đường kinh doanh đẹp , ( sổ đỏ sẵn sàng giao dịch) dịch vụ tiện ích cạnh công viên , nhà thi đấu , sân vận động , gần sát đường trục phát triển , Ai quan tâm vui lòng liên hệ :  ***",113520408.1632653,8.9,medium,5_10b
176054987,132364883,chính chủ bán nhà 4 tầng dân xây khu đấu giá x-1 cự khối,14200000000,98.0,Quận Long Biên,Phường Cự Khối,Hà Nội,Nhà ở,4.0,8 giờ trước,"Dự án: 
Thông tin chi tiết: Bán nhà 3 tầng dân xây khu đấu giá x1 cự khối 
+ Diện tích 98 m2 
+ Mặt tiền 9 mét 
+ Đường trước nhà 5 mét trải nhựa 
+ Cách hồ đầm tranh 200 mét 
+ Bán kính 500 mét đầy đủ tiện ích trường chợ ….
+ Hiện đang có nhà 3 tầng đang cho thuê mỗi tháng 15 triệu 
+ Giá 14.2 tỷ ( có thương lượng chút) 
+ Liên hệ *** Em Huân ( chuyên bds long biên)",144897959.18367347,14.2,medium,over_10b
176047843,132358746,"Tôi chủ nhà cho thuê CCMN tại Láng Hạ, máy giặt riêng, sát phố, 20m",5200000,25.0,Quận Đống Đa,Phường Láng Hạ,Hà Nội,Phòng trọ,3.0,12 giờ trước,"Tôi chủ nhà cho thuê CCMN tại Láng Hạ, full đồ, máy giặt riêng, thang máy, sát phố, 20m.

- Cho thuê phòng chung cư mini Láng Hạ 20m² giá chỉ 5.2tr.

- Phòng khép kín, đầy đủ nội thất, máy giặt riêng.

- Khóa cổng vân tay, không chung chủ, giờ giấc thoải mái.

- Nhà mới PCCC/ thang máy đầy đủ.
",208000.0,0.0052,very_small,under_1b
176009869,132325981,Sở Hữu Căn hộ cao cấp Trung Tâm Hà Đông chỉ hơn 5 tỷ,5800000000,62.0,Quận Hà Đông,Phường Quang Trung,Hà Nội,Căn hộ/Chung cư,2.0,14 giờ trước,"Có hơn 5 tỷ không nghĩ lại có thể sở Hữu được căn hộ trong mơ tại Trung tâm Hà Đông
- Căn hộ cao cấp, tọa lạc tại số 4 Quang Trung Hà Đông Hà Nội, vị trí mặt đường giao thông đi lại cực thuận tiện.
- Gia chủ để lại nội thất thiết kế tân cổ điển, trị giá gần 500 triệu.
- Nhà hướng mát ban công đông nam rộng rãi sân tiểu cảnh. Căn hộ Tầng trung,View cực đẹp.
- Thiết kế 2 ngủ, khách, bếp, 1 wc.
- Pháp lý chuẩn chỉ, sổ cất két sẵn sàng giao dịch ngay.

Nhanh tay liên hệ em Vĩ *** để sở hữu ngay hàng đẹp hiếm có này.
Nguyễn Vĩ BĐS thổ cư chỉ bán nhà "" Chuẩn"" hân hạnh được phục vụ!",93548387.09677419,5.8,medium,5_10b
176054995,132364899,"Cho thuê văn phòng tòa 249 Thụy Khuê,-full đồ - view  Hồ Tây - giá rẻ",40000000,150.0,Quận Tây Hồ,Phường Thụy Khuê,Hà Nội,"Văn phòng, Mặt bằng kinh doanh",3.0,8 giờ trước,"
Cần cho thuê sàn văn phòng cao cấp tại tòa HCMCC – 249 Thụy Khuê, Văn phòng sở hữu view cực thoáng nhìn trực diện khu Văn Cao – Hồ Tây sang trọng, chuyên nghiệp.
Liên hệ hotline: ***
Thông tin văn phòng cho thuê HCMCC 249 Thụy Khuê
•	Diện tích sử dụng: 150m2 
•	Giá thuê cực hấp dẫn: 
o	Chỉ 280.000đ/m2/tháng 
o	Đã bao gồm full nội thất 
•	Có thể vào sử dụng ngay 
Nội thất bàn giao đầy đủ – setup chuyên nghiệp
Văn phòng được đầu tư hoàn thiện đồng bộ, tiết kiệm chi phí setup cho doanh nghiệp:
•	Bộ sofa tiếp khách sang trọng 
•	Bàn ghế phòng họp đầy đủ 
•	Khu làm việc nhân viên hiện đại 
•	Trần thạch cao hoàn thiện đẹp 
•	Sàn thảm văn phòng cao cấp 
•	Vách kính phân chia không gian chuyên nghiệp 
•	Hệ thống chiếu sáng tiêu chuẩn 
•	Không gian làm việc sang – xịn – mịn 
Điểm mạnh nổi bật
•	View mặt đường Văn Cao – Hồ Tây cực thoáng và đẳng cấp 
•	Vị trí đẹp khu Tây Hồ giáp Ba Đình 
•	Tòa nhà chuyên nghiệp, khách thuê văn minh 
•	Phù hợp công ty công nghệ, xuất nhập khẩu, kiến trúc, tài chính, đại diện thương hiệu… 
•	Tiết kiệm thời gian và chi phí hoàn thiện vì đã có sẵn toàn bộ nội thất 
Lý do nên thuê ngay
•	Giá thuê hiếm trong khu vực Tây Hồ với văn phòng full nội thất 
•	Không cần đầu tư setup ban đầu 
•	Chỉ cần mang máy tính vào làm việc ngay 
•	Hình ảnh doanh nghiệp được nâng tầm rõ rệt khi tiếp khách 
Liên hệ ngay để xem thực tế văn phòng đẹp tại HCMCC 249 Thụy Khuê và nhận chính sách thuê ***.
Hotline phụ trách cho thuê: *** 
",266666.6666666667,0.04,large,under_1b
175272666,131693160,Nhà xây mới 8 tầng,26000000000,80.0,Quận Long Biên,Phường Long Biên,Hà Nội,Nhà ở,5.0,8 giờ trước,"Nhà xây mới 8 tầng tháng máy phun nội thất .tầng 1 để 2 xe oto canh hồ điều hòa Long biên,dân trí cao, 50m da cầu Trần Hưng đạo",325000000.0,26.0,medium,over_10b
176019421,132334209,cần bán,2150000000,31.0,Quận Hoàng Mai,Phường Thanh Trì,Hà Nội,Nhà ở,2.0,12 giờ trước,khu an ninh tốt gần trường cấp 1.2 thanh trì,69354838.70967741,2.15,small,1_3b
176047879,132358797,BÁN LÔ GÓC KINH DOANH NGAY GẦN CHỢ THÔN NHUẾ KIM CHUNG ĐÔNG ANH HÀ NỘI,19800000000,126.0,Huyện Đông Anh,Xã Kim Chung,Hà Nội,Đất,3.0,12 giờ trước,"Dự án: 
Thông tin chi tiết: BÁN LÔ GÓC KINH DOANH NGAY GẦN CHỢ THÔN NHUẾ KIM CHUNG ĐÔNG ANH HÀ NỘI. BA BƯỚC CHÂN RA CAO TỐC VÕ VĂN KIỆT .GẦN CẦU THĂNG LONG 10P QUA PHỐ

 Diện tích 126m mặt tiền 7m nở hậu phong thuỷ

 Lô góc 2 mặt tiền kinh doanh ngày đêm

Đường trước nhà ô tô tránh nhau thoải mái

Sẵn nhà C4 đang cho thuê dòng tiền ổn định 

Ba bước chân ra cao tốc võ văn kiệt .10p sang phố
  Sổ sách pháp lý chuẩn",157142857.14285713,19.8,large,over_10b
176031217,132344467,"Cần bán nhà 4,5 tầng - Vị trí đắc địa,Trung tâm Làng Hoa Ngọc Hà",23000000000,118.0,Quận Ba Đình,Phường Ngọc Hà,Hà Nội,Nhà ở,4.0,9 giờ trước,"ĐC: 60 Ngõ 158, Phố Ngọc hà, Phường Ba Đình, Hà Nội

* Đất sổ hồng chính chủ - loại đất ở tại đô thị lâu dài_Sở hữu riêng / diện tích sử dụng riêng: 118m² - điện tích sử dụng chung (lối đi chung 2 GĐ): 35.4m²  - KHÔNG NẰM TRONG BẤT KỲ QUY HOẠCH NÀO CỦA HÀ NỘI

* Vị trí: Trung tâm Làng Ngọc hà, gần: chợ dân sinh, gần trường tiểu học Ngọc Hà, trường mẫu giáo Ngọc Lan - Lối đi ra phố Ngọc Hà 5 phút, Lối đi ra phố Đội Cấn 4 phút, Lối đi ra phố Hoàng Hoa Thám 7 phút. 

* An ninh cực tốt, môi trường lành mạnh, thân tiện.

* Hiện trạng: Nhà xây 4.5 tầng kiên cố, diện tích xây dựng: 70 m²,  diện tích sử dụng >350m².  

* Nội thất nổi bật: Cửa, cầu thang làm bằng gỗ Lim ta_ Sàn T2, T3 lát gỗ Giáng Hương.

Tầng 1: Khách + bếp

Tầng 2: 1 ngủ + 1 lv +1 wc  

Tầng 3: 1 ngủ + 1 lv +1 wc  

Tầng 4: 2 ngủ +2 wc  

Tầng 5: sân + P.Thờ

>>> Giá 23 tỷ (CÓ THƯƠNG LƯỢNG)

- Thuế Phí thuộc về bên nào bên đó chịu.

>>>>Rất hoan nghênh và hợp tác với CÁ NHÂN các Bạn làm môi giới mua bán nhà đất Chuyên Nghiệp.

Miễn tiếp các bên đăng tin!",194915254.23728815,23.0,large,over_10b
176045620,132356757,"Cho thuê nhà ngõ phố Thành Công, Ba Đình 60m x 3tầng",17000000,60.0,Quận Ba Đình,Phường Thành Công,Hà Nội,Nhà ở,4.0,13 giờ trước,"Dự án: 
Thông tin chi tiết: Gồm: 4 ngủ , Khách, Bếp, 3 vệ sinh, bếp
- Nội thất. 2 điều hòa, 3 nóng lạnh.
Nằm tại khu vực trung tâm, đông dân cư, an ninh tốt, gần các trường học, chợ lớn, trung tâm hành chính, tiện đi lại ....
- Phù hợp cho gia đình, làm văn phòng, dạy học...spa, kinh online.
- Vị trí : 6 Thành Công
- ngõ  : 3 gác ( ô tô cách đường chính 30m)
- Nhận nhà: ngay
- Thanh toán: Đóng 3 cọc 1
- Hợp đồng ký 1-5 năm 
- LH để được xem & tư vấn miễn phí
- Thông tin và hình ảnh chuẩn 100%",283333.3333333333,0.017,small,under_1b
176044867,132356759,"Cho thuê nhà liền kề Vinhome Cổ Loa, phân khu Ánh Dương (65m2)",10000000,65.0,Huyện Đông Anh,Xã Đông Hội,Hà Nội,Nhà ở,1.0,13 giờ trước,"Cho thuê nhà liền kề xây thô, hoàn thiện mặt ngoài như trong hình. Cửa nhôm kính khóa đầy đủ. Đường phân khu 13m. Bên trong để thô. Phân khu Ánh Dương, Vinhome Global Gate. Tiện làm dịch vụ phục vụ trung tâm triển lãm quốc gia, khu phố đi bộ (chuẩn bị xây xong). Các tiện ích trong khu bao gồm trường học, khu 36 phố phường đã và đang triể khai. Tiện giao thông gần chân cầu Tứ Liên (2027 hoàn thành). 15 phút ra đến sân bay.Hướng cửa chính và ban công: Tây Nam, đón gió mát. - Mặt tiền rộng 4,5m, không gian thoáng đãng. - Gần siêu thị Winmart Đông Hội, tiện lợi cho việc mua sắm hàng ngày. Liên hệ:  *** (anh Tùng). Giá thuê 10tr/ tháng",153846.15384615384,0.01,medium,under_1b
176047917,132358812,cho thuê phòng trọ giá rẻ,1800000,15.0,Quận Long Biên,Phường Ngọc Thụy,Hà Nội,Phòng trọ,3.0,12 giờ trước,"Dự án: 
Thông tin chi tiết: Phòng sẵn giường tủ điều hoà nóng lạnh..
Điện 3,5k/ số
Nước 18k/ khối
Vào ở luôn
Chỗ để xe rộng rãi thoải mái
Internet mạnh
Gần chung cư khai sơn, học viện hậu cần..",120000.0,0.0018,very_small,under_1b
176005042,132321949,cho thuê nhà riêng,19000000,60.0,Quận Thanh Xuân,Phường Khương Đình,Hà Nội,Nhà ở,4.0,10 giờ trước,"Dự án: 
Thông tin chi tiết: Cho thuê nhà 16 ngõ 11 vương thừa vũ - Thanh Xuân - Hà Nội . Nhà 4 tầng ô tô ỗ cửa . Một bước ra Trường Chinh. Dịch vụ không thiếu thu gỉ , bv dhy y, roal city …. Ưu tiên hộ gia đình ở , kinh doanh online . Nhà đầy đủ tiện nghi nội thất . Liên hệ chị Hằng ***( nhà rộng rãi thoáng sạch nội thất xịn sò ….)",316666.6666666667,0.019,small,under_1b
176047914,132358815,"Nhỉnh 3 tỷ Tập thể Lê Quý Đôn, Hai Bà Trưng, T2 70m 2PN, sát phố SĐCC",3550000000,70.0,Quận Hai Bà Trưng,Phường Bạch Đằng,Hà Nội,Căn hộ/Chung cư,2.0,12 giờ trước,"- TT quận Hai Bà Trưng. Căn hộ nằm cách mặt phố vài bước chân ô tô đỗ.
+ Ngay cạnh vườn hoa Pasteur, bệnh viện TWQĐ 108, Việt Xô. Gần Vincom Bà Triệu – Hồ Hoàn Kiếm. Chợ, siêu thị ngay dưới nhà, trường học trong bán kính 500m. 
+ Khu dân trí cao, an ninh tốt, dịch vụ ăn uống – giải trí đầy đủ. 
- Thiết kế: 2 ngủ, WC khép kín, khách, bếp...thoáng sáng. Ở ngay.
- Sổ đỏ chính chủ, giao dịch ngay.
📞 Liên hệ M Thắng - *** để tư vấn và xem nhà miễn phí.
",50714285.71428572,3.55,medium,3_5b
175852723,132190882,"Bán nhà khương đình khương trung thanh xuân 5 tầng, 4 ngủ, ô tô đỗ cửa",8500000000,39.0,Quận Thanh Xuân,Phường Khương Đình,Hà Nội,Nhà ở,4.0,13 giờ trước,"ô tô đỗ cửa - chủ rất thiện trí bán nhà đẹp sẵn ở, 
tại phường khương đình, phố khương hạ , quận thanh xuân
kết nối gần với ngã tư sở nguyễn trãi đường trường chinh và phố vũ tông phan, khương trung, kim giang 
gần vô số các trường học, từ mẫu giáo đến đại học
thiết kế 5 tầng , 5 wc , 4 p ngủ , khách , bếp , p thờ , sân phơi
sổ đỏ nở hậu đẹp. công chứng nhanh, vị chí không quy hoạch
giá thỏa thuận
gọi ngay đt zlo để xem nhà
***. 
cảm ơn",217948717.94871795,8.5,small,5_10b
176021974,132336291,"Căn góc tòa i5 Imperia. Diện tích 76m² với 3 phòng ngủ, 2wc.",6450000000,76.0,Quận Nam Từ Liêm,Phường Tây Mỗ,Hà Nội,Căn hộ/Chung cư,3.0,10 giờ trước,"Bán căn hộ tại tòa i5 Imperi, gần nhà để xe nổi Parking Zone 4
Căn góc 76m² với 3 phòng ngủ, 2wc, phòng khách rộng tãi
Tầng trung, ban công thoáng mát, view Thiên Đường Bảo Sơn không bị chắn
Sẵn sổ đỏ, full nội thất như ảnh
Giá bán: 6,45 tỷ thu về
Liên hệ: ***",84868421.05263157,6.45,medium,5_10b
176050270,132360885,Căn hộ 3 ngủ Lê Văn Lương - Lô góc,6350000000,68.0,Quận Thanh Xuân,Phường Nhân Chính,Hà Nội,Căn hộ/Chung cư,3.0,10 giờ trước,"
🏠Căn 3 ngủ, lô góc đường Lê Văn Lương
🏡Thiết kế: 1 Khách, Bếp, 3 Ngủ, 2 vệ sinh - Tặng full nội thất
⭐️Xung quanh 4 trường quốc tế, sân chơi, chợ, công viên Thanh Xuân view mặt phố Lê Văn Lương. 
📕Sổ đỏ sẵn sàng giao dịch
k",93382352.94117647,6.35,medium,5_10b
175835780,132176575,"VĂN PHÒNG 343NGUYỄN KHANG 125M2, VIEW SÔNG, GIÁ TỐT",19000000,125.0,Quận Cầu Giấy,Phường Yên Hoà,Hà Nội,"Văn phòng, Mặt bằng kinh doanh",3.0,4 giờ trước,"dt: khoảng 125m2/ sàn, tầng 7 đang chia thành 1 phòng nhỏ (có thể làm phòng GĐ hoặc phòng họp và 1 phòng lớn sức chứa khoảng 15nv)
- Giá: 19tr net (thương lượng)
- Điện: 4k/kwh
- Nước: tùy số lượng nv
- Thời hạn Hđ: 2-3 năm
- Có thang máy và lối đi riêng biệt",152000.0,0.019,large,under_1b
175907718,132238015, THỬA ĐẤT HIẾM 122m2 - NGÕ THÔNG - XÂY DÒNG TIỀN QUÁ ĐẸP,30000000000,122.0,Quận Đống Đa,Phường Kim Liên,Hà Nội,Nhà ở,4.0,12 giờ trước,"THỬA ĐẤT HIẾM - NGÕ THÔNG - XÂY DÒNG TIỀN QUÁ ĐEP. 
+ Đã có quy hoạch nhà ra mặt đường 11,5m , tương lai giá trị gia tăng
+ Vị trí đẹp, ngay Ngã Tư Sở, Tây Sơn. Trước nhà thoáng sáng.﻿﻿Nhà mặt ngõ trung tâm Đống Đa, Ô Tô Đỗ cửa, ba bước ra bệnh Viện Đại Học Y, Ngã Tư Sở và Royall City.﻿﻿Nhà đi vào được từ nhiều ngõ 554, 592, 580 Trường Chinh, Khương Thượng, Tam Khương,
.+ Khu vực nhiều người thuê, thích hợp xây CCMN.+ Hiện trạng nhà 3 tầng, ở tạm. Chủ xác định bán đất.
+ Sổ đỏ chính chủ",245901639.3442623,30.0,large,over_10b
176047977,132358858,Cho thuê nhà nguyên căn phố Việt Hưng ,11000000,42.0,Quận Long Biên,Phường Việt Hưng,Hà Nội,Nhà ở,3.0,12 giờ trước,"CHO THUÊ NHÀ NGUYÊN CĂN PHỐ VIỆT HƯNG - Ô TÔ ĐỖ GẦN - 3PN - NỘI THẤT CƠ BẢN - Ở HỘ GIA ĐÌNH - GẦN BIG C LONG BIÊN, BỆNH VIỆN ĐA KHOA ĐỨC GIANG!
+ Vị trí: khu vực dân cư đông đúc, an ninh tốt, gần KĐT Việt Hưng, Vinhomes Riverside, Big C Long Biên, trường học các cấp.
+ Nhà xây mới 5 tầng: 
Tầng 1: PK, bếp, WC 
Tầng 2,3,4: mỗi tầng 1PN, WC. 
Tầng 5: phòng thờ, sân phơi.  
+ Nội thất: 3 điều hoà, 3 nóng lạnh, sofa, tủ bếp, bếp từ, hút mùi, tủ lạnh, máy giặt, giường tủ.
+ Thanh toán 3 tháng/lần – Cọc 1 tháng – Hợp đồng 1 năm.",261904.7619047619,0.011,small,under_1b
176014961,132330188,"Chính Chủ Cho Thuê Văn Phòng giá rẻ tại 850 Đường Láng, Hà Nội",10000000,100.0,Quận Đống Đa,Phường Láng Thượng,Hà Nội,"Văn phòng, Mặt bằng kinh doanh",3.0,13 giờ trước,"Tòa Nhà văn phòng chuyên nghiệp, LÔ GÓC thoáng mát, Gồm 7 tầng nổi, làm việc 24/24h Sàn rộng 100m/01 tầng, sạch đẹp, Thoáng mát thích hợp làm văn phòng công ty, 										
đường trước mặt rộng 20m, có bãi đỗ xe ô tô, xe máy, Ô tô vào tận nhà, có chỗ để ô tô  và xe máy.										
Tòa nhà nằm ngay trung tâm đắc địa, bên cạnh Khách sạn A1 Hill Hotel và rất nhiều tòa nhà văn phòng và chung cư lớn, đông người, gần chợ, gần nhiều trường học… 										
Rất thuận lợi để mở văn phòng công ty, mở văn phòng đại diện, mở chi nhánh…. Nâng tầm giá trị Doanh nghiệp khi có một văn phòng tại tòa nhà.										
Tòa nhà Hoạt động 24/24h miễn phí bảo vệ an ninh, lễ tân... Có cơ hội hợp tác đầu tư startup phát triển kinh doanh và cơ hội miễn phí được đào tạo kinh doanh và marketting miễn phí trong hệ sinh thái BIGWIN GROUP										
địa chỉ: Số 848/850 Đường Láng, Hà Nội										
Giá rẻ: 10 triệu/tháng, (giá cũ 16 triệu) rộng 100m2, cửa sổ lô góc, wc, nước nóng…										
CHú ý: có hoa hồng cho môi giới và ưu đãi lớn khi Liên hệ ngay: Mr Đại ***										
",100000.0,0.01,medium,under_1b
176047978,132358864,ĐẤT TRUNG TÂM HÀNH CHÍNH - KHU C OLYMPIC - THƯỜNG TÍN - HÀ NỘI,6000000000,80.0,Huyện Thường Tín,Xã Hồng Vân,Hà Nội,Đất,3.0,12 giờ trước,"🔥 CHÍNH CHỦ BÁN ĐẤT TRUNG TÂM HÀNH CHÍNH KHU DU LỊCH HỒNG VÂN 🔥
🌿 View hồ công cộng cực thoáng – Đường ô tô tránh nhau

📍 Vị trí đẹp trung tâm khu du lịch Hồng Vân - Khu C TP Olympic
📐 Diện tích: 80m²
👉 Mặt tiền = mặt hậu = 5m vuông đẹp

✅ Đường trước đất rộng 4m, đường thông, ô tô tránh
✅ Ngay cạnh hồ công cộng – không gian thoáng mát, ở cực thích
✅ Thuộc trung tâm hành chính Hồng Vân
✅ Chỉ:
100m ra trường học các cấp
300m ra UBND, sân vận động thể thao
70m ra dự án đường di sản văn hoá 
800m kết nối Vành đai 4, cầu Mễ Sở, đường 427 và cao tốc CT01

📈 Khu vực tiềm năng tăng giá mạnh nhờ hạ tầng và du lịch phát triển đồng bộ
📞 Call/Zalo: 🤝 Nam Hà Nội Land

#datHongVan #datdepThuongTin #batdongsanHaNoi #NamHaNoiLand #datvenSongHong #bandatototránh #dautubatdongsan",75000000.0,6.0,medium,5_10b
176052792,132362965,💥 7 TẦNG THANG MÁY – VỈA HÈ RỘNG – Ô TÔ TRÁNH – KINH DOANH ĐỈNH 💥,31790000000,70.0,Quận Long Biên,Phường Bồ Đề,Hà Nội,Nhà ở,3.0,9 giờ trước,"📍 Vị trí cực đẹp, sát mặt phố Ngọc Lâm – khu vực kinh doanh sầm uất, dân trí cao, giao thông thuận tiện.
✔️ Mặt tiền rộng 5m bề thế
✔️ Vỉa hè rộng – ô tô tránh, dừng đỗ ngày đêm
✔️ Thích hợp vừa ở vừa kinh doanh: Văn phòng, spa, showroom, căn hộ dịch vụ, kinh doanh online…

🏡 Nhà xây 7 tầng thang máy xịn, nội thất cao cấp, thiết kế hiện đại – tối ưu công năng sử dụng:

🔹 Tầng 1-2: Gara + mặt bằng kinh doanh thông sàn
🔹 Tầng 3-5: 3 phòng ngủ master khép kín sang trọng
🔹 Tầng 6: Phòng khách + bếp thiết kế Duplex đẳng cấp
🔹 Tầng 7: Phòng thờ + sân vườn chill, thưởng trà cực đẹp

🌿 Không gian sống sang trọng – tiện nghi – đẳng cấp giữa trung tâm Long Biên.
📕 Sổ đỏ chính chủ – pháp lý chuẩn – sẵn sàng giao dịch ngay.

🔥 Hàng hiếm phân khúc – khách xem là mê! Liên hệ ngay để xem nhà thực tế.",454142857.14285713,31.79,medium,over_10b
174638853,131156709,"Nhà Hoàng Liệt-50m2 x5T,ngõ oto tránh,xây mới,thang máy, nhỉnh 13 tỷ",13500000000,50.0,Quận Hoàng Mai,Phường Hoàng Liệt,Hà Nội,Nhà ở,3.0,5 giờ trước,"CHỈ 13.5 TỶ CÓ NHÀ 5 TẦNG THANG MÁY - NGÕ Ô TÔ TRÁNH TẠI HOÀNG LIỆT!
Diện tích: 50m²
Đường trước nhà: 6m, thông tứ tung, ô tô dừng đỗ vào nhà thoải mái.
Nội thất: Full option xịn sò, chủ tâm huyết thiết kế hiện đại.
Công năng: 3 ngủ Master khép kín, gara ô tô, phòng khách tầng 5 cực thoáng.
Vị trí: Trung tâm Hoàng Liệt, gần hồ Linh Đàm, hưởng trọn tiện ích khu đô thị.
Nhà mới tinh, thang máy chạy vèo vèo, nội thất ""thửa"" riêng cho từng góc cạnh.

Liên hệ xem nhà Mr Thái 

CAM KẾT LÀM VIỆC CHÍNH CHỦ- THÔNG TIN THẬT-ẢNH THẬT.
-MIỄN TIẾP TRUNG GIAN - MÔI GIỚI TRÁNH LÀM MẤT THỜI GIAN 2 BÊN.

Lê Thái - Môi giới thổ cư 10 năm quanh khu vực Hoàng Mai- am hiểu sản phẩm-thị trường-pháp lý- giá cả khu vực -làm việc CHUYÊN NGHIỆP-NHIỆT TÌNH-TẬN TÂM.
Nhận mua bán bất động sản quanh khu vực ,thông tin bảo mật,kín đáo,mua nhanh bán gọn.",270000000.0,13.5,small,over_10b
175940971,132266727,"HẠ 2 TỶ BÁN GẤP NHÀ NGÔ GIA TỰ ,- ĐẶNG VŨ HỶ- LONG BIÊN, HÀ NỘI",20600000000,90.0,Quận Long Biên,Phường Việt Hưng,Hà Nội,Nhà ở,5.0,12 giờ trước,"


🔥 🆘️GẤP‼️ 
HẠ SỐC 2 TỶ 

TÒA NHÀ PHỐ – #NGÔ_GIA_TỰ_  ĐẶNG_VŨ_HỶ #LONG_BIÊN VỈA HÈ ÔTÔ TRÁNH_KINH DOANH VĂN PHÒNG ‼️.
Diện tích 90m² Giá chỉ phân khúc 20 tỉ 


📍 Vị trí đẹp hiếm độc tôn phố Ngô Gia Tự ,Đặng Vũ Hỷ– vỉa hè , ô tô tránh, dừng đỗ ngày đêm
👉 Phù hợp: ở kết hợp kinh doanh, văn phòng, spa, trung tâm đào tạo.v.v...
🏡 Thông tin chi tiết:
Diện tích: 90m²
Mặt tiền: 7,5m (cực rộng bề thế – lợi thế kinh doanh lớn)
Xây dựng: 6 tầng kiên cố
Nội thất: Full đẹp – khách mua chỉ việc xách vali về ở và kinh doanh tiềm năng tăng giá lớn!
💎 Sổ đỏ chính chủ – vuông đẹp – giao dịch ngay
💰 Giá chỉ 20.6tỷ (có thương lượng)
⚡ Ưu điểm nổi bật: ✔ Mặt tiền rộng hiếm trong phân khúc
Dòng tiền ổn Định cho thuê 27tr /tháng 

📞 Liên hệ ngay: ***
👉 Xem nhà trực tiếp – làm việc chính chủ!",228888888.8888889,20.6,medium,over_10b
176055143,132365032,"Kịch Sàn! Thịnh Quang, nhà đẹp, gần trường hoc, ngã tư sở, giá 6,75tỷ",6750000000,35.0,Quận Đống Đa,Phường Thịnh Quang,Hà Nội,Nhà ở,3.0,8 giờ trước,"🆘🆘🆘HIẾM 
NHÀ NHỎ XINH FULL CÔNG NĂNG -NGÕ NÔNG GẦN PHỐ - TRUNG TÂM ĐỐNG ĐA - SÂN RIÊNG ĐỂ XE - NGÕ BA GÁC PHI- THOÁNG TRƯỚC SAU - SỔ HOA HẬU . 

🌈Vị trí trung tâm quận đống đa , tiếp giáp thanh Xuân , khu vực hiếm nhà bán , chỉ 25m ra mặt phố ô tô tránh . 

🌈 Căn nhà 4 tầng chủ tự xây, trung tâm Đống Đa. Vị trí gần phố Tây Sơn, Thái Thịnh, Láng. Tiện ích an sinh đỉnh cao.
🌈 Nhà khung cột chắc chắn, thông sàn mỗi tầng 1 phòng:
Tầng 1: Khách , Bếp , WC
Tầng 2,3,4 : Ngủ + WC

📌 Sổ đỏ vuông vắn sẵn sàng giao dịch.",192857142.85714287,6.75,small,5_10b
176048001,132358889,"Nhà trọ đẹp, 4,999 triệu, 33m2 tại Khương Trung, thang máy, Máy giặt ",4999000,40.0,Quận Thanh Xuân,Phường Khương Đình,Hà Nội,Phòng trọ,3.0,12 giờ trước,"Nhà trọ cho thuê nằm ở vị trí thuận lợi tại Khương Trung, Thanh Xuân, Hà Nội.
Diện tích 33m² với nội thất đầy đủ, phù hợp cho cuộc sống tiện nghi.
Giá thuê chỉ 4,999 triệu VND mỗi tháng, linh hoạt thời gian thuê từ 6 tháng trở lên.
Trang thiết bị bao gồm điều hòa, giường, tủ lạnh, máy giặt riêng, nhận xe điện giúp cuộc sống trở nên thoải mái hơn.

Giá dịch vụ:
Điện: 4k/s.
Nước: 30k/khối.
Dvc: 150k/ng.
Free 2 xe máy/phòng.

Tiện ích xung quanh:
+ Gần siêu thị gia đình, Winmart Vincom Royal City.
+ Trung tâm học tiếng Nhật - Dũng Mori, trường Đào tạo cán bộ Lê Hồng Phong.
+ Bệnh viện Đại học Y Hà Nội.",124975.0,0.004999,small,under_1b
175706598,132066031,"2 tỷ xíu phố Lò Đúc tầng 2, 2PN thoáng sáng ",2790000000,45.0,Quận Hai Bà Trưng,Phường Ngô Thì Nhậm,Hà Nội,Căn hộ/Chung cư,2.0,9 giờ trước,"Ngã Tư #Đại_Cồ_Việt #Lò_đúc #trần_khát_chân
#ÔTô đỗ chân cầu thang ( H.IẾM)
Nhỉnh #2ty xíu có nhà phố Lò Đúc  45m tầng 2- 2 ngủ đủ công năng. Vệ sinh khép kín
❤️ Nhà thoáng sáng
❤️Sổ đỏ riêng đẹp chí.nh ch.ủ
❤️Bán kính xung quanh các đại học lớn như : #Đại_Học_Bách_Khoa #Đại_Học_Kinh_Tế_Quốc_Dân, #Đại_Học_Xây_Dựng, #Bệnh_viện_Bạch_Mai 
#Bệnh_Viện_ViệtPháp #bệnh_viện_thanh_nhàn
👍 ngập tràn tiện ích

☎️ LH gấp E Chiến",62000000.0,2.79,small,1_3b
176050466,132360956,"GIÁ 3,750 - VIEW HỒ + CÔNG VIÊN - FULL NỘI THẤT MỚI CAO CẤP",3750000000,65.5198,Quận Hoàng Mai,Phường Đại Kim,Hà Nội,Căn hộ/Chung cư,2.0,10 giờ trước,"Dự án: 
Thông tin chi tiết: 💎SIÊU PHẨM TRONG PHÂN KHÚC CHUNG CƯ TẠI KHU VỰC LINH ĐÀM💎

🏠 CĂN HỘ SIÊU PHẨM:
✅ Căn này xem nhà thực tế đẹp hơn trên ảnh rất nhiều
✅ View triệu đô - hồ điều hoà - công viên cây xanh
✅ Toà đẹp - tầng đẹp - sảnh ốp như khách sạn
✅ Sửa mới - full nội thất đồng bộ - hiện đại
✅ Diện tích: 65,52m2 - 2 ngủ - 2 vệ sinh

🛒TIỆN ÍCH XUNG QUANH (TRONG BÁN KÍNH 1KM)
✅ Hệ thống trường học liên cấp: Mầm non, tiểu học, THCS
✅ Gần Bệnh viện Đại học Y Dược Hà Nội – chi nhánh Linh Đàm
✅ Công viên cây xanh, hồ điều hòa rộng rãi
✅ Đầy đủ tiện ích giải trí: Rạp chiếu phim, sân bóng, bể bơi bốn mùa...
✅ Siêu thị, chợ dân sinh, cửa hàng tiện lợi ngay gần nhà
✅ Kết nối giao thông thuận tiện: Vành đai 3, cao tốc trên cao, QL1A, bến xe Nước Ngầm, Giáp Bát…

🎯 PHÙ HỢP VỚI
✅ Anh/chị làm việc tại khu vực Hoàng Mai, Hai Bà Trưng và lân cận
✅Khách mua ở lâu dài hoặc đầu tư cho thuê sinh lời ổn định

#bancanho
#banchungcu
#canhofullnoithat
#chungcugiatot
#chungculinhdam
#hoangmai",57234606.943244636,3.75,medium,3_5b
176057546,132367103,"CHÍNH CHỦ CHO THUÊ NHÀ NGUYÊN CĂN 4 TẦNG Tiền Lệ, sơn đồng",6500000,42.0,Huyện Hoài Đức,Xã Song Phương,Hà Nội,Nhà ở,4.0,6 giờ trước,"CHÍNH CHỦ CHO THUÊ NHÀ NGUYÊN CĂN 4 TẦNG
Tiền Lệ, sơn đồng
+ Thông tin chi tiết:
• Diện tích: 42 m2
• 4 tầng
• Tầng 1: Phòng khách - bếp - nhà vệ sinh
• Tầng 2 & 3: Mỗi tầng 2 phòng ngủ rộng, sàn gỗ, cửa sổ lớn cực kỳ thoáng và mát
• Tầng 4 (tum): Sân phơi - khu giặt
Nhà sạch sẽ, thiết kế hợp lý, khu dân cư yên tĩnh, an ninh tốt, gần chợ - trường học.
Điện nước giá dân
Có đủ bếp từ/ hút mùi/ tủ lạnh/ quạt trần/ giường tủ/ nóng lạnh....
Phù hợp cho gia đình nhỏ, sinh viên, cặp vợ chồng trẻ hoặc nhân viên văn phòng cần không gian riêng tư, dễ chịu.",154761.90476190476,0.0065,small,under_1b
175558284,131939077,CCMN THANH XUÂN FULL ĐỒ - MÁY GIẶT RIÊNG OTO ĐỖ CỬA - GIÁ SIÊU RẺ,3300000,20.0,Quận Thanh Xuân,Phường Khương Đình,Hà Nội,Phòng trọ,3.0,14 giờ trước,"Thông tin chi tiết: 🏡 KHAI TRƯƠNG CCMN STUDIO FULL ĐỒ – NGÃ TƯ THANH XUÂN - KHUẤT DUY TIẾN Ở LUÔN
📍 Ngõ 75 Nguyễn Xiển - ở luôn oto đỗ cửa
⏰ Tình trạng: trống – ở được ngay
💰 Giá thuê: 3tr3/tháng
🏠 Dạng phòng: Gác xếp từ 25 - 30m2 , có cả 1N1K
🛋️ Nội thất: full như hình, tủ lạnh, máy giặt riêng
⚡ Dịch vụ: Điện 4k2/số | Nước 35k/m3 | Mạng 100k/tháng | DV chung 100k/ng 
📞 Hotline xem phòng: ***
📩 Inbox/Zalo để giữ phòng sớm – phòng studio full đồ khu Định Công Thượng khá nhanh hết
",165000.0,0.0033,very_small,under_1b
175524856,131910431,Tôi chính chủ bán nhà 20m2 x3 tầng 2 ngủ 2 vệ sinh,1980000000,19.0,Quận Hoàng Mai,Phường Vĩnh Hưng,Hà Nội,Nhà ở,3.0,7 giờ trước,"Thông tin chi tiết: Nhà diện tích sàn 20m2 x3 tầng
Mặt tiền 3,9m
2 ngủ 2 vệ sinh
1 khách 1 bếp
1 sân phơi tầng thượng
Khung cột chắc chắn
Nhà cách đường 3 ô tô tránh nhau 10m
Móng 5 tầng
Thuế đất đóng cho nhà nước hàng năm
Giấy tờ pháp lý rõ ràng đầy đủ,
Mua bán vi bằng",104210526.31578948,1.98,very_small,1_3b
176017268,132332320,"Cho thuê VP cao cấp Thanh Xuân 240m2 thông sàn, chuyên nghiệp hiện đại",52000000,240.0,Quận Thanh Xuân,Phường Khương Mai,Hà Nội,"Văn phòng, Mặt bằng kinh doanh",3.0,12 giờ trước,"Văn phòng chuyên nghiệp, tòa mới đẹp, phù hợp nhiều mô hình doanh nghiệp.
Vị trí: Phố Lê Trọng Tấn, quận Thanh Xuân, Hà Nội
Tòa nhà văn phòng 8 tầng + 1 hầm
Diện tích xây dựng: 280m²/sàn
Mặt tiền rộng 10m, dễ nhận diện thương hiệu
🔹 Hiện trống tầng 3
Diện tích sử dụng: 240m2
Thiết kế thông sàn vuông vắn, dễ setup nội thất
Không gian rộng thoáng, nhiều ánh sáng tự nhiên
🔹 Trang bị sẵn:
Thang máy tốc độ cao
Điều hòa âm trần
Trần thạch cao hiện đại
Hệ thống cửa kính chuyên nghiệp
PCCC đầy đủ
Máy phát điện dự phòng
🔹 Phù hợp làm:
✔ Văn phòng công ty
✔ Trung tâm đào tạo
✔ Lớp học
✔ Spa, thẩm mỹ
✔ Phòng khám
✔ Showroom…
💰 Giá thuê: 52 triệu/tháng
Giá chưa bao gồm VAT
Đã bao gồm phí dịch vụ
⏰ Thời gian hoạt động linh hoạt:
Làm việc tất cả các ngày trong tuần, kể cả ngày lễ
Từ 8h00 – 22h30
Miễn phí làm thêm giờ
📞 Liên hệ ngay để xem văn phòng thực tế và hỗ trợ thuê nhanh.
",216666.66666666666,0.052,large,under_1b
176017329,132332351,Bán chung cư BQP - Bùi Xương Trạch - 70m2 - 2 Ngủ - 2Wc - Chỉ 5.2 tỷ,5200000000,70.0,Quận Hoàng Mai,Phường Định Công,Hà Nội,Căn hộ/Chung cư,2.0,11 giờ trước,"+ Căn hộ chung cư tòa C14 - BQP làm.CĐT xây dựng cho Chiến sỹ PKKQ 
+ Vị trí cực đẹp tiếp giáp giữa Thanh Xuân vs Hoàng Mai.
+ Diện tích 70m2 - 2 Ngủ - 2Wc
+ Phí dịch vụ 350k/tháng, Slot Ô tô 800k/tháng
+ Thích hợp vs hộ gia đình. Nhà còn như mới, vào ở 2021.
+ Pháp lý chuẩn sổ đỏ chính chủ giao dịch ngay
",74285714.28571428,5.2,medium,5_10b
176048117,132358978,CHO THUÊ CHUNG CƯ KHAI SƠN CITY NGỌC THỤY,10000000,86.0,Quận Long Biên,Phường Ngọc Thụy,Hà Nội,Căn hộ/Chung cư,2.0,12 giờ trước,"CHO THUÊ CHUNG CƯ KHAI SƠN CITY - NGỌC THUỴ - BỒ ĐỀ - 3PN, 2WC -  NỘI THẤT CƠ BẢN - TIỆN ÍCH 5 SAO - GẦN TRƯỜNG, CÔNG VIÊN, CHỢ!
🌹 Diện tích 86m2: 2PN , 2WC. 
Nhà mới tinh. 
+ Lắp full : 3 điều hoà, 2 nóng lạnh, bếp từ, hút mùi, rèm cửa.
+ Điện nước giá dân.
+ Hình thức thanh toán: đóng 3 cọc 1. Hợp đồng 1 năm
  #KhaiSonCity. #ThuongThanh.  
#ChungCu.",116279.06976744186,0.01,medium,under_1b
176045819,132356939,Nhà đẹp Trương Định ,6500000000,25.0,Quận Hoàng Mai,Phường Tương Mai,Hà Nội,Nhà ở,2.0,13 giờ trước,"Mình cần tiền đầu tư nên muốn bán nhanh căn nhà đẹp ở trương định. nhà gần phố lớn, thông tứ tung, Kinh doanh tốt...
sổ đỏ chính chủ sẵn sàng giao dịch 
giá bán: 6,5 Tỷ có thương lượng nhẹ.
Liên hệ em SINH nhà đẹp ☎️ ****""""""""753 để xem và mua giá tốt.",260000000.0,6.5,very_small,5_10b
176048129,132358999,"Bán CH tập thể Thành Công Ba Đình 110m 4PN- tầng đẹp để ở, giá 6.45 tỷ",6450000000,110.0,Quận Ba Đình,Phường Thành Công,Hà Nội,Căn hộ/Chung cư,4.0,12 giờ trước,"CHÍNH CHỦ BÁN CĂN HỘ tập thể Thành Công ngõ Nguyên Hồng, diện tích 50/110m TẦNG ĐẸP ĐỂ Ở - giá 6,45 tỷ TL
NHÀ TRUNG TÂM BA ĐÌNH, SỔ ĐỎ 50M, DT SỬ DỤNG 110M, LÔ GÓC, 4 NGỦ, 2WC, TIỀM NĂNG ĐỀN BÙ CỰC NGON.

* Giao thông thuận tiện, dễ dàng kết nối Huỳnh Thúc Kháng -Nguyên Hồng - Nguyễn Chí Thanh - Láng Hạ… đi đâu cũng nhanh
* Đặc biệt tiềm năng lớn: Khu vực có dự án đền bù tại chỗ, hệ số gấp đôi diện tích - cơ hội tăng giá đã nhìn thấy rõ

📕Sổ đỏ chính chủ đang để tạm ngân hàng, khách cọc chủ tự rút sổ hoặc nhờ khách hỗ trợ đều được",58636363.63636363,6.45,large,5_10b
176045833,132356953,Em cần pass phòng trọ này ạ,3100000,25.0,Quận Bắc Từ Liêm,Phường Phú Diễn,Hà Nội,Phòng trọ,3.0,13 giờ trước,"Dự án: 
Thông tin chi tiết: em pass phòng 17 ngõ 23/72/31 đức diễn
phòng tầng 5 giá 3tr1, ở 1 mình là 3tr vskk, nội thất đầy đủ( điều hoà, bàn ghế, bếp, hút mùi, nóng lạnh), có máy giặt tầng 1
điện 4k/ số, nước 100k/ng, wifi 100k/ phòng, dvu 150k/ng( máy giặt, thang máy, vệ sinh…)
cửa vân tay, giờ giấc tự do
chuyển vào ở luôn được ạ",124000.0,0.0031,very_small,under_1b
175833589,132174687,CHÍNH CHỦ CHO THUÊ CCMN - 25M2 - FULL NỘI THẤT,3700000,20.0,Quận Thanh Xuân,Phường Hạ Đình,Hà Nội,Phòng trọ,3.0,10 giờ trước,"Vị trí: 28 phố Hồ Hạ đình (đường Khương đình)
👉🏻 Phòng mới, full nội thất hiện đại, hệ thống pccc đầy đủ, khoá vân tay
👉🏻 Có thang máy – thiết kế trẻ trung, tiện nghi, khép kín, miễn phí gửi xe.
👉🏻 Chỉ việc xách vali vào ở
👉🏻Vị trí ngay hồ mát mẻ, thuận tiện chạy bộ, tập thể dục.",185000.0,0.0037,very_small,under_1b
175673292,132037482,"Ngõ 262B nguyên. trãi và 212 Khương trung giá 2tr đến 4,8tr ",2000000,16.0,Quận Thanh Xuân,Phường Thượng Đình,Hà Nội,Phòng trọ,3.0,11 giờ trước,"Nhà 7 tầng còn phòng khép kín cho thuê . 

D/c : Ngõ 262b nguyễn trãi và 212 khương trung  Phòng khép kín điều hoà, nóng lạnh phòng to, giường, tủ quần áo , kệ nấu ăn 
giá 2tr khép kín, giường. 
2,3tr  - 2,8tr  - 3,4tr và 4,8tr /tháng . Điện 3,8k/ số, nước 26k/ khối. Đi lại tự do 

Thanh toán tháng 1 lần .",125000.0,0.002,very_small,under_1b
174173983,130759541,CHÍNH CHỦ BÁN NHÀ NGÕ HÒA BÌNH 6 - MINH KHAI - HAI BÀ TRƯNG - HÀ NỘI,5800000000,21.0,Quận Hai Bà Trưng,Phường Minh Khai,Hà Nội,Nhà ở,2.0,12 giờ trước,"CHÍNH CHỦ BÁN NHÀ NGÕ HÒA BÌNH 6 - MINH KHAI - HAI BÀ TRƯNG - HÀ NỘI
Diện tích: 21m2 --- Mặt tiền: 5m
Nhà 4 tầng + lửng , xây khung cột bê tông chắc chắn
Nhà thoáng sáng, phòng nào cũng có ánh sáng tự nhiên
Thiết kế:
Tầng 1: Phòng khách + Bếp + WC
Tầng 2,3, Mỗi tầng 1 phòng ngủ + WC
Tầng 4: Phòng thờ + Sân phơi, view thoáng mát

Ô tô cách nhà ~50m Ngõ thông thoáng, khu dân trí tốt
Gần Times City , trường, chợ

Giá: 5.8 tỷ (có thương lượng) --- Sổ đỏ chính chủ sẵn sàng giao dịch
Liên hệ: Chính chủ A Khánh  ***
*** ( Miễn trung gian , quảng cáo)",276190476.1904762,5.8,very_small,5_10b
173398012,130081678,BÁN CĂN HỘ CHUNG CƯ CAO CẤP IRIS GARDEN,6300000000,61.4,Quận Nam Từ Liêm,Phường Mỹ Đình 1,Hà Nội,Căn hộ/Chung cư,2.0,12 giờ trước,"Bán căn hộ chung cư tại Iris Garden tầng 12B09 có diện tích 61,4m gồm; 2 ngủ, 2wc, khách, bếp full đồ hiện đại, mới. Ban công hướng Nam, cửa hướng Tây Bắc. Sổ đỏ chính chủ. Giá 6,3 tỷ. (đến xem điện thoại trước)",102605863.1921824,6.3,medium,5_10b
176017403,132332431,"Cho thuê nhà ngõ Đê La Thành, đoạn đại học GTVT, tổng DTSD 170m2",13000000,90.0,Quận Ba Đình,Phường Ngọc Khánh,Hà Nội,Nhà ở,3.0,12 giờ trước,"Cho thuê 2 tầng nhà riêng, ngõ 1142 Đê La Thành, đoạn gần đại học Giao Thông Vận Tải

Diện tích mỗi tầng gần 90m2

Ngang 3.5m

Có sân nhỏ trước nhà, ngõ oto đi qua

Tầng 1 : phòng khách, 1 phòng riêng khép kín, 1 wc, 1 bếp và 1 sân phía sau

Tầng 2 : 2 phòng riêng khép kín, 1 phòng lớn và 1 wc

Sẵn đèn điện điều hòa

Phù hợp làm văn phòng, kho hàng, lớp học, có thể ở lại 1-2 người

Tầng 3 và 4 chủ nhà chỉ để đồ đạc, hiện ở địa điểm khác

GIá thuê 13TR / tháng",144444.44444444444,0.013,medium,under_1b
175993610,132311958,CHÍNH CHỦ CHO THUÊ VĂN PHÒNG 75M2 TẠI HOÀNG CẦU,12000000,75.0,Quận Đống Đa,Phường Ô Chợ Dừa,Hà Nội,"Văn phòng, Mặt bằng kinh doanh",3.0,10 giờ trước,"CHO THUÊ VĂN PHÒNG HOÀNG CẦU – 75M2 CHỈ 12TR/THÁNG 🔥

Bạn đang tìm văn phòng rộng rãi, giá tốt ngay trung tâm Đống Đa?
Diện tích 75m2 cực đẹp tại Hoàng Cầu, phù hợp làm công ty, showroom, văn phòng đại diện, kinh doanh online…

✅ Diện tích: 75m2
✅ Giá thuê chỉ: 12 triệu/tháng
✅ Không gian vuông vắn, dễ setup
✅ Có điều hòa, thang máy, bảo vệ
✅ Khu vực đông dân cư, giao thông thuận tiện

📍 Vị trí đẹp gần Xã Đàn – Ô Chợ Dừa – Thái Hà
☎️ Liên hệ: *** để xem văn phòng thực tế.",160000.0,0.012,medium,under_1b
176048226,132359072,CHO THUÊ NHÀ NGUYÊN CĂN MẶT PHỐ NGUYỄN SƠN,30000000,52.0,Quận Long Biên,Phường Ngọc Lâm,Hà Nội,Nhà ở,3.0,12 giờ trước,"CHO THUÊ NHÀ NGUYÊN CĂN MẶT PHỐ LÝ SƠN - THƯỢNG THANH - VỈA HÈ RỘNG - 4 LÀN XE CHẠY - THANG MÁY - PCCC ĐẦY ĐỦ - NGAY GẦN CẦU ĐÔNG TRÙ - KINH DOANH TẤT CẢ CÁC MẶT HÀNG SẠCH SẼ, VĂN PHÒNG, NGÂN HÀNG, PHÒNG KHÁM….
+ Vị trí : ngay đầu cầu Đông Trù.
+ TK: 
Tầng 1,2,3,4,5: thông sàn, WC. 
Tầng 6: sân phơi
+ Nội thất : Full điều hoà, nóng lạnh. 
+ Phù hợp: văn phòng, công ty, người nước ngoài, ở hộ gia đình…
+ Hình thức thanh toán : đóng 3 - 6 cọc 1. HĐ trên 1 năm. Cho thuê lâu dài.",576923.0769230769,0.03,small,under_1b
176055382,132365222,cho thuê nhà ở,7000000,25.0,Quận Hai Bà Trưng,Phường Thanh Lương,Hà Nội,Nhà ở,4.0,8 giờ trước,"cho thuê nhà ở 25m*4 tầng. Phù họp hộ gia đình, cá nhân, nhóm bạn bè.  Gần khu trung tâm, bệnh viền. Thuận tiện chợ búa, sinh hoạt. Điện nước tự trả. Nội thất cơ bản đầy đủ ĐH, tủ lạnh, máy giặt.
liên hệ số dt. ***",280000.0,0.007,very_small,under_1b
174925084,131398567,Cho Thuê VP  - KD Online T3 diện tích 50m2 Ngõ 91 Nguyễn Chí Thanh,5000000,50.0,Quận Đống Đa,Phường Láng Hạ,Hà Nội,"Văn phòng, Mặt bằng kinh doanh",3.0,8 giờ trước,"Văn phòng T4 cho thuê tại ngõ 91 đường Nguyễn Chí Thanh, Phường Láng Hạ, Đống Đa, Hà Nội, với diện tích 50 m². 
Đây là một lựa chọn lý tưởng cho các doanh nghiệp đang tìm kiếm không gian làm việc tiện nghi và thoải mái. Hoặc KD online

* Ưu điểm*.
- Giá thuê chỉ 5 triệu VND, rất hợp lý cho vị trí trung tâm.
- Nội thất đầy đủ, bao gồm điều hòa, mang lại sự tiện nghi ngay khi vào làm việc.
- Nhà 2 mặt tiền rộng 18m, để xe máy thoải mái.
- Trang bị camera an ninh quanh VP đảm bảo an ninh tốt.
- Đường vào rộng 5m, dễ dàng tiếp cận bằng xe ô tô.

* Địa điểm tiện ích xung quanh.
- Trung tâm 4 trường đại học.
- Khu Trung Tâm Văn Phòng Các Tập Đoàn Lớn.
- Vin com.
- 100m đến chợ Thành Công + Hồ Thành Công.
- Bãi gửi xe.
- Gần các bệnh viện như mắt Sài Gòn và bệnh viện thận Hà Nội.
- Nhiều công viên như công viên Gandhi và công viên Indira Gandhi.
- Các siêu thị như Teekiu Mart và Winmart Trung Hòa.
- Trường học như trường tiểu học Quan Hoa và Vinastudy.",100000.0,0.005,small,under_1b
175489473,131879851,Nguyễn Xiển - Triều Khúc: Cho thuê mặt bằng,11000000,90.0,Huyện Thanh Trì,Xã Tân Triều,Hà Nội,"Văn phòng, Mặt bằng kinh doanh",3.0,12 giờ trước,"Cho thuê mặt bằng làm văn phòng, kho, showroom, trung tâm dạy học…
Diện tích: tầng 1 78m2, tầng 4 90m2. Cho thuê cả 2 tầng hoặc từng tầng.
Nhà mới xây, căn góc, 2 mặt tiền dài rộng thiết kế đẹp, có thang máy, đỗ ô tô thoải mái, thuận tiện.
Địa chỉ: Làng nghề Triều Khúc, 300 Nguyễn Xiển đi vào, Thanh Liệt, HN.
Vui lòng liên hệ: ***",122222.22222222222,0.011,medium,under_1b
176048198,132359085,BÁN NHÀ GẦN TRUNG TẦM THƯƠNG MAI LONH BIÊN 56M2 GIÁ CHỈ HƠN 100TR/M2,9000000000,56.0,Quận Long Biên,Phường Việt Hưng,Hà Nội,Nhà ở,2.0,12 giờ trước,"BÁN NHÀ PHƯỜNG VIỆT HƯNG – LONG BIÊN – Ô TÔ – KINH DOANH – DIỆN TÍCH RỘNG Diện tích: 56m2 Hiện trạng: Nhà tầng cũ – xác định bán đất, tặng nhà
Mặt tiền rộng, dễ thiết kế lại theo nhu cầu
Đường trước nhà ô tô tránh, vào nhà thoải mái
Phù hợp xây tòa căn hộ – văn phòng – nhà ở kết hợp kinh doanh
Khu vực dân cư đông, nhu cầu thuê cao, dòng tiền tốtHạ tầng đồng bộ, gần chợ, trường học, tiện ích đầy đủ 
Sổ đỏ vuông đẹp ",160714285.7142857,9.0,small,5_10b
176052980,132363189,"CỰC HIẾM - CẦN BÁN CHUNG CƯ MINI MỄ TRÌ THƯỢNG 19,0 TỶ - DT 1,3 Tỷ/NĂM",19000000000,75.0,Quận Nam Từ Liêm,Phường Mễ Trì,Hà Nội,Nhà ở,11.0,9 giờ trước,"Nhà xây mới 7 tầng, THANG MÁY HIỆN ĐẠI - LUÔN FULL PHÒNG
Tổng 25 phòng khép kín, khai thác cho thuê hiệu quả, Dt 125 triệu/tháng, 
Vị trí đẹp: gần phố, ô tô tiếp cận thuận tiện

 Thiết kế tối ưu: Có Khu để xe - Khu Sân Phơi - PCCC đầy đủ 

 Trang bị full nội thất: Giường, tủ, bếp, tủ lạnh, điều hòa, nóng lạnh  sẵn sàng khai thác ngay

Pháp lý rõ ràng, sẵn sàng giao dịch nhanh

 Gọi ngay để xem nhà và chốt sớm  sản phẩm dòng tiền tốt luôn có người nhanh tay!
 Inbox ngay để nhận thêm thông tin chi tiết và đầy đủ hình ảnh!",253333333.33333334,19.0,medium,over_10b
175100924,131546044,Cho thuê 6000m làm bãi oto trung chuyển,350000,6000.0,Quận Hoàng Mai,Phường Hoàng Liệt,Hà Nội,Đất,3.0,12 giờ trước,"Em đang có ~ 6000m2 đất trống đã san phẳng, có tường rao B40, có bốt bảo vệ (ko mái che, hoặc mái lưới) khu vực Linh Đàm, Bằng Liệt, Linh đường, gần hồ Linh Đàm. 

Cần cho thuê, làm bãi để xe oto, hoặc để máy công trình, bến bãi thu trả hàng hóa xe du lịch, xe khách 50 chỗ, xe Container chạy tuyến.
 Cần tìm khách hàng hợp tác lâu dài.
Anh em cần alo ngay, giá cả hợp lý

☎☎☎: ***",58.333333333333336,0.00035,very_large,under_1b
171895081,128791487,"Bán vườn tại Phú Diễn, đẹp oto vào tận nơi",750000000,300.0,Quận Bắc Từ Liêm,Phường Phú Diễn,Hà Nội,Đất,3.0,12 giờ trước,"Mình cần bán vườn tại Phú Diễn, khu dân cư đông đúc, nhà cửa san sát, cực yên tĩnh, không khí trong lành. Có thể làm vườn hay kho xưởng ok. Đất gần 300m2, oto vào tận đất rất đẹp. Mặt tiền 5m, đã có cọc bê tông ranh giới rõ ràng. Mình bán hơn 7 trăm, ai cần alo mình sớm nhé. Đất đẹp, đi lại thuận tiện. Mua bán viết tay hoặc vi bằng thoải mái a. Cảm ơn!",2500000.0,0.75,large,under_1b
176050698,132361152,Giá quá hiếm cho khu Cổ Nhuế - Hơn 7 tỷ có ngay nhà đẹp full nội thất,7500000000,30.0,Quận Bắc Từ Liêm,Phường Đông Ngạc,Hà Nội,Nhà ở,5.0,10 giờ trước,"GIÁ QUÁ HIẾM CHO KHU CỔ NHUẾ – VỚI HƠN 7 TỶ CÓ NGAY NHÀ ĐẸP FULL NỘI THẤT

* Thời điểm này tìm được căn nhà tại Cổ Nhuế với mức giá hơn 7 tỷ mà đẹp, đầy đủ nội thất như này thực sự rất khó!
* Chủ nhà đang cần thanh khoản gấp nên giảm sâu thiện chí bán nhanh

* Thông tin căn nhà:
Diện tích: 30m²
Kết cấu: 5 tầng kiên cố, công năng đầy đủ
Chủ tặng lại full nội thất, khách chỉ việc xách vali về ở
Nhà đẹp, sạch sẽ, thiết kế hiện đại, tối ưu không gian

* Vị trí cực tiện:
Cách đường ô tô chỉ khoảng 20m
Ngõ thông thoáng, đi lại thuận tiện
Khu dân trí tốt, an ninh đảm bảo

* Tiện ích xung quanh không thiếu thứ gì:
Gần chợ, siêu thị, trường học
Gần các trường đại học lớn khu Bắc Từ Liêm
Di chuyển nhanh ra Phạm Văn Đồng, Hoàng Quốc Việt, Cầu Giấy

* Giá chỉ  7.5 tỷ – quá tốt cho một căn nhà đẹp khu trung tâm Cổ Nhuế
Nhà đẹp – giá tốt – full nội thất – chủ cần bán nhanh nên cơ hội không có nhiều!
* Lh /Zalo: 0819tamhaitamchintamchin để xem nhà trực tiếp và làm việc chính chủ.",250000000.0,7.5,very_small,5_10b
175044730,131500993,CCMN phòng trọ  trong căn biệt thự Phố Đi Bộ Carnaby,5500000,40.0,Quận Thanh Xuân,Phường Hạ Đình,Hà Nội,Phòng trọ,3.0,9 giờ trước,"Dự án: 
Thông tin chi tiết: 214 Nguyễn xiển còn 1  phòng to rộng + gác xép ở 5-7 người đc, đẹp thoáng full đồ  mới xây mới xong giá 5,5 tr  .
Địa chỉ Số nhà SH 70, khu biệt thự liền kề Phố đi Bộ Car.NaBy  Đi từ phố Tưởng Dân Bảo. (đối diện 64 Triều Khúc). cổng 2 là ngõ 214 nguyễn xiển đi vào .",137500.0,0.0055,small,under_1b
175599112,131974084,Chính chủ cần bán gấp căn hộ 9 phòng cho thuê có dòng tiền sẵn,10980000000,60.0,Quận Nam Từ Liêm,Phường Phương Canh,Hà Nội,Nhà ở,9.0,3 giờ trước,Chính chủ cần bán gấp căn hộ 9 phòng đang cho thuê có dòng tiền 35 triệu / tháng ( có thể cải tạo thành 10 phòng). Có sẵn ô làm thang máy chưa lắp. Đường rộng có thể đỗ oto trước cửa. Vị trí thuận tiện gần trường cao đẳng FPT và đại học quốc gia Hà Nội. Nhu cầu ở cao tỉ lệ kín phòng 100%. Chủ thiện chí bán để giá rẻ nhất khu vực chỉ 10 tỷ 980 triệu đồng. ,183000000.0,10.98,small,over_10b
176048274,132359108,NHÀ ĐẸP NGỌC THỤY 5 TẦNG – 5PN – FULL ĐỒ – NGÕ Ô TÔ THÔNG–CHỈ VỀ Ở,13000000,45.0,Quận Long Biên,Phường Ngọc Thụy,Hà Nội,Nhà ở,5.0,12 giờ trước,"🏡✨ NHÀ NGUYÊN CĂN NGỌC THUỴ – FULL NỘI THẤT – 5PN – Ô TÔ TRÁNH – CHỈ XÁCH VALI VỀ Ở ✨🏡
🌹 Cho thuê nhà nguyên căn phố Ngọc Thuỵ, vị trí đẹp gần cầu Long Biên – sát Mipec Riverside – khu dân trí cao, giao thông cực thuận tiện.
📍 Cách đường Hồng Tiến chỉ 100m, ngõ ô tô tránh nhau, thông thoáng.
📐 Diện tích 45m² x 5 tầng
🛏️ Thiết kế 5 phòng ngủ – phù hợp ở gia đình, nhóm chuyên gia hoặc làm văn phòng.
🔹 Công năng: • Tầng 1: Phòng khách, bếp, 1PN, WC
• Tầng 2-3: Mỗi tầng 1PN khép kín
• Tầng 4: 2PN + WC
• Tầng 5: 1 phòng + sân phơi rộng
🛋️ Full nội thất đầy đủ: ✔️ 5 điều hoà
✔️ 4 nóng lạnh
✔️ Giường tủ đầy đủ
✔️ Tủ lạnh, máy giặt
✔️ Bếp từ, hút mùi
✔️ Sofa, bàn ăn…
🎯 Phù hợp: ✅ Hộ gia đình
✅ Nhóm người nước ngoài
✅ Công ty thuê ở kết hợp làm việc
💰 Giá thuê: 🇻🇳 Khách Việt: 13 triệu/tháng
🌍 Khách nước ngoài: 15 triệu/tháng
📄 Thanh toán: Đóng 3 cọc 1 – HĐ lâu dài trên 1 năm.

........ Liên hệ ngay để đ𝐢 𝐱𝐞𝐦 𝟐𝟒/𝟕, và tư vấn miễn phí, làm việc 𝐜𝐡𝐢́𝐧𝐡 𝐜𝐡𝐮̉! ----- #batdongsanlongbien #muabannhadatlongbienOk ạ, em viết lại cho gọn – mượt – dễ chốt nhé 👌 #nhadatlongbien #BánNhà🔥 #BánĐất #LongBiên #ĐầuTư #BấtĐộngSản #BấtĐộngSảnHàNội #xuhuong ——————— ☎️☎️☎️ 𝐋𝐢𝐞̂𝐧 𝐡𝐞̣̂: Nguyễn Hoa Chuyên Bất Động Sản Long Biên / Kho Lớn Nhất / Nhanh Nhất/ Chuyên Nghiệp Nhất.",288888.8888888889,0.013,small,under_1b
175382335,131787721,Phòng trọ bình dân giá rẻ trong làng Phú Mỹ,2700000,25.0,Quận Nam Từ Liêm,Phường Mỹ Đình 2,Hà Nội,Phòng trọ,3.0,12 giờ trước,"Hiện tại nhà mình còn phòng trống cần cho thuê

PHÒNG rộng 24m2 và có riêng phòng bếp bên cạnh, nóng lạnh điều hòa đủ cả

điện 4k/số, nước 100k/người

Khu trọ nhà mình chỗ để xe, sân phơi rộng rãi thoáng mát, an ninh tốt
Xung quanh khu trọ nhiều tạp hóa, giặt là, cắt tóc, vv
Vị trí giữa làng Phú Mỹ cách bến xe Mỹ Đình 700m, THPT Trí Đức 300m, vv",108000.0,0.0027,very_small,under_1b
176053042,132363212,"BÁN NHÀ TIÊN PHƯƠNG, CHƯƠNG MỸ Ô 45M2 Ô TÔ ĐỖ CỬA - GIÁ TỪ 3,83 TỶ",3830000000,45.0,Huyện Chương Mỹ,Xã Tiên Phương,Hà Nội,Nhà ở,4.0,9 giờ trước,"Dự án: 
Thông tin chi tiết: MỞ BÁN CỤM 4 CĂN TIÊN PHƯƠNG, CHƯƠNG MỸ (CÒN 2 CĂN) 🏠 - GIÁ TỪ 3,83 TỶ 
🏠 Vị trí: Nằm trên trục chính huyết mạch liên thôn Quyết Tiến, Tiên Phương, Chương Mỹ, Hà Nội. Ô tô dừng đỗ cửa nhà. 📍
✨ Ưu điểm: Gần ngay chợ, hệ thống trường học các cấp 1-2-3 và ủy ban. Vị trí kinh doanh hoặc ở cực thuận tiện. Bao sang tên sổ đỏ, lắp đặt sẵn công tơ điện nước.
📐 Thông số:
• Căn 1: 45m² x 4 tầng - Giá 3,83tỷ.
• Căn 2: 50m² x 4 tầng - Giá 4,1 tỷ. 💎
⚙️ Phù hợp: Gia đình ở lâu dài, kết hợp kinh doanh nhỏ hoặc đầu tư sinh lời an toàn.
📜 Pháp lý: Sổ đỏ chính chủ, bao phí sang tên, pháp lý sạch, giao dịch ngay.
✨ BĐS Minh Khôi - Thiết kế và xây dựng.
Hỗ trợ bán nhanh nhà - đất - căn hộ Hà Nội.
1️⃣ Sẵn nguồn khách hàng tiềm năng.
2️⃣ Bán nhanh nhất, giá cao nhất.
3️⃣ Bảo mật sự riêng tư tuyệt đối.
4️⃣ Phí môi giới hợp lý nhất.
5️⃣ Hỗ trợ pháp lý toàn diện.
Trân trọng!",85111111.1111111,3.83,small,3_5b
175862706,132199373,cho thuê nhà mặt phố phúc diễn 210 m2 ,25000000,210.0,Quận Bắc Từ Liêm,Phường Phúc Diễn,Hà Nội,"Văn phòng, Mặt bằng kinh doanh",3.0,14 giờ trước,"CHO THUÊ NHÀ XƯỞNG – PHÚC DIỄN
📍 Địa chỉ: Đường Phúc Diễn
📐 Diện tích: 210m²
🚗 Vị trí đẹp: 2 mặt trước – sau thông thoáng, ô tô lưu thông thuận tiện
🛣️ Đường rộng, xe công tránh nhau thoải mái
⚡ Điện 3 pha công suất lớn, nước sạch đầy đủ
🏭 Nhà mặt phố, phù hợp nhiều mô hình kinh doanh: sản xuất, kho hàng, showroom, v.v.
💰 Giá thuê: 25triệu/tháng
📞 Liên hệ: [Điền số điện thoại] để biết thêm chi tiết và xem mặt bằn",119047.61904761905,0.025,large,under_1b
175403927,131806161,"nha tây hồ xuân la 60met 5tầng  chỉ 15, 3tỷ",15300000000,60.0,Quận Tây Hồ,Phường Nhật Tân,Hà Nội,Nhà ở,4.0,4 giờ trước,"🔥 Nhà Xuân La Tây Hồ – Lô Góc Thang Máy – 60m² x 5T – 15.3 Tỷ (Hiếm)
Có những căn nhà… xem để biết,
và có những căn… xem là muốn giữ luôn.
Căn nhà này là kiểu thứ hai.
Dẫn khách đi xem nhiều căn quanh Xuân La,
đến đây thì khách dừng lại ngay từ cửa:
👉 Lô góc 2 mặt thoáng – ánh sáng ngập nhà
👉 Thiết kế hiện đại, thang máy nhập khẩu
👉 Không gian vào là cảm nhận được “chất sống”
Chỉ một câu khách nói:
“Không mua thì tiếc.”
👉 Tầm tiền rất hiếm căn thứ 2 có thang máy + lô góc tại Xuân La
📍 Vị trí
Trung tâm Xuân La – Tây Hồ
Khu dân trí cao, an sinh tốt
Giao thông thuận tiện, kết nối nhanh Võ Chí Công – Lạc Long Quân
📞 Liên hệ
Thuý – Chuyên nhà thổ cư Tây Hồ",255000000.0,15.3,small,over_10b
176057029,132369376,Lô góc phố Trương Định 40m2 x5T 7.8 tỷ ngõ nông sát phố thang máy nhà,7800000000,40.0,Quận Hoàng Mai,Phường Tương Mai,Hà Nội,Nhà ở,3.0,4 giờ trước,"Dự án: 
Thông tin chi tiết: VIP HIẾM 6 TẦNG - THANG MÁY - TRƯỚC NHÀ NGÕ VF3 ĐỖ CỬA - GIÁP DANH HAI BÀ TRƯNG - HOÀNG MAI - CÁCH MP 60M 🌹🌹🌹

Lô góc phố Trương Định 40m2 x5T 7.8 tỷ ngõ nông sát phố thang máy nhà mới sổ CC có TL


🏡 VỊ TRÍ : 
- Gần Bến Xe Giáp Bát , Chợ Đầu Mối Đền Lừ , Các Trường Đại học . 

🏡 Thiết kế : 6 tầng thang máy.
- Tầng 1: Sân để xe , khách, wc.
- Tầng 234 thông sàn khép kín(3 ngủ ).
- Tầng 5 : Phòng thờ, bếp , sân phơi
-Tầng 6: Ban công, sảnh BBQ
📕 Sổ Đỏ Vuông Đẹp, nét căng. 
LH Tú *** để xem nhà 24/7",195000000.0,7.8,small,5_10b
176045916,132357110,Chính chủ mời thuê nhà nguyên căn 5 tầng mới 3 ngủ 4wc,8000000,33.0,Quận Hoàng Mai,Phường Lĩnh Nam,Hà Nội,Nhà ở,3.0,13 giờ trước,"Diện tích sử dụng 144m2 3 ngủ 4 wc
Có điều hòa, nóng lạnh, tủ bếp
Chỉ cần chuyển đồ đến ở
Ô tô qua cửa nhà có ở hoặc thể kinh doanh online các mặt hàng sạch sẽ như bán quần áo, mỹ phẩm....",242424.24242424243,0.008,small,under_1b
176055484,132365306,"Cho thuê căn hộ Đê La Thành, DT 35m2, thoáng sáng, sạch sẽ, giá tốt",4200000,35.0,Quận Đống Đa,Phường Ô Chợ Dừa,Hà Nội,Căn hộ/Chung cư,1.0,8 giờ trước,"Cho thuê căn hộ tầng 2, mặt phố 412 Đê La Thành, Đống Đa, Hà Nội:
- Diện tích: 35m2
- Căn hộ khá mới, thoáng sáng, sạch sẽ, đủ nội thất, giờ giấc thoải mái
- Chủ nhà lịch sự, thiện chí
- Liên hệ chính chủ: ***",120000.0,0.0042,small,under_1b
171302873,128279547,Chính chủ bán Căn hộ Cao cấp View Đẹp MHD Trung Văn,9400000000,106.0,Quận Nam Từ Liêm,Phường Trung Văn,Hà Nội,Căn hộ/Chung cư,3.0,11 giờ trước,"Bán Căn hộ 3N Chung cư MHD Trung Văn, Q.NTL.
- Kết cấu: 3 phòng ngủ, 2 WC hiện đại, 1 phòng khách thoáng đãng, 1 bếp riêng biệt
- View đẹp, 2 phòng ngủ đều có view hướng ra đường Tố Hữu
- Thiết bị nội thất đã có đầy đủ, các phòng đều có điều hoà, bếp, hút mùi, tủ, thiết bị vệ sinh hiện đại sang trọng nhập khẩu từ Nhật Bản và Đức
- Căn hộ mới 100% chưa qua sử dụng, đã có sổ đỏ tận tay
- Khu vực mua bán kinh doanh sầm uất, đa dạng. Tiện ích xung quanh đầy đủ.gần chợ, trường, siêu thị...
- Khu dân cư đông thân thiện, an ninh đảm bảo.
Địa chỉ: Căn 3501 Chung cư MHD Trung Văn
Giá: 9.5 Tỷ
Liên hệ: ***",88679245.28301887,9.4,large,5_10b
176053120,132363268,CHO THUÊ CĂN HỘ STUDIO CỬA SỔ FULL NỘI THẤT NGAY TU HOÀNG  NAM TỪ LIÊM,3400000,31.0,Quận Nam Từ Liêm,Phường Xuân Phương,Hà Nội,Căn hộ/Chung cư,1.0,9 giờ trước,"Thiết kế hiện đại
- Cửa sổ rộng rãi thoáng mát
- Đầy đủ tiện ích như: điều hòa, tủ lạnh, giường, bàn ghế, tủ quần áo, bếp, kệ bếp trên+dưới, hút mùi,...
- Full nội thất chỉ cần xách vali vào ở
- Giờ giấc tự do, ra vào cổng vân tay
- Hệ thống PCCC đầy đủ, camera an ninh 24/7
-----------------------------------
Tiện ích xung quanh
- Xung quanh có các tiện ích như: chợ, ATM, siêu thị, khu vui chơi, quán cafe, công viên,...
- Thuận tiện di chuyển ra các đường lớn như: Cầu Diễn, Xuân Phương, Vạn Xuân,...
- Gần các trường đại học như Đại học Công Nghiệp, Đại học Tài Nguyên và Môi Trường, Công nghệ Đông Á,...",109677.41935483871,0.0034,small,under_1b
175379916,131785732,BÁN ĐẤT TẶNG NHÀ – LÊ VĂN HIẾN- ĐÔNG NGẠC- LÔ GÓC 3 THOÁNG,21500000000,80.0,Quận Bắc Từ Liêm,Phường Đức Thắng,Hà Nội,Đất,3.0,10 giờ trước,"BÁN ĐẤT TẶNG NHÀ – LÊ VĂN HIẾN- ĐÔNG NGẠC- LÔ GÓC 3 THOÁNG, Ô TÔ CHẠY VÒNG QUANH.
-Diện tích 80m – mt 13,6 m – giá 21,5 tỷ còn thương lượng.
-Vị trí: Khu phân lô cán bộ, lô góc 3 mặt thoáng, ô tô chạy vòng quanh, khu vực gần nhiều trường ĐH lơn: Học viện tài chính, Đại học mỏ địa chất, HV cảnh sát, y tế công cộng, trường cấp 1,2, chợ …
-Hiện chủ đang cho thuê 4 phòng 12tr/ tháng giữ đất, chủ mới mua đầu tư xây 7 tầng, thang máy kinh doanh gì cũng ra tiền.
-Sổ đỏ chính chủ; giao dịch ngay.
-Khách quan tâm LH sđt: *** – Mr Xuân.",268750000.0,21.5,medium,over_10b
171539033,128486406,"Anh Thuấn Bán Lô Đất Dịch Vụ Aeon Mall Hà Đông – 50m², Vỉa Hè, Ô Tô.",12500000000,50.0,Quận Hà Đông,Phường Dương Nội,Hà Nội,Đất,3.0,13 giờ trước,"Anh Thuấn gửi bán mảnh đất dịch vụ 50m² tại Aeon Mall Hà Đông, vị trí đẹp, đường rộng, vỉa hè thoáng.
Hàng xóm toàn khu đô thị, dân cư đông, tiện ích quanh nhà.
Phù hợp giữ đất – xây nhà – đầu tư lâu dài.
Giá bán: 12,5 tỷ.",250000000.0,12.5,small,over_10b
175877133,132211732,"Bán gấp căn 3PN2WC full đồ đẹp, giá 5,7 tỷ thương lượng",5700000000,76.0,Quận Nam Từ Liêm,Phường Tây Mỗ,Hà Nội,Căn hộ/Chung cư,3.0,6 giờ trước,"Chủ ngộp bank cần bán căn 3PN
Diện tích: 75m
Full nội thất đẹp
Giá: 5,7 tỷ có thương lượng
Liên hệ xem nhà e Thắng",75000000.0,5.7,medium,5_10b
176050788,132361241,"102 Phố Chính Kinh, nhà đẹp ở luôn, KD ngày đêm, oto đỗ cửa, 32m*5 tầ",7000000000,32.0,Quận Thanh Xuân,Phường Nhân Chính,Hà Nội,Nhà ở,4.0,10 giờ trước,"Dự án: 
Thông tin chi tiết: Vị trí đẹp , an ninh tốt ,sát phố ,sát trường học,thuận lợi di chuyển sang các tuyến phố Nguyễn Trãi, Trần Duy Hưng, Lê Văn Lương, Hoàng đạo Thúy, Quan Nhân, Hoàng Ngân, Nguyễn Ngọc Vũ...
Tiện ích đầy đủ không thiếu thứ gì, gần chợ, trường học các cấp... 

🌺 Nhà thiết kế:

+ tầng 1 : phòng khách + bếp + wc

+ tầng 2,3,4 :mỗi tầng 1 phòng+ wc

+ tầng 5: phòng thờ + sân phơi. 

📕Sổ đỏ cất két, sẵn sàng giao dịch.

- LH: Mr Tú *** để được tư vấn và xem nhà.",218750000.0,7.0,small,5_10b
176048397,132359201,"8 Tỷ -   ĐẶNG TIẾN ĐÔNG - VIP ĐỐNG ĐA - 26m x 5T x mt 3,5m",8200000000,26.0,Quận Đống Đa,Phường Trung Liệt,Hà Nội,Nhà ở,3.0,12 giờ trước,"Dự án: 
Thông tin chi tiết: 🆘🆘🆘  Hàng Hiếm, Ô Tô Tải Đỗ Cửa, Kinh Doanh Onl, 2 Thoáng Trước Sau, Trung Tâm Quận Đống Đa, Vị Trí Cực Đẹp, Nhà 5 Tầng Xây Mới 

✅ Thiết kế: 
+ T1 Khách, Bếp, Wc.
+ T2-3-4 ngủ + Wc.
+ T5 Phòng thờ, sân phơi

 ✅ Sổ đỏ nở hậu cất két.",315384615.38461536,8.2,very_small,5_10b
175377515,131783717,Cần bán căn hộ Tập Thể tại Hà Đông 3 Ngủ,2850000000,60.0,Quận Hà Đông,Phường Kiến Hưng,Hà Nội,Căn hộ/Chung cư,3.0,11 giờ trước,"Chính chủ: 
Bán nhà phố- Hà Đông 

Nhà rất gần các TTTM lớn, Chợ, Trường học các cấp, Hồ, bệnh viện, bãi xe...Ngã Tư Sở vô cùng thuận tiện 

Căn hộ Chung cư Tầng 2 rất thuận tiện đi lại, Phố thông ra các tuyến phố: Yên Xá , Cầu Bươu, Phạm Tu, Nguyễn Khuyến,… sầm uất nhất Quận. 

Nhà thiết kế gồm: 
 1 Phòng Khách , 3Phòng ngủ, 1 Khu bếp riêng ,wc 
Full nội thất mới 100%

Khu vực dân trí cao nguyên là phân khu cán bộ cao cấp được nhà nước cấp. Ấm mùa đông, mát mùa hè.

Sổ Đỏ.trao tay chốt liền ngay
Lh *** chủ nhà

Ace trung gian, mg không làm phiền
.xin cám ơn!",47500000.0,2.85,small,1_3b
176046090,132357161,Cho thuê nhà ngõ Khương Đình- Thanh Xuân- DT 40m2 x4 tầng,11000000,40.0,Quận Thanh Xuân,Phường Khương Đình,Hà Nội,Nhà ở,4.0,13 giờ trước,"Dự án: 
Thông tin chi tiết: - Mô Tả : 40m2*4  tầng 4pn3vs 
- Nội Thất : 4 điều hoà, 3 nóng lạnh 
- Phù hợp: gia đình,vp cty, kd onl,ở nhóm nữ 5-6b
- Vị Trí  : Gần 16x Khương Đình
- Thanh Toán : đóng 3 cọc 1
- HĐ 1-5 năm
- Thời gian nhận nhà: ngay
- Lh ngay để dc tư vấn và dẫn đi xem nhà miễn phí.
- Thông tin và hình ảnh chuẩn xác 100%",275000.0,0.011,small,under_1b
176012821,132328491,"Chính chủ cho thuê nhà 2 mặt phố 121 Đường Nguyễn Chí Thanh, Hà Nội",40000000,62.0,Quận Đống Đa,Phường Láng Thượng,Hà Nội,"Văn phòng, Mặt bằng kinh doanh",3.0,12 giờ trước,"Thông tin mô tả:

Nhà 4 tầng hai mặt tiền: Mặt trước là 121 đường Nguyễn Chí Thanh, mặt sau là đường Láng Trung cũ (hiện đang là cửa hàng Nguyễn wine).

Diện tích mặt bằng 62m2, mặt tiền 4,2m.

Nhà vuông vắn, vỉa hè rộng rãi, để xe rộng.

Cho thuê lâu dài, phù hợp kinh doanh: Phòng khám, siêu thị, văn phòng, cửa hàng bán lẻ, trưng bày sản phẩm, phòng giao dịch, công chứng, spa...

Giá thỏa thuận.

Liên hệ: *** (Chính chủ)",645161.2903225806,0.04,medium,under_1b
173992111,130599979,"Cần Bán tòa CCMN 58 m2 tại mặt ngõ 143 Đê Trần Khát Chân, Vĩnh Tuy, HN",10990000000,58.0,Quận Hai Bà Trưng,Phường Thanh Lương,Hà Nội,Nhà ở,7.0,13 giờ trước,"CẦN TIỀN GẤP cần
📣📣📣 Bán Chung cư mini mặt ngõ 143 đường Đê Trần Khát chân
💰Giá chào: 11.5 tỷ - giảm chào hơn 500tr
💰Còn: 1***  (Rẻ nhất phân khúc)
👉 👉 Hiện đang có 7 phòng cho thuê, doanh thu 35tr / tháng. Quý khách mua về có thể sử dụng cho thuê tiếp hoạc vừa ở vừa cho thuê, tùy theo nhu cầu
👉 Đường rộng, thuận tiện đi lại, cách phố 15m, cách chợ 15m - rất gần, tiện ích xung quanh bạt ngàn

👉 Vị trí đẹp, cách mặt phố và chợ 15m, lúc nào cũng cháy phòng, dân đông đúc, cực kỳ sầm uất, gần trường trung học Hai Bà Trưng, phố Trần Khát Chân, Nguyễn Khoái, Minh Khai.
--> Khách đuổi đi không hết.
👉 Sổ đỏ chính chủ, sẵn sàng giao dịch.
👉 Đang cho thuê dòng tiền

Đi lại thuận tiện, thông thương tuyệt vời.
☎️ Quý Khách xem phòng inbox tôi (chủ nhà) zalo số *** (hoạc gọi trực tiếp) - Xin cảm ơn bạn đã đọc tin !",189482758.62068966,10.99,small,over_10b
176053192,132363317,BÁN NHÀ TT QUANG MINH - MÊ LINH - Ô TÔ ĐỖ CỬA- LOANH QUANH 3 TỶ,3200000000,40.0,Huyện Mê Linh,Thị trấn Quang Minh,Hà Nội,Nhà ở,2.0,9 giờ trước,"Bạn đang tìm một căn nhà ở ngay, không phải sửa sang, vừa đủ ấm cúng cho gia đình trẻ nhưng vẫn thoải mái cho nhiều thế hệ?
Chính chủ cần bán gấp Nhà 3 tầng  tại  Quang Minh, Mê Linh
- Ngõ rộng, thoáng sáng, ô tô vào tận cửa.
 - Vị trí gần các trục đường lớn như đường 100 Mê Linh, đường Vành đai 3.5.
Chỉ 5p tới khu công nghiệp Quang Minh, 3 phút tới trường mầm non, tiểu học Quang Minh A, trường cao đẳng Y Dược Tuệ Tĩnh...
Đi nội đô chỉ 25p, sân bay chỉ 20p. Giao thông rất thuận tiện.
Khu dân trí cao, hàng xóm thân thiện, an ninh đảm bảo.
💡 Đây là lựa chọn hiếm có cho gia đình trẻ muốn an cư ngay hoặc nhiều thế hệ cùng sống thoải mái, vừa tiện sinh hoạt vừa có tiềm năng tăng giá.
Giá chỉ 3.2 tỷ có thương lượng cho khách thiện chí.
",80000000.0,3.2,small,3_5b
176050800,132361270,"12 Tỷ - THỊNH QUANG - VIP ĐỐNG ĐA - 50m x 3T x mt 6,8",12100000000,50.0,Quận Đống Đa,Phường Thịnh Quang,Hà Nội,Nhà ở,3.0,10 giờ trước,"Dự án: 
Thông tin chi tiết: ⭐️ NHÀ 2 MẶT NGÕ THÔNG - Ô TÔ ĐỖ CỬA - MẶT TIỀN SIÊU RỘNG - 2 THOÁNG, KINH DOANH TỐT -  NHÀ ĐẸP CHẮC CHẮN Ở NGAY💥
- Cách mặt ngõ Thịnh Quang 3m, lô góc cực thoáng. Nhà chủ tự xây chắc chắn, mới sơn lại tính ở nhưng do điều kiện công việc nên muốn bán đổi vị trí cho thuận tiện, chủ sơn sửa lại rất kĩ khách mua về ở ngay.

⭐️ Thiết kế:
- Tầng 1: Phòng khách - Bếp - Wc 
- Tầng 2: 2 ngủ - 1 Wc
- Tầng 3: 1 ngủ - 1 Wc - Phòng thờ - Sân phơi
📕 Sổ đỏ đẹp chính chủ",242000000.0,12.1,small,over_10b
176050846,132361286,"Bán căn hộ tập thể ngõ 122 Mai Dịch, 80m2, 3 ngủ, 2 wc, full nội thất.",4780000000,80.0,Quận Cầu Giấy,Phường Mai Dịch,Hà Nội,Căn hộ/Chung cư,3.0,10 giờ trước,"Chủ nhà cần bán căn hộ tập thể ngõ 122 Mai Dịch, lô góc 3 mặt thoáng.
Diện tích: 80m2, thiết kế: 3 phòng ngủ, 1 phòng khách, 1 bếp, 2 wc.
Nội thất đầy đủ, khách chỉ xách vali vào ở.
Gần chợ Đồng Xa, trường Mầm non Mai Dịch, cấp 1, cấp 2 Mai Dịch..
Sổ đỏ chính chủ
Giá bán: 4.78 tỷ có thỏa thuận

",59750000.0,4.78,medium,3_5b
174812726,131304519,Chính chủ cho thuê nhà ở phố Tân Mai Hoàng Mai,2500000,25.0,Quận Hoàng Mai,Phường Tân Mai,Hà Nội,Căn hộ/Chung cư,1.0,7 giờ trước,"Mình có căn phòng tầng 2 có gác
 lửng, phòng có điều hòa nóng lạnh đầy đủ, nhà nằm gần chung cư K35
 hồ Đền lừ, đi lại thuận tiện và, có nhà để xe tầng 1... An Ninh cực tốt.. 
Giá thuê 2,5tr/tháng., điện nước có đồng hồ riêng biệt.... Rất gần bến xe giáp bát.., trường học bách Kinh Xây ngay gần..
Liên hệ mình chủ nhà. Miễn trung gian.",100000.0,0.0025,very_small,under_1b
173963989,130575433,"MẶT PHỐ ĐƯỜNG GIÁP BÁT, HOÀNG MAI - 195M ĐẤT- SIÊU RẺ - SIÊU RỘNG",26200000000,194.0,Quận Hoàng Mai,Phường Giáp Bát,Hà Nội,Nhà ở,11.0,13 giờ trước,"***Siêu Sốc ---> Mặt Phố giá chỉ 134tr / Mét đất
📣📣📣 Bán nhà mặt phố đường Giáp Bát - Hoàng Mai - Hà Nội - Việt Nam ( Mặt đường rộng 2 ô tô tránh nhau thoải mái ), sầm uất, xây tòa nhà, 195m².
💰Giá chào: 32 tỷ giảm gần 6 tỷ, 
💰Còn: 26.2 tỷ - chỉ 134tr / mét vuông đất
👉 👉 Hiện đang có 13 phòng cho thuê, doanh thu 85tr / tháng. 
👉 Đường rộng, thuận tiện kinh doanh.
👉 Xây tòa nhà văn phòng thì đẹp nhất khu vực.
👉 Vị trí siêu đẹp, mặt đường Giáp Bát đoạn sầm uất nhất, gần đường Tân Mai, Giải phóng, Bờ Sông Sét, Trương Định
👉 Đường rộng, đông dân, sầm uất ngày đêm.
👉 Sổ đỏ chính chủ, sẵn sàng giao dịch.
👉 Đang cho thuê dòng tiền
==> 👍👍👍 Tuyến phố Tân Mai, Giải phóng đang cải tạo mở rộng làm đường hầm, đường rộng thênh thang, vị thế nhà tương lai rất đẹp.
Đi lại thuận tiện, thông thương tuyệt vời.
☎️ Quý Khách xem phòng inbox tôi (chủ nhà) zalo số *** (hoạc gọi trực tiếp) - Xin cảm ơn bạn đã đọc tin !",135051546.39175257,26.2,large,over_10b
175905847,132236369,"CHÍNH CHỦ CẦN BÁN ĐẤT 74,9 M2, GẦN KHU CNC, GẦN ĐƯỜNG LỚN",3300000000,74.9,Huyện Thạch Thất,Xã Đồng Trúc,Hà Nội,Đất,3.0,13 giờ trước,"Đất 74,9 m2 gồm 60m2 đất ở và 14,9 m2 đất trồng cây lâu năm
Mặt tiền > 4m, Dài 18.8m
Hẻm rộng > 3m
Đất gần khu CNC, Hẻm gần đường lớn",44058744.99332443,3.3,medium,3_5b
176060409,132369490,Cho thuê chung cư 55m2,9000000,55.0,Quận Long Biên,Phường Sài Đồng,Hà Nội,Căn hộ/Chung cư,2.0,4 giờ trước,"Cho thuê căn góc 55m2, nội thất cơ bản, hợp đồng năm 1, có thể vào ở ngay trong tháng 6, liên hệ trực tiếp số đt *** hoặc zalo số trên",163636.36363636365,0.009,small,under_1b
175561013,131941459,cãn hộ đủ đồ trúc bạch - quán thánh,5500000,30.0,Quận Ba Đình,Phường Trúc Bạch,Hà Nội,Căn hộ/Chung cư,1.0,9 giờ trước,"Dự án: 
Thông tin chi tiết: Chính chủ cho thuê căn hộ đủ đồ khu hồ Trúc Bạch - Châu Long - Quán Thánh. 35 - 40 m² có loại phòng chia 1 phòng ngủ 1 phòng khách và căn hộ studio khép kín có ban công điều hòa, nóng lạnh, tivi, tủ lạnh, bếp, bát đũa,... Chỉ việc đến ở. Căn hộ có ban công thoáng mát. Vài bước ra hồ Trúc Bạch mát lộng. Khu phố văn minh dịch vụ gì cũng có. Ô tô đỗ cửa. Đi lại có chìa khóa riêng.",183333.33333333334,0.0055,very_small,under_1b
176050868,132361306,Cho thuê nhà mới Thang máy 5 tầng đẹp ở Ngõ 286 Bạch Đằng,15500000,45.0,Quận Hoàn Kiếm,,Hà Nội,Nhà ở,5.0,10 giờ trước,"Gia đình tôi có căn nhà riêng mới xây nhưng chưa có nhu cầu ở.
ô tô đỗ cửa nhà
DT 45m x 5T
Gồm 5 ngủ
Nhà đủ nóng lạnh và Khu bếp, có 03 điều hòa
Nhận nhà ngay
Phù hợp ở và làm Văn Phòng",344444.44444444444,0.0155,small,under_1b
176050875,132361322,"CHUNG CƯ NGUYỄN ĐỨC CẢNH – 86M² CĂN GÓC THOÁNG SÁNG CHỈ 5,4 TỶ",5400000000,86.0,Quận Hoàng Mai,Phường Tương Mai,Hà Nội,Căn hộ/Chung cư,2.0,10 giờ trước,"CHUNG CƯ NGUYỄN ĐỨC CẢNH – 86M² CĂN GÓC THOÁNG SÁNG CHỈ 5,4 TỶ 

+ Vị trí đẹp tại Nguyễn Đức Cảnh, Hoàng Mai – trung tâm tiện ích, sống cực tiện
+ Diện tích rộng 86m² thiết kế 2 ngủ 2 vệ sinh, dễ cải tạo thành 3 ngủ
+ Căn góc thoáng sáng, phòng nào cũng đón ánh sáng tự nhiên
+ Gần hồ Đền Lừ, không gian sống xanh mát, tập thể dục thư giãn mỗi ngày
+ Sổ đỏ chính chủ – sang tên nhanh gọn
+ Giá chỉ 5,4 tỷ
+ Liên hệ *** xem nhà trực tiếp",62790697.674418606,5.4,medium,5_10b
176060460,132369518,"Hót Phố Cự lộc, nhà đẹp ở luôn, cách 30m oto tránh, tiện ích bạt ngàn,",7200000000,39.0,Quận Thanh Xuân,Phường Nhân Chính,Hà Nội,Nhà ở,4.0,4 giờ trước,"Dự án: 
Thông tin chi tiết: Vị trí đẹp , an ninh tốt ,sát phố ,sát trường học,thuận lợi di chuyển sang các tuyến phố Nguyễn Trãi, Trần Duy Hưng, Lê Văn Lương, Hoàng đạo Thúy, Quan Nhân, Hoàng Ngân, Nguyễn Ngọc Vũ...
Tiện ích đầy đủ không thiếu thứ gì, gần chợ, trường học các cấp... 

🌺 Nhà thiết kế:

+ tầng 1 : phòng khách + bếp + wc

+ tầng 2,3,4 :mỗi tầng 1 phòng+ wc

+ tầng 5: phòng thờ + sân phơi. 

📕Sổ đỏ cất két, sẵn sàng giao dịch.

- LH: Mr Tú *** để được tư vấn và xem nhà.",184615384.6153846,7.2,small,5_10b
176060411,132369522,"BÁN NHÀ TỨ HIỆP, THANH TRÌ – LÔ GÓC 62M² – Ô TÔ VÀO NHÀ – HƠN 10 TỶ",10500000000,62.0,Huyện Thanh Trì,Xã Tứ Hiệp,Hà Nội,Nhà ở,3.0,4 giờ trước,"🔥 BÁN NHÀ TỨ HIỆP, THANH TRÌ – 62M² – Ô TÔ VÀO NHÀ – LÔ GÓC 🔥

📍 Vị trí đẹp trung tâm Tứ Hiệp, Thanh Trì, gần Ngọc Hồi, Giải phóng, B.xe Nước Ngầm, B.viện nội tiết TW chợ trường học xung quanh, tiện ích đầy đủ, ở cực sướng.

✨ Diện tích 62m²
✨ Nhà 3 tầng khung BTCT chắc chắn
✨ Lô góc 2 thoáng, mặt tiền rộng
✨ Ngõ thẳng tắp, ô tô vào nhà, cách 30m ra chợ thị trấn Văn Điển

🏡 3 phòng ngủ đủ công năng sử dụng.

💎 Khu dân cư văn minh, gần chợ, trường học, trung tâm hành chính Thanh Trì, giao thông thuận tiện.

📕 Sổ đỏ riêng, pháp lý chuẩn.

☎️ Liên hệ Hiệu BĐS Thổ cư - ***

#bannhatuhiep #bannhathanhtri #nhadatthanhtri #bannhaotovao #nhadeptuhiep #bdsthocu #muabannhathanhtri #nhadatngochoi #nhalinhdam",169354838.70967743,10.5,medium,over_10b
176050537,132361338,Cho thuê mặt bằng giá rẻ Bách Kinh Xây,4000000,20.0,Quận Hai Bà Trưng,Phường Bách Khoa,Hà Nội,"Văn phòng, Mặt bằng kinh doanh",3.0,10 giờ trước,"Cho thuê mặt bằng làm được đa dịch vụ văn phòng, số 25 ngõ 183 Trần Đại Nghĩa, đối diện KTX Đại học kinh tế quốc dân, chỗ để xe rộng rãi, ô tô tránh nhau. khu tập trung đông sinh viên bách kinh xây.",200000.0,0.004,very_small,under_1b
175718773,132076669,"Tôi bán chung cư của mình tại Hemisco xala cạnh bv K, quân y 103",5100000000,79.5,Quận Hà Đông,Phường Phúc La,Hà Nội,Căn hộ/Chung cư,2.0,14 giờ trước,"Dự án: 
Thông tin chi tiết: Tôi chính chủ bán chung cư cao cấp tại Hemisco xala, nhà ở căn hộ tầng trung, thoáng mát, nội thất tôi rất chăm chút, tỉ mỉ từng góc một. Tiện ích xung quanh ngập tràn, siêu thị lớn, chợ dân sinh, phòng tập tất cả đều all in one. Trẻ con người lớn chạy bộ xung quanh khu toà nhà. Cách 3 bước là đến trường học từ trường công đến trường quốc tế. Cấp 1,2,3 đầy đủ. Học viện quân y, CĐ kinh tế, bệnh viện lớn.",64150943.39622641,5.1,medium,5_10b
175733413,132088996,🔥 100M² FULL THỔ CƯ – Ô TÔ VÀO TẬN CỬA – GIÁ 5.32 TỶ 🔥  📍 Vị trí đẹp –,5320000000,100.0,Huyện Đông Anh,Xã Xuân Nộn,Hà Nội,Đất,3.0,11 giờ trước,"Dự án: 
Thông tin chi tiết: Dự án: 
Thông tin chi tiết: 📍 Vị trí đẹp – khu vực đang phát triển mạnh
📐 Diện tích: 100m² – MT 8.03m cực thoáng

💎 Lợi thế nổi bật:
✔️ Đường trước đất rộng, ô tô 5 chỗ vào tận cửa
✔️ Mặt tiền đẹp – dễ xây ở, làm nhà vườn hoặc đầu tư chia lô
✔️ Khu vực dân cư đông, tiềm năng tăng giá tốt
✔️ Vài bước ra khu bia làng – không gian sống thoáng mát

📜 Pháp lý chuẩn – sẵn sàng giao dịch ngay

💰 Giá: 5.32 tỷ (có thương lượng nhẹ)

⚡ Sản phẩm diện tích đẹp – mặt tiền rộng – rất dễ bán lại
📞 Liên hệ ngay trước khi chủ đổi ý!",53200000.0,5.32,medium,5_10b
175886876,132220072,PHÒNG MỚI TINH FULL NỘI THẤT – GẦN GIẢI PHÓNG,4500000,30.0,Quận Thanh Xuân,Phường Phương Liệt,Hà Nội,Phòng trọ,3.0,7 giờ trước,"Địa chỉ: 106 ngõ 1 Phan Đình Giót, Phường Phương Liệt, Quận Thanh Xuân, Hà Nội
Giá: 4.5 triệu/tháng, vào ở luôn
Diện tích: 30m² – rộng rãi, ở cực thoải mái
Nhà mới xây 100%, phòng cực sạch – sáng – thoáng
•	Ban công giếng trời riêng, cửa sổ lớn → ánh sáng tự nhiên
•	Bếp + tủ bếp riêng (nấu ăn thoải mái, không ám mùi)
•	WC khép kín hiện đại, sạch sẽ
•	Nội thất có sẵn: Giường tủ, Điều hòa 2 chiều, Tủ lạnh, Bình nóng lạnh, Máy lọc nước, Tủ bếp, chậu rửa
TIỆN ÍCH & AN NINH
•	Camera 24/7, khóa vân tay
•	Công tơ điện nước riêng (minh bạch)
•	Thang riêng – không chung chủ (rất thoải mái)
•	Chỗ để xe rộng rãi
•	Vị trí đẹp gần Giải Phóng – di chuyển cực tiện
•	Xung quanh đầy đủ: ăn uống, siêu thị, tiện ích
LIÊN HỆ NGAY ***
",150000.0,0.0045,very_small,under_1b
176050965,132361384,"Hiếm Phố Quan Nhân, nhà đẹp ở luôn, KD, oto đỗ cửa, 30m*5 tầng",7000000000,30.0,Quận Thanh Xuân,Phường Nhân Chính,Hà Nội,Nhà ở,4.0,10 giờ trước,"Dự án: 
Thông tin chi tiết: Vị trí đẹp , an ninh tốt ,sát phố ,sát trường học,thuận lợi di chuyển sang các tuyến phố Nguyễn Trãi, Trần Duy Hưng, Lê Văn Lương, Hoàng đạo Thúy, Quan Nhân, Hoàng Ngân, Nguyễn Ngọc Vũ...
Tiện ích đầy đủ không thiếu thứ gì, gần chợ, trường học các cấp... 

🌺 Nhà thiết kế:

+ tầng 1 : phòng khách + bếp + wc

+ tầng 2,3,4 :mỗi tầng 1 phòng+ wc

+ tầng 5: phòng thờ + sân phơi. 

📕Sổ đỏ cất két, sẵn sàng giao dịch.

- LH: Mr Tú *** để được tư vấn và xem nhà.",233333333.33333334,7.0,very_small,5_10b
176015393,132330665,"Siêu phẩm đất đẹp Phúc Lợi – vị trí tiềm năng tăng giá mạnh!

hot hot!",6950000000,55.0,Quận Long Biên,Phường Phúc Lợi,Hà Nội,Đất,3.0,12 giờ trước,"Siêu phẩm đất đẹp Phúc Lợi – vị trí tiềm năng tăng giá mạnh!

Dt 55m², mặt tiền rộng 6,4m cực đẹp, chỉ vài bước ra đường oto tránh. Mảnh đất thoáng sáng, vuông vức, nằm cạnh khu Rubicity, giáp mặt đê Vàng – khu vực đang phát triển từng ngày.

Tiện ích bạt ngàn: gần trường học, chợ, giao thông thuận tiện, ở sướng hoặc đầu tư đều cực kỳ hợp lý. Đặc biệt khi đê Vàng mở rộng thành mặt đường lớn, giá trị bất động sản sẽ còn tăng cao trong tương lai.

Tc chưa đến 7 tỷ, có thương lượng mạnh cho khách thiện chí.

Sổ đỏ sẵn sàng giao dịch ",126363636.36363636,6.95,small,5_10b
176046251,132357295,"KHƯƠNG TRUNG, THANH XUÂN - Ở LUÔN - GIÁ RẺ",7000000000,35.0,Quận Thanh Xuân,Phường Khương Đình,Hà Nội,Nhà ở,3.0,13 giờ trước,"KHƯƠNG TRUNG, THANH XUÂN - Ở LUÔN - GIÁ RẺ
 
Diện tích 35m²,  Giá chào 7 TỶ ~ 200tr/m² - Mặt tiền 3.5 lận

👉 BÁN NHÀ KHƯƠNG TRUNG -VỊ TRÍ CỰC HIẾM -3 BƯỚC RA Ô TÔ - FULL NỘI THẤT NGÕ NÔNG - THOÁNG

👉Ngõ 211 Khương Trung nút giao thông kết nối nhanh Ngã Tư Sở, Hoàng Văn Thái, Vương Thừa Vũ...

Đỗ xe Vị trí nhà mình rất đẹp gần ô tô chỉ 50m ra mặt ngõ 211 oto tránh, kinh doanh và vài bước đã ra đến Đầm Hồng, Vành đai 2.5

• Thiết kế:
+ Tầng 1: Phòng khách, bếp, phòng ăn, wc nội thất cơ bản
+Tầng 2 : 2 ngủ+ vs giữa
+Tầng3: 1 phòng+ vs+ sân phơi
+Tầng 4: tum -phòng thờ+ phòng nhỏ

📕 Sổ đỏ nở hậu 
LH: Mr Quang Hà ***
(16)",200000000.0,7.0,small,5_10b
175870112,132205747,Nhà tập thể chính chủ quận Hai Bà - Hà Nội 3ngủ 2vs,3340000000,57.0,Quận Hai Bà Trưng,Phường Quỳnh Mai,Hà Nội,Căn hộ/Chung cư,3.0,13 giờ trước,"  Nhà tập thể chính chủ quận Hai Bà - Hà Nội 3ngủ 2vs đầy đủ bình NL, ĐH, Wifi cáp quang, đủ đồ về ở luôn tiện lợi. Căn tầng4 cầu thang thông tầng trong nhà, View thoáng sáng tuyệt vời, nhà khô đẹp không lo ngấm như các nhà tầng dưới, tường xây chắc chắn, 57m ánh sáng tự nhiên khắp các phòng, toà mặt phố chính ô tô đỗ cửa, kinh doanh sầm uất, nhiều nhà hàng, chợ, cafe, Siêu thị .v..v.. Gần bệnh viện, các trường học Top đầu, tiện ích ngập tràn, không thiếu thứ gì. Sổ đỏ chính chủ cầm tay, có ảnh nhà thực tế trên tin đăng.",58596491.22807018,3.34,small,3_5b
176055745,132365508,"CHO THUÊ NGUYÊN CĂN NGỌC THUỴ - GẦN TRƯỜNG , CHỢ  - 4PNFULL NỘI THẤT",14000000,60.0,Quận Long Biên,Phường Ngọc Thụy,Hà Nội,Nhà ở,3.0,7 giờ trước,"CHO THUÊ NGUYÊN CĂN TẠI NGỌC THUỴ - GẦN TRƯỜNG , CHỢ NGỌC THUỴ - 5PN KHÉP KÍN- FULL NỘI THẤT - CÁCH Ô TÔ TRÁNH 100M!
 + Nhà 4 tầng : 
Tầng 1: PK, bếp, WC.
Tầng 2 , 3: mỗi tầng 2PN, WC khép kín.
Tầng 4 : 1 PN, sân phơi.
+ Nội thất: 4 điều hoà, 2 nóng lạnh, 3 bộ giường tủ, máy giặt, bếp, hút mùi, tủ bếp, …
+ Nhận nhà: ngay. 
+ Hình thức thanh toán : đóng 3 cọc 1 . HĐ trên 1 năm. Cho thuê lâu dài.
LH ***",233333.33333333334,0.014,small,under_1b
176055713,132365510,Cho thuê nhà,15000000,32.0,Quận Đống Đa,Phường Văn Chương,Hà Nội,Nhà ở,3.0,7 giờ trước,"Nhà trung tâm quận Đống Đa cũ, giao thông kết nối thuật tiện, gần trường học, bệnh viện, phòng rộng rãi wc khép kín, thuận tiện cho việc vừa ở vừa kinh doanh.",468750.0,0.015,small,under_1b
172523752,129326280,"Chính chủ cho thuê căn hộ 136 Vũ Phạm Hàm: 30m2, full nội thất, 3,8tr",3800000,30.0,Quận Cầu Giấy,Phường Trung Hoà,Hà Nội,Căn hộ/Chung cư,1.0,8 giờ trước,"Chính chủ cho thuê căn hộ 136 Vũ Phạm Hàm, Trung Hoà, Cầu Giấy: Diện tích 30m2, full nội thất chỉ việc vào ở, ngay trung tâm giao thông thuận tiện, giá cho thuê 3,8tr",126666.66666666667,0.0038,very_small,under_1b
176046266,132357327,"Bán gấp nhà riêng 3PN, 3WC, 53m2 tại Hưng Đạo, Quốc Oai, Hà Nội",5150000000,53.0,Huyện Quốc Oai,Xã Đại Thành,Hà Nội,Nhà ở,3.0,13 giờ trước,"Nhà riêng Xã Hưng Đạo, Hà Nội (địa chỉ cũ: Đại Thành,Huyện Quốc Oai, Hà Nội) - với thiết kế hiện đại và tiện nghi, là lựa chọn lý tưởng cho gia đình.
- Diện tích: 53m²
- Số tầng: 3
- Số phòng ngủ: 3PN
- Số toilet: 3WC
- Pháp lý: đầy đủ
- Nội thất: đầy đủ, bao gồm điều hòa, tủ lạnh, giường...

Đặc biệt, nhà nằm ở vị trí thuận tiện, cách trường học 400m, oto qua cửa, cách khu đô thị Đô Nghĩa 3km, cách bến xe Yên Nghĩa 5km, mang lại cuộc sống thoải mái và dễ dàng di chuyển. Pháp lý đầy đủ, đảm bảo sự an tâm cho người mua.",97169811.32075472,5.15,small,5_10b
176060550,132369620,"BÁN NHÀ THANH TRÌ – 50M² –5 TẦNG – GARA Ô TÔ – FULL NỘI THẤT, HƠN 7 TỶ",7850000000,50.0,Huyện Thanh Trì,Xã Ngũ Hiệp,Hà Nội,Nhà ở,5.0,3 giờ trước,"🔥 BÁN NHÀ TRUNG TÂM THANH TRÌ – 50M² – 5 TẦNG – GARA Ô TÔ VÀO NHÀ – HƠN 7 TỶ 🔥

🏡 Căn nhà cực phù hợp cho gia đình trẻ cần không gian rộng, khu vực an sinh tốt và giao thông thuận tiện.

📍 Vị trí trung tâm Thanh Trì, ngõ thông thoáng, ô tô chạy vòng quanh, di chuyển nhanh ra Ngọc Hồi, Tứ Hiệp, Linh Đàm, Giải Phóng.

✨ Diện tích 50m²
✨ Nhà 5 tầng thiết kế hiện đại
✨ Gara ô tô vào nhà cực tiện
✨ Ngõ thông, dân trí cao, an ninh tốt
✨ Nhà thoáng sáng, công năng đầy đủ cho gia đình nhiều thế hệ

💎 Tiện ích xung quanh không thiếu gì:
✔️ Gần chợ, trường học, trung tâm hành chính
✔️ Gần bến xe Nước Ngầm, Linh Đàm
✔️ Khu dân cư đông đúc, ở cực thích

📕 Sổ đỏ riêng, pháp lý chuẩn.

☎️ Hiệu BĐS Thổ cư - ***

#bannhathanhtri #bannhatuhiep #nhagaraoto #nhad",157000000.0,7.85,small,5_10b
176003137,132320469,"P. Trọ khép kín có gác xép gần Ga, Bến xe Gia Lâm",2800000,40.0,Quận Long Biên,Phường Bồ Đề,Hà Nội,Phòng trọ,3.0,10 giờ trước,"Dự án: 
Thông tin chi tiết: Dự án: 
Thông tin chi tiết: Phòng trọ khép kín có gác xép cao rộng, thoáng mát ấm áp về mùa đông mát về mùa hè.
Khu bếp nấu riêng biệt sạch sẽ 
Có điều hoà hai chiều, bình tắm nóng lạnh, sen vòi 
Điện, nước máy sạch, Intenet Wifi đầy đủ
Hành lang lối đi riêng không chung với chủ
Giờ gấc tự do
Chính chủ cho thuê cam kết mô tả đúng theo hình ảnh đã gửi.",70000.0,0.0028,small,under_1b
176063011,132371672,Bán nhà  Hồ Tùng Mậu :giá 8  tỷ,8000000000,35.0,Quận Cầu Giấy,Phường Mai Dịch,Hà Nội,Nhà ở,4.0,22 phút trước,"Dự án: 
Thông tin chi tiết: Bán nhà Hồ Tùng Mậu 
Diện tích :35 m
5 tầng ,
Sổ đỏ chính chủ 
Full nội thất 
Vị trí :gần công viên ,gần chợ ,gần trường đại học ,tiện ích xung quanh 
Lh :***",228571428.57142857,8.0,small,5_10b
175788764,132136167,LƯƠNG KHÁNH THIỆN : 50M - 5 TẦNG,8000000000,50.0,Quận Hoàng Mai,Phường Hoàng Văn Thụ,Hà Nội,Nhà ở,3.0,11 giờ trước,"GẦN HỒ , CÔNG VIÊN , CHỢ . KHU VỰC DÂN TRÍ CAO , NGÕ THÔNG BA GÁC ĐỖ CỬA 
GỌI NGAY EM HIẾU ***  ĐỂ ĐƯỢC TƯ VẤN ",160000000.0,8.0,small,5_10b
176022820,132365544,Có thể vào ở luôn Số 9 ngõ 803 đường Giải Phóng,3000000,20.0,Quận Hoàng Mai,Phường Giáp Bát,Hà Nội,Phòng trọ,3.0,7 giờ trước,"😍Còn phòng trống cho thuê ( Có thể vào ở luôn )}}
{{🤩Vị Trí : Số 9 ngõ 803 đường Giải Phóng}}
🍀Giá : 3tr /phòng đầy đủ: nóng lạnh, điều hòa, giường tủ, Bếp Từ, Ấm siêu tốc
🍀Gần các trường đại học KTQD, ĐHBK, ĐHXD, ĐHYHN
🍀chỗ để xe T1
🍀Giờ giấc thoải mái, không chung chủ
🍀Ngay ngõ chợ, gần trung tâm, gần phố xá đông đúc
🍀Giá điện : 4k/số
🍀Nước: dùng bn chia đầu người
🍀Dịch Vụ:
150k/người gồm: rác, để xe, điện hành lang, vệ sinh chung 2 lần/ tháng, máy giặt
LH: ***
",150000.0,0.003,very_small,under_1b
175605705,131986666,nhà ở full đồ tại phố Pháo Đài Láng,3500000,30.0,Quận Đống Đa,Phường Láng Thượng,Hà Nội,Nhà ở,1.0,10 giờ trước,"Dự án: 
Thông tin chi tiết: Cần cho thuê căn phòng T3 diện tích 25-30 mét của  ngôi nhà 4 tầng . có điều hòa, quạt trần , nóng lạnh full đồ . tại phố Pháo Đài Láng  phường Láng gần các trường đại hoc, trung tâm thương mại, chợ . Giao thông thuận tiện, giá 3tr đến 3,5 tr/ 1 phòng.",116666.66666666667,0.0035,very_small,under_1b
176058166,132367595,chính chủ cần bán,5500000000,70.0,Quận Hoàng Mai,Phường Hoàng Liệt,Hà Nội,Căn hộ/Chung cư,2.0,6 giờ trước,"Dự án: 
Thông tin chi tiết: Chính chủ cần bán CHCC tại k khu u X2 linh đàm",78571428.57142857,5.5,medium,5_10b
176050061,132361468,"CHUNG CƯ NGUYỄN ĐỨC CẢNH – 86M² CĂN GÓC THOÁNG SÁNG CHỈ 5,4 TỶ",5400000000,86.0,Quận Hoàng Mai,Phường Tương Mai,Hà Nội,Căn hộ/Chung cư,2.0,10 giờ trước,"CHUNG CƯ NGUYỄN ĐỨC CẢNH – 86M² CĂN GÓC THOÁNG SÁNG CHỈ 5,4 TỶ 

+ Vị trí đẹp tại Nguyễn Đức Cảnh, Hoàng Mai – trung tâm tiện ích, sống cực tiện
+ Diện tích rộng 86m² thiết kế 2 ngủ 2 vệ sinh, dễ cải tạo thành 3 ngủ
+ Căn góc thoáng sáng, phòng nào cũng đón ánh sáng tự nhiên
+ Gần hồ Đền Lừ, không gian sống xanh mát, tập thể dục thư giãn mỗi ngày
+ Sổ đỏ chính chủ – sang tên nhanh gọn
+ Giá chỉ 5,4 tỷ
+ Liên hệ *** xem nhà trực tiếp",62790697.674418606,5.4,medium,5_10b
174487490,131028221,MẶT NGÕ CHÍNH GIÁP BÁT - MẶT TIỀN 5.4M - KINH DOANH ĐỈNH - 6.86 TỶ,6860000000,22.0,Quận Hoàng Mai,Phường Giáp Bát,Hà Nội,Nhà ở,3.0,12 giờ trước,"MẶT NGÕ CHÍNH GIÁP BÁT - MẶT TIỀN 5.4M - KINH DOANH ĐỈNH - 6.86 TỶ 🔥
Vị trí kinh doanh đắc địa: Nhà nằm ngay mặt ngõ 12x Giáp Bát, vị trí sầm uất, dân cư qua lại tấp nập. Khu vực phát triển chóng mặt, gần nhiều trường đại học, bến xe và chợ.
Mặt tiền ""Hoa hậu"": Sở hữu mặt tiền rộng lên tới 5.38m, cực kỳ hiếm có, lý tưởng để mở tiệm Nail, Spa, Tóc, hoặc cửa hàng tạp hóa, thuốc tây.
Thông số & Hướng đẹp:
Diện tích: 22m².
Số tầng: 4 tầng chắc chắn.
Hướng: Chính Nam mát mẻ, đón tài lộc.
Nhà mới - Ở luôn: Thiết kế hiện đại, chủ tặng lại Full nội thất cao cấp, khách mua chỉ việc xách vali về vừa ở vừa kinh doanh ngay.
Công năng đầy đủ:
Tầng 1: Khu vực kinh doanh/Khách, bếp, WC.
Tầng 2, 3: Mỗi tầng 1 phòng ngủ rộng + WC.
Tầng 4: Phòng thờ và sân phơi.
Pháp lý chuẩn: Sổ đỏ chính chủ, vuông đẹp, sẵn sàng giao dịch.
Giá bán: 7.86 tỷ (Mặt ngõ kinh doanh, tầm tài chính hiếm).
Alo Em: *** Thuận Property
(Xem nhà và tư vấn phương án kinh doanh 24/7!)",311818181.8181818,6.86,very_small,5_10b
176022680,132336921,Gia Đình Em Cần bán gấp lô đất sát với ĐH FPT và Đại Học Quốc Gia ,2560000000,68.0,Huyện Thạch Thất,Xã Đồng Trúc,Hà Nội,Đất,3.0,8 giờ trước,"Cần tiền bán gấp mảnh đất đẹp tại HÒA LẠC THẠCH THẤT 
Diện tích : 67,8m mặt tiền 5m hậu 5m vuông như bánh chưng.đường trước đất cách 10m 3 ô tô tránh nhau thoải mái.gần các trường đại học,chợ,khu vui chơi...tiện ích đầy đủ,sổ đỏ cất két sẵn sàng công chứng trong ngày
Em bán gấp ( do đang cần tiền nên em bao sang tên cho bác nào thiện chí)
Lh chính chủ ( các bác quan tâm gọi trực tiếp giúp em,ko tiếp môi giới ạ)
",37647058.823529415,2.56,medium,1_3b
176063092,132371739,CĂN HỘ CCMN - NGAY GẦN ĐẠI HỌC Y - ĐH NGÂN HÀNG - 45m - 2 tỷ,2000000000,45.0,Quận Thanh Xuân,Phường Khương Đình,Hà Nội,Căn hộ/Chung cư,2.0,11 phút trước,"Dự án: 
Thông tin chi tiết: CĂN HỘ CCMN - NGAY GẦN ĐẠI HỌC Y - ĐH NGÂN HÀNG - 45m - 2 tỷ

  Một nhà ra phố, căn hộ phù hợp gia đình trẻ. Vị trí trung tâm Đống Đa, gần các trường Đại học, THCS Khương Thượng, Đại Học Y.
  Đầy đủ PCCC , thang thoát hiểm, an toàn tuyệt đối , an ninh bảo vệ 24/24.
- Tòa nhà thiết kế 8 tầng, thang máy.
- Thiết kế công năng hợp lý :
• 01 Ngủ
• 01 WC
• Phòng khách + bếp + khu ăn uống riêng biệt, tiện sinh hoạt

Pháp lý: Sổ đỏ chung cả tòa.",44444444.44444445,2.0,small,1_3b
176022665,132336942,"HIẾM NHÀ LONG BIÊN MẶT TIỀN 7M - Ô TÔ TRÁNH - GẦN HỒ - 20,X TỶ",20900000000,91.0,Quận Long Biên,Phường Long Biên,Hà Nội,Nhà ở,4.0,12 giờ trước,"Đến một giai đoạn, nhiều người không còn tìm nhà chỉ để ở, mà bắt đầu muốn một nơi khiến mình thấy nhẹ hơn khi trở về sau một ngày dài. Nơi đó có hồ, gió và đủ gần nội đô Hà Nội.
Căn nhà này nằm bên trong đê Xuân Quan - Long Biên, cách hồ nội khu khoảng 20m. Chủ nhân chỉ cần vài phút đi bộ là lên đê sông Hồng đón gió. Khu dân cư khá yên tĩnh, đường xá thoáng và an ninh tốt.
Thông tin cụ thể:
- Diện tích 91m², mặt tiền 7m, sâu 13m vuông đẹp, đường trước nhà rộng 9m có vỉa hè, ô tô tránh thoải mái.
- Nhà xây 4 tầng chắc chắn, có gara ô tô trong nhà, móng cọc có thể nâng thêm tầng.
- Nội thất gỗ phong cách Đông Dương, nhiều cây và hoa, ánh sáng tự nhiên khá đẹp và dễ chịu.
- Từ đây vào nội đô Hà Nội khoảng 20 phút, kết nối cầu Vĩnh Tuy, Thanh Trì, sân bay và cao tốc đều thuận tiện.
- Gần Aeon Mall, trường học, chợ dân sinh và nhiều tiện ích lớn của Long Biên. Phù hợp gia đình nhiều thế hệ, vừa ở vừa làm văn phòng hoặc kinh doanh nhẹ.
- Trong phân khúc xung quanh 20 tỷ tại Long Biên, với mặt tiền 7m, căn nhà này chắc chắn tạo lợi thế rất lớn cho khách mua khai thác lâu dài: mở văn phòng, công ty/showroom nhỏ/spa, lớp học/vừa ở nhiều thế và tích sản giữ giá trị bền vững.
- Giá: 20,x tỷ (thương lượng tuỳ duyên). Địa chỉ: Nhà 48 ngõ Vườn Hồ 1, phường Long Biên, Hà Nội. Liên hệ chính chủ: Anh Mạnh - ***.
",229670329.67032966,20.9,medium,over_10b
175695329,132056366,"Nhà Lô góc đầu Phố Tam Trinh-Cầu Mai Động. MB40m2*5T thang Máy, MT6.2m",10500000000,40.0,Quận Hai Bà Trưng,Phường Minh Khai,Hà Nội,Nhà ở,5.0,13 giờ trước,"❇️Mình cần bán nhà Lô Góc, Ngõ 139 Tam Trinh, Cách cầu Mai Động - Minh Khai 150m. 
----------------
✅ MB~40m2, MT6.2m. Nhà xây mới 5 Tầng Thang máy lên tận nóc. 
✅Thiết kế : 
   👉Tầng 1/2/3 Thông Sàn. 
   👉Tầng 4: hai phòng ngủ. 
   👉Tầng 5: một phòng thờ và sân chơi. 
   👉Tổng 5PN, 5WC.
✅ Nhà đã full nội thất cao cấp, chủ mới chỉ việc xách valy tới ở. 
✅ Vị trí nhà đẹp, từ nhà ra phố chỉ một rẽ ***, tương lai Quy hoạch ra mặt đường. Khu dân trí cao, hàng xóm thân thiện. Giao thông kết nối siêu thuận lợi.
-----------------------------------------
✅ Sổ đỏ chính chủ, giấy phép XD5T đầy đủ. Giá: 10.5 tỷ_ có TL. 
✅ Anh chị em, cô bác có nhu cầu hoặc có khách quan tâm giúp em nhé. ",262500000.0,10.5,small,over_10b
173826296,130454834,"CC bán nhà 146 ngõ 318 Đê La Thành, Ô Chợ Dừa, ĐĐ, HN",9300000000,49.0,Quận Đống Đa,Phường Ô Chợ Dừa,Hà Nội,Nhà ở,6.0,14 giờ trước,"Chính chủ đứng tên Sổ đỏ bán nhà đất số 146 mặt ngõ 318 phố Đê La Thành, phường Ô Chợ Dừa, quận Đống Đa, thành phố Hà Nội (nay là phường Ô Chợ Dừa).

Vị trí cách mặt phố 100m, cách ôtô 50m, ngõ 3m, thông thoáng sáng, khu phố dân trí văn minh, sát tòa chung cư 4-500m2 x 10tầng, dân cư sầm uất, kinh doanh nhỏ được. Sổ đỏ 49m2, mặt tiền và hậu 4.2m, vuông vắn trước sau, xây dựng 52m2 x 5tầng = 260m2 (đã được chứng nhận hoàn công nhà bê tông 5tầng trên Sổ đỏ), không lỗi phong thủy.

Nhà khung cột bê tông kiên cố, riêng biệt, còn mới đẹp, sạch sẽ, ở được luôn. Tầng 1: phòng khách + để xe và bếp + ăn + wc, tầng 2-4: mỗi tầng 2phòng ngủ + wc, tầng 5: phòng thờ và khu giặt + sân phơi. Tổng 6-7phòng ngủ và 4wc, bố trí công năng hợp lí, phù hợp cho đại gia đình đông người, nhiều thế hệ cùng ở, hoặc cho thuê căn hộ dòng tiền cao. Có thể nâng lên 7tầng, thêm nhiều phòng và lắp được hệ thang máy (có bản vẽ chi tiết).

Khu vực lõi trung tâm quận, giao giữa nhiều tuyến phố lớn: Hoàng Cầu, Hào Nam, Giảng Võ, Láng Hạ, Ô Chợ Dừa..., đi lại thuận tiện vào quận gốc nội đô: Hoàn Kiếm, Ba Đình, Hai Bà Trưng..., cơ quan trung ương và các điểm văn hóa, di tích, lịch sử: Phố Cổ, Lăng Bác, Văn Miếu..., gắn liền với mọi tiện ích trường chợ, bệnh viện và thương mại...

Giá: 9.3tỷ (~189triệu/m2, thương lượng nhẹ).
Liên hệ: Quốc, ĐT: ***.",189795918.36734694,9.3,small,5_10b
176025064,132339004,"Siêu Gấp Phố Quan Nhân, nhà đẹp ở luôn, cách 20m oto tránh, tiện ích b",8000000000,38.0,Quận Thanh Xuân,Phường Nhân Chính,Hà Nội,Nhà ở,4.0,12 giờ trước,"Dự án: 
Thông tin chi tiết: Vị trí đẹp , an ninh tốt ,sát phố ,sát trường học,thuận lợi di chuyển sang các tuyến phố Nguyễn Trãi, Trần Duy Hưng, Lê Văn Lương, Hoàng đạo Thúy, Quan Nhân, Hoàng Ngân, Nguyễn Ngọc Vũ...
Tiện ích đầy đủ không thiếu thứ gì, gần chợ, trường học các cấp... 

🌺 Nhà thiết kế:

+ tầng 1 : phòng khách + bếp + wc

+ tầng 2,3,4 :mỗi tầng 1 phòng+ wc

+ tầng 5: phòng thờ + sân phơi. 

📕Sổ đỏ cất két, sẵn sàng giao dịch.

- LH: Mr Tú *** để được tư vấn và xem nhà.",210526315.78947368,8.0,small,5_10b
175906094,132236605,"Chính chủ cần bán nhà phân lô, oto đậu trước nhà và vào nhà tại số 47,",23500000000,71.9,Quận Đống Đa,Phường Quang Trung,Hà Nội,Nhà ở,4.0,7 giờ trước,"Dự án: 
Thông tin chi tiết: Chính chủ cần bán nhà phân lô, oto đậu trước nhà và vào nhà tại số 47, ngách 15, ngõ 167 Tây Sơn (ngõ thông, ô tô vào từ ngách 15 hoặc ngách 25 đều thuận tiện).
Vị trí cực đẹp:
- Ô tô vào tận nhà hoặc đỗ ngay trước cửa
- Kết nối nhanh các tuyến phố: Thái Hà – Chùa Bộc – Tôn Thất Tùng – Trường Chinh
- Đối diện khuôn viên Đại học Công Đoàn – khu vực đông sinh viên, dân trí cao, an ninh tốt
- Không gian thoáng, có sân chơi, cây xanh, phù hợp sinh hoạt gia đình
Thông tin chi tiết:
- Diện tích: 71,9m²
- Mặt tiền: 4,7m
- Kết cấu: Nhà 4 tầng, khung bê tông chắc chắn, nhà đang để thông các tầng cho thuê kinh doanh quán bar mini
Hiện trạng: Đang cho thuê kinh doanh ổn định gần 30 triệu/tháng, hợp đồng cho thuê đã hết, chủ mới về ký lại hoặc có thể kết thúc hợp đồng, lấy lại nhà. Tôi đang làm hồ sơ xin 
cấp giấy phép xây dựng 5 tầng, 1 lửng, 1 tum
Ưu điểm nổi bật:
- Ngõ rộng, ô tô ra vào thoải mái
- Khu phân lô, sổ đỏ chính chủ, pháp lý rõ ràng
- Phù hợp ở kết hợp kinh doanh, mở văn phòng, spa hoặc đầu tư giữ tiền lâu dài
Giá bán: 23,5 tỷ (có thương lượng)",326842837.27399164,23.5,medium,over_10b
176063147,132371777,"CHUNG CƯ HOÀNG MAI – 80M² – 2 NGỦ 2 VS – CHỈ 5,3 TỶ",5300000000,80.0,Quận Hoàng Mai,Phường Tương Mai,Hà Nội,Căn hộ/Chung cư,2.0,5 phút trước,"CHUNG CƯ HOÀNG MAI – 80M² – 2 NGỦ 2 VS – CHỈ 5,3 TỶ

Diện tích 80m² thiết kế 2 phòng ngủ, 2 vệ sinh rộng rãi, tối ưu công năng sử dụng.
Căn hộ nằm tại vị trí trung tâm quận Hoàng Mai, giao thông thuận tiện, đầy đủ tiện ích sống như trường học, chợ, siêu thị, trung tâm thương mại.

Sổ đỏ chính chủ, sang tên nhanh gọn.

Giá chỉ 5,3 tỷ.

Liên hệ *** xem nhà trực tiếp.",66250000.0,5.3,medium,5_10b
174214867,130794817,"Bán Nhà định công dt 50m2 x 5T,giá 11.6 tỷ,ngõ Oto tránh,sđcc",11600000000,50.0,Quận Hoàng Mai,Phường Định Công,Hà Nội,Nhà ở,6.0,5 giờ trước,"🏠 BÁN NHÀ ĐỊNH CÔNG – 50m² x 5 TẦNG – GIÁ 11.6 TỶ -XÂY MỚI– SỔ ĐỎ CHÍNH CHỦ - OTO ĐỂ TRONG NHÀ
📍 Vị trí: Khu vực Định Công, ngõ rộng, to, gần phố – di chuyển cực thuận tiện.
🔹 Diện tích: 50m²
🔹 Xây dựng: 5 tầng chắc chắn
🔹 Giá chào: 11.6 tỷ (có thương lượng)
🔹 Pháp lý: Sổ đỏ chính chủ, sẵn sàng giao dịch
🏡 Thiết kế công năng hợp lý:
 • Tầng 1: Để xe rộng rãi, phòng khách, bếp
 • Tầng 2, 3, 4: Mỗi tầng 2 phòng ngủ + WC
 • Tầng 5: Phòng thờ, sân phơi thoáng
✨ Nhà phù hợp gia đình đông người hoặc vừa ở vừa cho thuê phòng.
✨ Khu vực dân trí cao, an ninh tốt, hàng xóm văn minh.
✨ Xung quanh đầy đủ tiện ích: chợ, trường học, siêu thị, khu vui chơi…

📞 Liên hệ ngay để xem nhà thực tế – nhà đẹp, giá hợp lý trong khu vực!
*** CAM KẾT THÔNG TIN THẬT-ẢNH THẬT- MÔI GIỚI MIỄN LÀM PHIỀN!

Lê Thái - thổ địa 10 năm chỉ chuyên khu vực Hoàng Mai, am hiểu thị trường, sản phẩm, làm việc chuyên nghiệp, uy tín,nhiệt tình.",232000000.0,11.6,small,over_10b
175309087,131724609,Cho thuê phòng trọ,3000000,25.0,Quận Hà Đông,Phường Kiến Hưng,Hà Nội,Phòng trọ,3.0,10 giờ trước,"Chính chủ cho thuê phòng trọ. Nhà mặt đường, phòng 20-25m2, nội thất đầy đủ, phòng tắm, vs riêng biệt,  giá phòng từ 2.000.000, 3.000.0000 tuỳ phòng lớn nhỏ, ở luôn, không gian thoáng thuận tiện, tầng 2, thanh toán tháng một lần,",120000.0,0.003,very_small,under_1b
176051144,132361542,"Nhà ngõ 20 phố Trần Quý Kiên, Dt 50m2 x 6 tầng có Thang Máy - 25tr/th",26000000,50.0,Quận Cầu Giấy,Phường Dịch Vọng,Hà Nội,"Văn phòng, Mặt bằng kinh doanh",3.0,10 giờ trước,"Cho thuê căn nhà ngõ 20 phố Trần Quý Kiên - Cầu Giấy
-  Diện tích 50m2 x 6 tầng ,  đường trước nhà ô tô đi lại
- Nhà mới đẹp có Thang Máy,  điều hòa, cửa kính, sàn gỗ, bếp
- Tầng 1,2,3 để thông mỗi tầng 1 phòng 1 wc
- Tầng 4,5 mỗi tầng gồm 2 phòng 1 wc
- Tầng 6 sân và phòng thờ
- Nhà gần phố phố Trần Đăng Ninh - phố Cầu Giấy - Nguyễn Phong Sắc,  Trần Quốc Hoàn - Tô Hiệu - Xuân Thủy, gần nhiều trường Đai Học, Đi lai thuận tiện 
- Phù hợp làm Văn phòng cty, lớp học, Kinh doanh Spa, phòng khám, Kinh doanh online, Gia đình ở
- Giá 26 triệu/tháng
- Liên hệ: Anh Thành xem nhà miễn phí ",520000.0,0.026,small,under_1b
176020340,132334918,"Nhỉnh nhẹ 6 TỶ – NHÀ MỚI CẦU CỐC, TÂY MỖ – Ô TÔ ĐỖ CỔNG – 3 MẶT THOÁNG",6000000000,35.0,Quận Nam Từ Liêm,Phường Tây Mỗ,Hà Nội,Nhà ở,4.0,12 giờ trước,"Nhỉnh nhẹ 6 TỶ – NHÀ MỚI CẦU CỐC, TÂY MỖ – SÁT VINHOMES SMART CITY
Ô TÔ ĐỖ CỔNG – 3 MẶT THOÁNG – VỀ Ở NGAY

📍 Vị trí cực đẹp:

Cầu Cốc – Tây Mỗ – Nam Từ Liêm 

Hàng xóm Vinhomes Smart City 

Khu vực phát triển mạnh, dân cư đông, tiện ích đầy đủ 

Gần Đại lộ Thăng Long, Lê Trọng Tấn, trường học, trung tâm thương mại 

🏡 Thông số:

Diện tích: 35m² 

Xây: 5 tầng 

Thiết kế hiện đại 

3 mặt thoáng cực hiếm 

Ô tô đỗ ngay cổng 

Nhà mới đẹp, xách vali về ở ngay 

💰 Giá chỉ: nhỉnh nhẹ 6 tỷ

Phù hợp:

Gia đình trẻ muốn ở gần Smart City 

Khách làm khu Mỹ Đình – Cầu Giấy – Nam Từ Liêm 

Đầu tư giữ tiền, cho thuê tốt nhờ vị trí sát đại đô thị 

📞 Liên hệ xem nhà thực tế ngay trước khi chủ tăng giá.",171428571.42857143,6.0,small,5_10b
175137225,131577168,Khu Vực Bạch Mai. 5 tầng 3 ngủ 4wc. SĐCC,4300000000,15.0,Quận Hai Bà Trưng,Phường Bạch Mai,Hà Nội,Nhà ở,3.0,11 giờ trước,"Dự án: 
Thông tin chi tiết: 💥 Nhà đẹp Hồng Mai – trung tâm Bạch  Mai 
4tỷ300 💸
Ngõ cực nông, thông tứ phía – đi bộ ra phố lớn!
🏠 Nhà 5 tầng, 3 phòng ngủ – xây chắc, sổ đỏ vuông vắn
Vị trí vàng, tiện ích ngập tràn quanh nhà
📞 Liên hệ: Mr Kiên Akay – ***",286666666.6666667,4.3,very_small,3_5b
175649923,132017491,Vỡ BANK CẦN BÁN NHANH LÔ ĐẤT 2 MẶT THOÁNG,2500000000,60.0,Huyện Thạch Thất,Xã Thạch Hoà,Hà Nội,Đất,3.0,9 giờ trước,"Dự án: 
Thông tin chi tiết: 🎉🎉Chưa đến 2,5tỷ sở hữu ngay sổ hồng Hà Nội,
60,6 m2 mặt tiền 5 m, 2 mặt thoáng trước sau
Xây ở 10 điểm không nhưng 👏👏
✅ Vuông văn full cư
✅ Ô tô đậu cửa
✅ 5' đến đại học Quốc Gia, 7' đến đại học FPT

Anh/chị quan tâm ib em",41666666.666666664,2.5,small,1_3b
176053467,132363616,HIẾM!!! CC ĐẠI CỒ VIỆT TRẦN ĐẠI NGHĨA VIEW THOÁNG 2N ĐẸP TT HBT 5.9 TỶ,5900000000,55.0,Quận Hai Bà Trưng,Phường Bách Khoa,Hà Nội,Căn hộ/Chung cư,2.0,9 giờ trước,"🏙 HIẾM!!! CĂN HỘ ĐẸP KHU ĐẠI CỒ VIỆT – TRẦN ĐẠI NGHĨA, VIEW THOÁNG – 2 NGỦ ĐẸP – TRUNG TÂM HAI BÀ TRƯNG – GIÁ 5.9 TỶ

Chính chủ cần bán căn hộ chung cư khu Đại Cồ Việt – Trần Đại Nghĩa, vị trí trung tâm hiếm nhà bán. Khu vực tập trung đông sinh viên, giảng viên, văn phòng và dân cư trí thức.

•	Diện tích sử dụng 55m²
•	Thiết kế hợp lý gồm 2 phòng ngủ, khách, bếp riêng
•	Nhà thoáng sáng, đón gió tự nhiên

Tiện ích khu vực:
✅ Gần Công viên Thống Nhất, không gian sống xanh
✅ Xung quanh nhiều trường đại học top đầu Hà Nội
✅ Gần Vincom, bệnh viện Bạch Mai, Thanh Nhàn
✅ Khu dân cư an ninh tốt, tiện ích đầy đủ
✅ Phù hợp gia đình trẻ, người đi làm hoặc đầu tư cho thuê

Vị trí trung tâm giúp di chuyển nhanh sang Hoàn Kiếm, Đống Đa, Thanh Xuân chỉ trong ít phút.
💰 Giá bán gấp: 5.9 tỷ (Có thương lượng)
📞 Liên hệ xem nhà miễn phí: *** Em Hà hỗ trợ nhiệt tình 24/7
",107272727.27272727,5.9,small,5_10b
176048762,132359525,7 TỶ - NAM DƯ - TIỀM NĂNG x5 giá - ĐÓN SÓNG QH ĐL SÔNG HỒNG,7500000000,30.0,Quận Hoàng Mai,Phường Vĩnh Hưng,Hà Nội,Nhà ở,4.0,12 giờ trước,"Dự án: 
Thông tin chi tiết: ĐÓN SÓNG QUY HOẠCH ĐẠI LỘ CẢNH QUAN SÔNG HỒNG - TƯƠNG LAI ĐẤT NAM DƯ CỰC GIÁ TRỊ 

SIÊU PHẨM NHÀ ĐẸP, FULL NỘI THẤT LONG LANH, Ở SƯỚNG, 150M RA ĐƯỜNG VÀNH ĐAI 3

Vị trí đẹp: Ngõ rộng, an ninh yên tĩnh, Gần ô tô, ngõ ba gác tránh. 
Thiết kế: 5 tầng: 
- Tầng 1: Phòng khách, bếp, vs
- Tầng 2: Phòng ngủ + vs
- Tầng 3 Phòng ngủ + vs
- Tầng 4 Phòng ngủ + vs
- Tầng 5 phòng thờ, sân phơi.
. 

Pháp lý: sổ đỏ chính chủ sẵn sàng giao dịch.",250000000.0,7.5,very_small,5_10b
176036898,132349290,Sang nhượng cửa hàng 7 năm tuổi Mai Hắc Đế - 250tr,40000000,260.0,Quận Hai Bà Trưng,Phường Nguyễn Du,Hà Nội,"Văn phòng, Mặt bằng kinh doanh",3.0,8 giờ trước,"SANG NHƯỢNG QUÁN BUFFET CHAY 7 NĂM TUỔI – LỢI NHUẬN ỔN ĐỊNH, VÀO VẬN HÀNH NGAY 
📍 (Mai Hắc Đế, Hai Bà Trưng, HN)
D've không phải là một concept thử nghiệm, mà là mô hình đã được kiểm chứng qua 7 năm hoạt động. Hiện tại, do không còn đủ thời gian để tiếp tục vận hành, mình muốn tìm một người chủ mới tâm huyết để chuyển giao.
💎 Điểm mạnh
Tệp khách hàng ""thực"": Lượng khách quen ổn định (đặc biệt dân văn phòng xung quanh khu vực, nhiều ngân hàng trong phạm vi 300m)
Tiết kiệm chi phí & thời gian: Quán đã setup hoàn thiện từ không gian đến nhân sự. 
Đội ngũ nhân viên cũ thạo việc và sẵn sàng đồng hành cùng chủ mới.
Mức giá thuê 40tr/tháng từ tầng 1-4, mỗi tầng 65m2.
Mức giá sang nhượng là 250 triệu",153846.15384615384,0.04,large,under_1b
176005929,132322668,3 TỶ Hơn- NHÀ 2 TẦNG MỚI ĐẸP .Cửa Ngõ Sân Bay Nội Bài.,3100000000,66.0,Huyện Sóc Sơn,Xã Quang Tiến,Hà Nội,Nhà ở,3.0,11 giờ trước,"Chính chủ cần bán gấp căn nhà 2 tầng còn rất mới, vị trí đắc địa, giao thông thuận tiện:
    Vị trí: Cách trục chính kinh doanh chỉ vài bước chân, đường ô tô tránh nhau thoải mái. Khu vực dân cư sầm uất, gần trường học, chợ, nhà văn hóa, trường mầm non... đầy đủ tiện ích.
    Diện tích: 66.5 m2 (Mặt tiền 5m vuông vắn, cực đẹp).
    Hiện trạng: Nhà 2 tầng mới, thiết kế hiện đại, dọn vào ở ngay.
    Giá chào: 3 tỷ mốt. (Có thương lượng cho khách thiện chí).
    Pháp lý: Sổ đỏ sẵn sàng, giao dịch nhanh chóng trong ngày.
​   Phù hợp để ở hoặc đầu tư sinh lời cao.",46969696.96969697,3.1,medium,3_5b
176055930,132365682,"Bán quá rẻ căn hộ Tập thể 60m2 2PN chỉ 3,98 tỷ Q Cầu Giấy",3980000000,60.0,Quận Cầu Giấy,Phường Mai Dịch,Hà Nội,Căn hộ/Chung cư,2.0,7 giờ trước,"Dự án: 
Thông tin chi tiết: - Chỉ 3,98 tỷ mua ngay được Căn tập thể Ngay đầu đường Phạm Văn Đồng , Vị trí quá đẹp và thông thoáng, ngay đối diện Bộ Công An 
- Diện tích 60m2, sổ chính chủ , 2 PN, 1 WC, 1 Phòng khách, Bếp , Ban công thoáng , Tầng 3 thang bộ lên xuống quá tiện, có slot để xe oto dưới Tầng 1 , 
- Căn hộ làm rất đẹp tặng toàn bộ Full nội thất xịn cho chủ mới về ở ngay, Toà căn hộ TT xây chưa lâu chất lượng còn rất tốt , là khu tập thể Ngân hàng đầu tư và phát triển Thăng Long
- LH xem trực tiếp chính chủ",66333333.333333336,3.98,small,3_5b
176051107,132361595,chính chủ bán,1550000000,38.0,Quận Tây Hồ,Phường Yên Phụ,Hà Nội,Nhà ở,2.0,10 giờ trước,"YDự án: 
Thông tin chi tiết: Chính chủ bán căn liền kề ngõ 32/43 an dương . Giá 1.550. Có thương lượng
Căn 2 ngủ - 2 vs
Giấy tờ vi bằng 
Ko tranh chấp 
Đồng hồ điện nước giá dân
Call  24/7: 024.85867785
Thanks!",40789473.684210524,1.55,small,1_3b
174244301,130819462,bán nhà,13800000000,52.5,Quận Hai Bà Trưng,Phường Cầu Dền,Hà Nội,Nhà ở,3.0,11 giờ trước,"Nhà chính chủ quận hai bà trưng.

-DT:52,5 m2.

-Mặt tiền :4,5m.

-Nhà 3 tầng ,3ngủ,3WC.

-Sổ đỏ chính chủ sang tên một nốt nhạc .

-Nhà kết cấu vững chắc có thể lên 5-6 tầng .

-Pháp lý ok ko tranh chấp , sổ đỏ cầm tay ra ngay công chứng.",262857142.85714287,13.8,small,over_10b
175630808,132001167,Chính chủ bán nhà nhỉnh 6 tỷ,6450000000,28.0,Quận Hoàng Mai,Phường Tương Mai,Hà Nội,Nhà ở,3.0,13 giờ trước,"Dự án: 
Thông tin chi tiết: Chính chủ bán nhà 106 Phố Minh Khai ngõ thông gần ô tô gần trường chợ Hoàng Mai các cấp 

Diện tích 24/28m x 4 tầng mặt tiền 3,5 mét 

Gồm 3 phòng ngủ cực rộng thoáng tặng toàn bộ nội thất ở được ngay 

Sổ đỏ chính chủ. LH *** Zalo.",230357142.85714287,6.45,very_small,5_10b
175587792,131964304,Chính chủ tôi cần cho thuê 9tr/tg căn 1N+ đẹp và đủ đồ Vinsmart city,9000000,48.0,Quận Nam Từ Liêm,Phường Tây Mỗ,Hà Nội,Căn hộ/Chung cư,1.0,11 giờ trước,"Do chưa có nhu cầu sử dụng tôi cần cho thuê nhanh căn hộ 1N+ phân khu Sakura Vinsmart, đầy đủ đồ , nội thất thiết thiết kế cực kỳ đẹp .
- Diện tích: 43m² -- Được thiết kế thành 1N , 1 vs và thêm 1 ô cộng linh hoạt cho công năng sử dụng
- Giá thuê: 9tr có thương lượng cho khách nhiệt tình
- Nội thất tôi hoàn thiện đẹp và đủ đồ, gia đình sử dụng nội thất nhập khẩu xịn và được thiết kế với tông màu trang nhã.
- Tiện ích xung quanh có bể bơi 4 mùa lớn nhất , nội khu rộng đc thiết kế như 1 vườn Nhật thu nhỏ, cạnh trường tiểu học Vin, xung quanh có rất nhiều trường mầm non, giáp với khu biệt thự liền kề Geleximco nên đầy đủ tiện ích ăn uống và giải trí..
Liên hệ: *** để được xem nhà và thương lượng về giá",187500.0,0.009,small,under_1b
176053607,132363689,Chính chủ cho thuê nguyên căn liền kề tại dự án Him Lam Vạn Phúc,60000000,91.0,Quận Hà Đông,Phường Vạn Phúc,Hà Nội,"Văn phòng, Mặt bằng kinh doanh",3.0,9 giờ trước,"CHO THUÊ SHOPHOUSE 7 TẦNG THÔNG SÀN
HIM LAM VẠN PHÚC – HÀ ĐÔNG
Mặt tiền 6.5m  |  Hai mặt tiền  |  Vị trí kinh doanh đắc địa
THÔNG TIN BẤT ĐỘNG SẢN:
•	Diện tích: 91m² sàn
•	Quy mô: 7 tầng hoàn thiện, thiết kế thông sàn
•	Mặt tiền: 6.5m, vỉa hè rộng rãi
•	Vị trí: Hai mặt tiền tại Khu đô thị Him Lam Vạn Phúc, Hà Đông
•	Tiện ích: Thang máy, hệ thống điện ,nước hoàn chỉnh.
ĐIỂM NỔI BẬT – THIẾT KẾ TỐI ƯU CHO KINH DOANH:
Chủ nhà đã chủ động cải tạo và tối ưu lại toàn bộ thiết kế theo hướng thông sàn, không gian mở linh hoạt, sẵn sàng đáp ứng đa dạng loại hình kinh doanh mà không cần đầu tư cải tạo thêm:
•	Spa, thẩm mỹ viện, phòng khám
•	Văn phòng công ty, chi nhánh ngân hàng
•	Showroom trưng bày, cửa hàng thời trang
•	Trung tâm đào tạo, lớp học, học viện
LỢI THẾ VỊ TRÍ:
•	Tọa lạc tại trung tâm Hà Đông, khu dân cư đông đúc, dân trí cao
•	An ninh đảm bảo 24/7, hoạt động kinh doanh sầm uất
•	Giao thông thuận tiện, dễ dàng kết nối các quận trung tâm Hà Nội
Giá thuê: 60tr/tháng có thương lượng 
Liên hệ : ***
",659340.6593406594,0.06,medium,under_1b
176056026,132365739,Ảnh thực tế - Tin thực chuẩn - Bán căn chung cư 151 Nguyễn Đức Cảnh,5400000000,86.0,Quận Hoàng Mai,Phường Tương Mai,Hà Nội,Căn hộ/Chung cư,2.0,7 giờ trước,"ẢNH THỰC TẾ - TIN THỰC CHUẨN - KHÔNG LÀM MẤT THỜI GIAN CỦA BẠN !

Chung cư 151 Nguyễn Đức Cảnh, Hà Nội - 86m - 5tỷ4 ===> Bác nào chọn tiêu chí NGON - BỔ - RẺ thì chốt ngay ạ !

- Vị trí view Hồ Đền Lừ thoáng mát, di chuyển ra các trường đại học nổi tiếng, các bệnh viện trung ương thuận tiện...

- Nhà có 1 phòng khách,  2 phòng ngủ, 2 vệ sinh , số lượng căn trên một tầng ít nên hành lang rất yên tĩnh và rộng rãi

Cùng MÊ NHÀ ĐẸP - SĂN NHÀ NGON với Hằng - 0878chinamchintamchinchin nhé !",62790697.674418606,5.4,medium,5_10b
175860798,132197807,"Cho thuê căn hộ GS1 Diện tích 82m2 gồm 3PN, 2WC đã có đồ cơ bản 12tr",12000000,82.0,Quận Nam Từ Liêm,Phường Tây Mỗ,Hà Nội,Căn hộ/Chung cư,3.0,13 giờ trước,"Chính chủ cần cho thuê căn hộ chung cư Vinhomes Smars City tòa GS1 căn góc  Diện tích 82m2 gồm 3 phòng ngủ , 2 phụ , phòng khách rộng , có đồ cơ bản ( giao nhà ngay)  Giá : 12 triệu / tháng Ai quan tâm vui lòng liên hệ : *** để xem nhà trực tiếp,",146341.46341463414,0.012,medium,under_1b
176056043,132365753,CHO THUÊ CĂN HỘ CHUNG CƯ 2PN TẠI NGỌC THUỴ - VỈA HÈ - FULL NỘI THẤT,9000000,80.0,Quận Long Biên,Phường Ngọc Thụy,Hà Nội,Căn hộ/Chung cư,2.0,7 giờ trước,"☘️CHO THUÊ CĂN HỘ CHUNG CƯ 2PN TẠI NGỌC THUỴ - VỈA HÈ - Ô TÔ TRÁNH - FULL NỘI THẤT - KHÁCH CHỦ SÁCH VALY VỀ Ở - SÁT TRƯỜNG VIỆT PHÁP!
✅Giá 9tr. Nhận nhà ngay
+ Thiết kế 2 ngủ riêng biệt thoán😆 sáng , 1 khách , 1 bếp, 1 vs , khu phơi riêng. 
+ Nhà mặt phố Gia Thượng 4 ô tô tránh nhau. 
+ Nhà thang máy, thoáng. 
+ Có máy giặt riêng,khu phơi riêng. không nuôi Pet. 
+ Dịch vụ: 250k (internet, dọn vs khu vực chung 1 tuần/lần, thang máy); Điện 3,8k/số; Nước 25k/khối.
+ LH:***",112500.0,0.009,medium,under_1b
175440235,131837373,Cho Thuê Phòng Phú Đô - Khép Kín - Không Chung Chủ - Giá Sinh Viên,3400000,28.0,Quận Nam Từ Liêm,Phường Phú Đô,Hà Nội,Phòng trọ,3.0,5 giờ trước,"Dự án: 
Thông tin chi tiết: Mình còn 1 phòng ở số 7A ngách 191 ngõ 8 Lê Quang Đạo.

- Phòng đầy đủ đồ mang quần áo đến là ở

- Khoá Vân Tay, giờ giấc tự do, có máy giặt máy sấy

- Lh chính chủ, xem phòng thoải mái.",121428.57142857143,0.0034,very_small,under_1b
176053639,132363725,📢📢📢 OTO ĐỖ CỬA ✅️ NGUYỄN VĂN LINH SÀI ĐỒNG LONG BIÊN HÀ NỘI.,10000000000,68.0,Quận Long Biên,Phường Sài Đồng,Hà Nội,Nhà ở,4.0,9 giờ trước,"📢📢📢 OTO ĐỖ CỬA - NHÀ 2 MẶT NGÕ - NỞ HẬU - VỊ TRÍ HIẾM - NHÀ ĐẸP Ở LUÔN ✅️ NGUYỄN VĂN LINH SÀI ĐỒNG LONG BIÊN HÀ NỘI.
✅️DT 68M, rộng 4m, dài 15 m, kết cấu 4 tầng ✅️  Tầng 1: Sân để xe, phòng khách, bếp, wc ✅️  Tầng 2,3: Mỗi tầng 2 phòng ngủ, wc ✅️  Tầng 4: Phòng thờ, sân phơi đồ siêu rộng, thoáng mát, khu vực sầm uất đông dân, an ninh tốt, an sinh đỉnh. ✨ Nhà mới, thiết kế mới, phù hợp với mọi lứa tuổi. Khách mua chỉ việc ở + SỔ ĐỎ CHÍNH CHỦ - PHÁP LÝ CHUẨN.
💰 chỉ nh-ỉnh 10đ ti ti.
☎️LH xem nh-à Mr Huấn ",147058823.52941176,10.0,medium,5_10b
175982157,132302286,TỔNG HỢP CĂN HỘ CHO THUÊ VINHOME SMART CITY GIÁ TỐT FULL ĐỒ TỪ 6TR,6000000,54.0,Quận Nam Từ Liêm,Phường Tây Mỗ,Hà Nội,Căn hộ/Chung cư,2.0,11 giờ trước,"🔥 TỔNG HỢP CĂN GIÁ TỐT VINHOMES SMART CITY – CHỌN LÀ CÓ

Không cần tìm nhiều, bên mình có sẵn rất nhiều căn hộ theo từng mức giá: nhắn tin ngay cho mình qua zalo . *** để xem

💰 Studio: 5,5 – 7tr
💰 1PN: 6,5 – 8tr
💰 1PN+: 7 – 8,5tr
💰 2PN: 8 – 9tr
💰 2PN+: 10 – 11tr
💰 3PN: 10 – 13tr

✔ Nhiều căn đẹp – giá tốt theo từng thời điểm
✔ Có thể vào ở ngay
✔ Gửi video thực tế từng căn

👉 Chỉ cần nhắn nhu cầu – gửi đúng căn phù hợp,

📲 Zalo: ***",111111.11111111111,0.006,small,under_1b
176055039,132365776,Chính chủ cho thuê phòng ở ngõ 198 Xã Đàn ,3000000,20.0,Quận Đống Đa,Phường Phương Liên,Hà Nội,Phòng trọ,3.0,7 giờ trước,"Mình có phòng 3tr ở ngõ 198 Xã Đàn cách bách Kinh Xây tầm 1km.
Không chung chủ. 2 phòng chung 1 nhà vệ sinh
Điện 3.5k/ số 
Nước 100k/ người
Internet 50k/ người
Phòng có cửa sổ thoáng, có điều hòa, bình nóng lạnh 
Có máy giặt chung
Có chỗ nấu ăn
Có camera an ninh 
Xe free",150000.0,0.003,very_small,under_1b
176055839,132365780,Căn hộ  2PN+2VS FLC garden City Đại Mỗ,4790000000,65.0,Quận Nam Từ Liêm,Phường Đại Mỗ,Hà Nội,Căn hộ/Chung cư,2.0,7 giờ trước,"Chính chủ bán căn hộ tầng cao 
Căn hộ chung cư 2 phòng ngủ + 2 WC = 65m2
- Mở rộng không gian phòng khách. Chia riêng không gian sảnh tủ giày và bếp. Có vách ngăn di động.
- Phòng ngủ mở sử dụng giường gấp có vách ngăn di động kết hợp phòng khách không gian cực rộng tràn ngập ánh sáng (mặt bằng cũ của CĐT hơi xấu :D )
-Tầng có trần cao nhất. Đã nâng trần thạch cao  lắp được đèn chùm quạt trần siêu mát, Trần bê tông cao 3.8. Có thể cải tạo phòng khủ master hoặc phòng ngủ phụ thành gác xép kiểu DUPLEX
- Phòng master rộng 14.2m2 + WC 3.6m2
- Nội thất + thiết bị gia dụng (điều hòa máy giặt + bếp ....) đầy đủ, chỉ việc về ở ko cần sắm gì thêm
- Sẵn sổ hồng dễ dàng vay NH
- Có thương lượng",73692307.6923077,4.79,medium,3_5b
176048893,132359644,Nhà đẹp Trần Đại Nghĩa – ngõ rộng thoáng – 3PN đủ công năng – hiếm,89500000000,35.0,Quận Hai Bà Trưng,Phường Đồng Tâm,Hà Nội,Nhà ở,3.0,11 giờ trước,"Nhà đẹp Trần Đại Nghĩa – ngõ rộng thoáng – 3PN đủ công năng – hiếm nhà bán
📍 Vị trí đẹp phố Trần Đại Nghĩa, thông Trương Định – Đại La – Bạch Mai – Giải Phóng.
Gần ĐH Bách Khoa, Kinh tế Quốc dân, chợ Đồng Tâm, tiện ích ngập tràn.
🏡 35m² x 5 tầng, mặt tiền 4m
✨ 3PN rộng, đủ công năng sử dụng
✨ Ngõ trước nhà 3m, thông thoáng sáng
✨ Nội thất đẹp, tặng lại nhiều đồ xịn sò
✨ Khu dân trí cao, thanh khoản tốt
💰 Giá mới chỉ 8,95 tỷ (chủ giảm mạnh 100 triệu)
📞 Ms Hải *** (Xem nhà ngay)
#nhadepHaNoi #TranDaiNghia #HaiBaTrung #nhadepho #batdongsanHanoi #nhadep #BachKhoa #KinhTeQuocDan",2557142857.142857,89.5,small,over_10b
176056094,132365810,Bán chung cư phố Tam trinh 2PN 2WC 1 Khách 1 logia đẹp nguyên bản 68.2,5680000000,70.0,Quận Hoàng Mai,Phường Yên Sở,Hà Nội,Căn hộ/Chung cư,2.0,7 giờ trước,"Dự án: 
Thông tin chi tiết: BÁN CHUNG CƯ 885 TAM TRINH - TẦNG 19 VIEW THOÁNG - PHÍ SIÊU RẺ 

 2 Ngủ - 2 WC 1 Khách + 1 Bếp + Lôgia + Ban công thoáng mát 4 thang máy di chuyển cực tiện Khu nhà ở thương mại dân trí cao, an ninh tốt

 Tiện ích ngập tràn: gần chợ, trường học, siêu thị, bến xe, kết nối Minh Khai - Times City cực thuận tiện

 Nhà đẹp ở ngay, phù hợp gia đình trẻ hoặc đầu tư cho thuê giữ tiền cực tốt!

 LH Tú *** xem nhà trực tiếp",81142857.14285715,5.68,medium,5_10b
175745820,132099576,Chính chủ cho thuê nhà 2 tầng DTSD 40 m2 ngõ Bách Thảo HN,10500000,20.0,Quận Ba Đình,Phường Ngọc Hà,Hà Nội,Nhà ở,1.0,4 giờ trước,"Dự án: 
Thông tin chi tiết: Gia đình cần cho thuê nhà 2 tầng 20 m2x2 tầng nội thất đầy đủ , khu vực đắc địa, trung tâm Ba Đình Hà Nội,  ngõ rộng , Ô tô tránh nhau, sát công viên bách thảo,  sau lưng nhà khách chính phủ, môi trường xanh sạch đẹp, an ninh tốt, nhiều tiện ích phố cổ vượt trội. 
Có chỗ để xe ô tô và xe máy miễn phí.
giá thuê 10.500.000 vnd/tháng ￼￼￼
Miễn trung gian và báo mạng￼",525000.0,0.0105,very_small,under_1b
175111315,131554819,Nhà Mới Phú Đô - Chỉ Cần Xách Vali Ở Ngay - Thang Máy - Khép Kín,3600000,20.0,Quận Nam Từ Liêm,Phường Phú Đô,Hà Nội,Phòng trọ,3.0,5 giờ trước,"Dự án: 
Thông tin chi tiết: Mình Còn 3 Phòng nhà mới tinh vừa xây xong

- Thang Máy + Khép Kín + Không chung chủ

- Nội Thất đầy đủ có máy giặt máy sấy

- Lh Chủ Nhà Thế Đạt",180000.0,0.0036,very_small,under_1b
176031045,132347396,BÁN LÔ ĐẤT XÃ TRUNG GIÃ,1111111000,146.0,Huyện Sóc Sơn,Xã Trung Giã,Hà Nội,Đất,3.0,8 giờ trước,"💥 LÔ ĐẤT TẠI XÃ TRUNG GIÃ-SÓC SƠN_ HÀ NỘI.

+ Diện Tích 150m (  thổ cư 60m .còn lại là đất CLN )
+ Mặt Tiền và Mặt Hậu 5m
👉 đường trước đất 6m. thông tứ phía, cách trục lớn 30m . nhiều tiện ích xung quanh
+ Vị trí cực đẹp  khu đông dân cư
+ Bán kính 500m Chợ, Trường Mầm Non, Cấp 1, Cấp 2, 
+ Khu vực đang có rất nhiều dự án mở đường và khu đô thị.
+ Vào Trung Tâm nội thành 1 giờ lái xe                                                                                                                                                        ĐT ***",7610349.315068494,1.111111,large,1_3b
176015805,132331030,"🏡🏡 BÁN ĐẤT PHÚC LỢI SIÊU ĐẸP 55M- MẶT TIỀN KHỦNG.  GIÁ SIÊU HOT 💥

",7250000000,55.0,Quận Long Biên,Phường Phúc Lợi,Hà Nội,Đất,3.0,11 giờ trước,"


👉 Đất nằm ở vị trí cực đẹp, mặt ngõ thoáng, mấy bước chân  Vincom 
🏡 Nhà gần khu vực nhiều trường học chuẩn quốc gia cấp 1,2,3 Phúc Lợi 
🏡 +Vị trí gần chợ, gần chung cư ruby 
📕 sổ đỏ chính chủ sẵn sàng giao dịch ",131818181.81818181,7.25,small,5_10b
172306580,129140251,"Gần ô tô phố Bạch Mai, ngõ nông rộng, 2 thoáng sáng, nhà đẹp,30m*5T.",6350000000,30.0,Quận Hai Bà Trưng,Phường Bạch Mai,Hà Nội,Nhà ở,3.0,13 giờ trước,"*5T. 

NHÀ MỚI - GẦN ĐH BÁCH, KINH, XÂY - 2 THOÁNG TRƯỚC SAU - 30M RA MẶT PHỐ - FULL NỘI THẤT - KHU VỰC RẤT HIẾM NHÀ BÁN - TIỀM NĂNG TĂNG CAO.

-Bán nhà ngõ Chùa Liên Phái ( ngõ to như phố). Dt 30m*5T bán giá 6.35 tỷ.
-Vị trí: Ngõ Chùa Liên Phái chính là ngõ 180 Bạch Mai. Ngách 68 ngõ chùa thông ngõ Đỗ Thuận. Ngõ nông 30M ra mặt phố.
- Tiện ích: Gần khu ĐH Bách - Kinh - Xây, mua ở hoặc đầu tư cho thuê đều rất ổn, khu dân trí cao, cách viện Bạch Mai 1km. Giao thông tiện lợi. 
-Nhà thiết kế 5 tầng
*T1: Phòng khách, bếp, wc
*T2,3,4: Mỗi tầng 1 phòng khép kín
*T5: Khu thờ, sân phơi
- Sổ Vuông đẹp, sẵn sàng giao dịch luôn trong phút mốt.
-Liên hệ với e Lam để được tư vấn",211666666.66666666,6.35,very_small,5_10b
176053752,132363812,"CHO THUÊ CĂN HỘ 1N1K , BAN CÔNG SIÊU RỘNG - NẰM NGAY LÊ ĐỨC THỌ",5700000,35.0,Quận Nam Từ Liêm,Phường Mỹ Đình 2,Hà Nội,Căn hộ/Chung cư,1.0,9 giờ trước,"Tiện ích bao gồm như: bàn ghế, điều hòa, tủ quần áo, bếp, kệ bếp trên+dưới, hút mùi,..
- Căn hộ ban công siêu thoáng, rộng rãi 
- Giờ giấc tự do, ra vào bằng cửa cổng vân tay 
- Hệ thống PCCC đầy đủ, an ninh 24/7
 
-------------------------------
- Toà nhà nằm ngay đường lớn, oto ra vào thoải mái
- Toà nhà nằm ngay khu vực an ninh, gần nhiều tiện ích như quán ăn, cafe, chợ, ATM, trạm metro, aeon,...
- Gần đường lớn Trần bình, Lê đức thọ, Mỹ đình, Tôn thất thuyết, Hồ tùng mậu,...
-  Xung quanh có các trường Đại học Thương Mại, Sư phạm Hà Nội, Tài Nguyên và Môi Trường, Mỏ Địa Chất,...",162857.14285714287,0.0057,small,under_1b
175903967,132234789,Cho thuê phòng trọ ngõ 144 Quan Nhân,5000000,40.0,Quận Thanh Xuân,Phường Nhân Chính,Hà Nội,Phòng trọ,3.0,13 giờ trước,"⏰Còn Phòng Ngõ 144 Quan Nhân,Thanh Xuân 

⏰Trống 1p Tầng 6

👉Thang Máy, điều hoà, tủ lạnh.

🍀Nội thất : Full đồ VSKK ( máy giặt chung )",125000.0,0.005,small,under_1b
173299701,129996331,"Cho thuê nhà riêng 3 tầng 3 ngủ thoáng mát Đồng Nhân, Đông La",5000000,37.0,Huyện Hoài Đức,Xã Đông La,Hà Nội,Nhà ở,3.0,9 giờ trước,"Nhà 3 tầng 3 phòng ngủ
- Nội thất cơ bản: Điều hòa, nóng lạnh, bình lọc nước, giường, tủ quần áo, tủ bếp, bàn ăn
- Điện nước giá dân dùng bao nhiêu trả bấy nhiêu
- Nhà hướng Đông Nam thoáng mát
- Ngõ thông công nông chạy qua
Anh chị em nào cho nhu cầu liên hệ Mrs Loan: ***",135135.13513513515,0.005,small,under_1b
175875236,132210220,CHDV Mới!!! Ưu Đãi Xịn,4700000,33.0,Quận Nam Từ Liêm,Phường Mễ Trì,Hà Nội,Căn hộ/Chung cư,1.0,10 giờ trước,"🏡 CHO THUÊ CĂN HỘ 1N1K - NGAY TẠI PHÚ ĐÔ NAM TỪ LIÊM 
📍 Địa chỉ: ngõ 8/151 Lê Quang Đạo, Nam Từ Liêm
💰 Giá thuê: 4tr7 /tháng
✨ Nhà 8 tầng có thang máy, khu ở yên tĩnh, an ninh cực tốt – gần SVĐ Mỹ Đình, Mễ Trì, Đại lộ Thăng Long, thuận tiện đi làm.
📐 Căn hộ thiết kế 1 ngủ 1 khách, không gian riêng tư, hiện đại.
💫 Full nội thất:
 • Điều hòa, tủ lạnh
 • Giường, tủ quần áo, bàn ghế
 • Đồ dùng cơ bản đầy đủ
🐾 Được nuôi pet
🚪 Không chung chủ – giờ giấc tự do
🔐 Cổng vân tay, camera an ninh 24/7
🅿️ Free 2 xe máy",142424.24242424243,0.0047,small,under_1b
175743638,132097580,cho thuê phòng 199 hồ tùng mậu,3000000,18.0,Quận Bắc Từ Liêm,Phường Phú Diễn,Hà Nội,Phòng trọ,3.0,12 giờ trước,"Dự án: 
Thông tin chi tiết: phòng đầy đủ full đồ từ a-z , chỉ việc xách vali vào ở , có đầy đủ máy giặt máy sấy tiện lợi , có nhận để xe máy xe điện free , pccc đầy đủ , quan tâm liên hệ *** or zalo",166666.66666666666,0.003,very_small,under_1b
176051415,132361775,"Bán nhà siêu phẩm tại Trần Phú, Hà Đông - Nhà lô góc 4 mặt thoáng",18000000000,60.0,Quận Hà Đông,Phường Mộ Lao,Hà Nội,Nhà ở,4.0,10 giờ trước,"BÁN NHÀ SIÊU PHẨM TẠI TRẦN PHÚ - HÀ ĐÔNG
- Vị trí đẹp: 
Cách 2 nhà ra mặt phố Trần Phú, gần Ga Phùng Khoang, cạnh trường Đại Học Nghệ Thuật Trung Ương, gần ĐH An Ninh, HV Tuệ Tĩnh, gần ngã 3 đường Chiến Thắng.
- Nằm ở đầu cổng Trung Tâm Phân tích khoáng sản Địa Chất Hà Nội.
- Nhà lô góc 4 mặt thoáng, mặt tiền khủng cực hiếm. 
- Nhà xác định bán đất tặng nhà 3 tầng cũ vẫn ở tốt, khách mua về đập đi xây lại hoặc sơn sửa lại vì nhà còn rất chắc chắn.
- Khu vực An Ninh cực tốt.
- Sổ đỏ cực đẹp, sẵn sàng giao dịch.
Lh: 0946hainamtamsaubahai ĐÀO THU THỦY",300000000.0,18.0,small,over_10b
176053225,132363827,"Bán mảnh đất 115m Xuân Mai Hà Nội giá 1 tỷ 7 đường ô tô tránh, sầm uất",1700000000,115.0,Huyện Chương Mỹ,Thị trấn Xuân Mai,Hà Nội,Đất,3.0,9 giờ trước,"Anh trai em đang cần rút vốn để mở rộng xưởng gỗ nên phải nhượng lại lô đất bố mẹ để lại ở Xuân Mai Chương Mỹ.
Thông tin: Dt 115m2, mặt tiền 6,5m cực rộng bề thế. Đường trước đất rộng thênh thang ô tô tránh nhau thoải mái.
Trường học các cấp xung quanh đất, đi vài bước chân ra chợ, tiện ích không thiếu thứ gì.
Thế Đất đẹp, sổ đỏ sẵn. Anh đang cần tiền gấp trong tháng nên để giá cực tốt cho ac nào thiện chí làm việc nhanh.
👉 Lh em: *** dẫn xem đất và gặp trực tiếp anh em mua bán đất. ",14782608.695652174,1.7,large,1_3b
176058530,132367945,"Mặt Bằng Kinh Doanh/VP ở Đống Đa, Hà Nội, ví trí trung tâm, 45tr",45000000,160.0,Quận Đống Đa,Phường Văn Miếu,Hà Nội,"Văn phòng, Mặt bằng kinh doanh",3.0,5 giờ trước,"🏢 CHO THUÊ TẦNG 1 CỬA HÀNG / VĂN PHÒNG / MẶT BẰNG KINH DOANH - VỊ TRÍ TRUNG TÂM - ĐÔNG ĐÚC
📍 101B Nguyễn Khuyến, P. Văn Miếu – Q. Đống Đa, Hà Nội

✨ Diện tích: 160m² (Cho thuê Tầng 1)
✨ Mặt tiền: 5m – nhà đẹp, vuông vắn, thoáng sáng
💰 Giá: 45tr/tháng ( có thương lượng)
📞 Liên hệ chính chủ: *** (Zalo/SĐT)
📌 Vị trí trung tâm, sầm uất, Nhiều Lộc, cực kỳ thuận tiện:
• Gần Văn Miếu – Quốc Tử Giám, Ga Hà Nội, đường sắt đô thị trên cao, bến xe bus
• Bao quanh là dân cư đông đúc, văn phòng, ngân hàng, chợ dân sinh, bệnh viện, trường học các cấp
• Di chuyển chỉ 10 phút đến Hồ Hoàn Kiếm, Phố Cổ, Lăng Bác, Hồ Tây, Công viên, Nhà hát lớn

✅ Phù hợp: Kinh doanh, showroom, văn phòng công ty, studio, cửa hàng thời trang, spa, nail, trung tâm dạy học, bán hàng online,…",281250.0,0.045,large,under_1b
173870932,130494030,CHÍNH CHỦ BÁN NHÀ CẦU GIẤY OTO ĐỖ CỬA NHƯ MƠI,9000000000,30.0,Quận Cầu Giấy,Phường Yên Hoà,Hà Nội,Nhà ở,3.0,12 giờ trước,"CHÍNH CHỦ BÁN NHÀ 30M 4 TẦNG YÊN HÒA-CẦU GIẤY NGÕ OTO TẢI ĐỖ CỬA GẦN PHỐ. GIÁ BÁN 9 TỶ CÓ TL.
 
Diện tích : 28m T1 ; từ tầng 2 Lên tầng 4 là 30m.
Vị trí        : Phố Hoa Bằng, P Yên Hòa, Cầu Giấy.
Thiết kế  : T1  :khách  + Bếp.
                  T2  : 1Ngủ  + Tắm master .
                  T3  : 2 ngủ + vs.
                  T4  : P Thờ + Sân phơi.
Sổ đỏ chính chủ , chính chủ đăng bán.",300000000.0,9.0,very_small,5_10b
176051462,132361812,Biệt Thự Khu Đô Thị Thanh Hà Cienco 5,21000000000,200.0,Quận Hà Đông,Phường Kiến Hưng,Hà Nội,Nhà ở,4.0,10 giờ trước,"Chính chủ bán đất nền biệt thự trong khu đo thị Thanh Hà.
 Điẻm tinh hoa hội tụ của các đại dự án mới. Như Vành đai 3,5, Vành đai 4.  Sân vận động Hùng Vương,. Công viên 365 Hà đông. 
 Nhà bắt đầu xây thô đầu năm 2027 nhận nhà. 
 Pháp lý HĐMB, xây nhà xong cấp sổ đỏ chính chủ.
",105000000.0,21.0,large,over_10b
176058599,132367961,bán nhà tam hiệp thanh trì,6200000000,33.0,Huyện Thanh Trì,Xã Ngọc Hồi,Hà Nội,Nhà ở,3.0,5 giờ trước,"Dự án: 
Thông tin chi tiết: Chính chủ bán nhà khu hunh cung tam hiệp thanh trì hn. Bác nào muốn sem trực tiếp k qua trung gian nhé chính chủ bán *** dt 33 mét nhà 4 tầng 3 ngủ . Công lăng đầy đủ d sân phơi . Phòng thờ , phòng giặt phòng bếp phòng khách đầy đủ k phải sắm thêm",187878787.87878788,6.2,small,5_10b
175194884,131626587,"Chung cư CT6 Xa La, Hà Đông",3150000000,61.5998,Quận Hà Đông,Phường Kiến Hưng,Hà Nội,Căn hộ/Chung cư,2.0,8 giờ trước,"Chính chủ bán nhanh căn hộ chung cư 2 phòng ngủ tòa CT6 KĐT Xa La, Hà Đông, Hà Nội.

Diện tích:  61.6m2 – Thiết kế thông minh, tối ưu công năng sử dụng.

Công năng: 2 Phòng ngủ, 2 WC, phòng khách ngập tràn ánh sáng tự nhiên.

Vị trí vàng: Tọa lạc tại trục đường huyết mạch, dễ dàng di chuyển vào trung tâm hay các khu vực lân cận.

Tiện ích tận tay: Dưới chân tòa nhà là hệ thống siêu thị, phòng gym, spa, trường học và các bệnh viện lớn...  đáp ứng mọi nhu cầu chỉ trong vài bước chân.

Tình trạng: Nhà mới, nội thất tâm huyết, chủ mới chỉ việc xách vali về ở.",51136529.66405735,3.15,medium,3_5b
174851584,131335771,Bán Tòa Nhà 60m x 6 Tầng Tại Hoang Hoa Thám,20000000000,60.0,Quận Ba Đình,Phường Cống Vị,Hà Nội,Nhà ở,10.0,12 giờ trước,"Bán tòa căn hộ 60m x 6 tầng , mt rôngk hơn 4, 3m , nở hậu hơn 5m
thiết kế 10 căn hộ cho thuê full nội thất
 cao cấp , đầy đủ PCCC
VỊ TRÍ : Ô Tô đỗ cửa , cách mặt phố 4 nhà , không dính quy hoạch
giá chào bán 20 tỷ có thương lượng
liên hệ ***",333333333.3333333,20.0,small,over_10b
176058584,132367967,Nhà Mới Xây Bùi Xương Trạch Thanh Xuân 40m x 6 Tầng ,7900000000,40.0,Quận Thanh Xuân,Phường Khương Đình,Hà Nội,Nhà ở,4.0,5 giờ trước," Bán Nhà Mới đẹp Keng, Bùi Xương Trạch_ Ngã Tư Sở, ví trí vàng của Thủ Đô đi đâu cũng tiện.  

Full nội thất cao cấp, sàn gỗ nhập khẩu, chỉ việc xách vali về ở , phòng nào cũng có ban công rất thoáng . 

Tiện ích bạt ngàn , bán kính 100m các trường học , bệnh viện , chợ , khu giải trí ..vv
Sổ đỏ chính chủ - giao dịch uy tín - chủ cần bán gấp. ",197500000.0,7.9,small,5_10b
176058540,132367968,TT TÂY HỒ -PHÚ THƯỢNG -50m -5 TẦNG,12800000000,50.0,Quận Tây Hồ,Phường Phú Thượng,Hà Nội,Nhà ở,8.0,5 giờ trước,"Dự án: 
Thông tin chi tiết: TT HỒ TÂY - PHÚ THƯỢNG -50m -5 TẦNG - GIÁ 12,8 tỷ
-NHÀ ĐẸP DÂN XÂY - PHÂN LÔ - OTO ĐỖ CỬA - NGÕ THÔNG - HÀNG XÓM CIPUTRA.
👉Nhà mình bán là căn nhà 5 tầng, nằm trong khu phân lô. Oto đỗ cửa. Nhà dân xây rất đẹp, chủ tặng lại nội thất cơ bản . 
👉Khu vực an ninh tốt, hàng xóm văn minh. Chỉ 300m ra khu Citputra,  Sunshine, tiềm năng tăng giá cao. 
👉 Nhà hiện trạng đang là 5 tầng, cầu thang giữa. Khách mua có thể lên thêm tầng thoải mái. Tk thêm thang máy . Nhà vừa ở vừa cho thuê kd dòng tiền 
👉Thiết kế:- Tầng 1: để xe - Tầng 2, 3 , 4 ,5 mỗi tầng 2 phòng ngủ, wc, cầu thang giữa 
👉 Pháp lý: sổ đỏ chính chủ , sẵn sàng giao dịch 
 Liên hệ em Hồng dt ***",256000000.0,12.8,small,over_10b
175968159,132290143,1N1K Phúc Diễn nhà nhiều ánh sáng (k chung chủ),6000000,60.0,Quận Nam Từ Liêm,Phường Xuân Phương,Hà Nội,Phòng trọ,3.0,13 giờ trước,"Dự án: 
Thông tin chi tiết: PHÚC DIỄN-NAM TỪ LIÊM

Cho thuê 1n1k (khách chung bếp), tắm và toilet riêng.

Diện tích 60m2, đủ nội thất cơ bản + máy giặt, tủ lạnh, điều hoà, bình nóng lạnh, sửoi phòng tắm. Chỉ việc mang đồ cá nhân đến ở.

Có sân tầng 1 rộng, chỗ để xe, ban công phơi đồ tầng 2, cầu thang riêng lên phòng. Một căn nhà siêu nhiều ánh sáng, ngủ dậy có tiếng chim hót, có hoàng hôn đẹp lung linh, ban công siêu chill uống cà phê nhiều cây xanh.

Giờ giấc tự do, không chung chủ

Gần đại học Phenikaa, bệnh viện đh Phenikaa, chợ Cầu Diễn, trường mầm non, Ga Cầu Diễn,...

Nước rất sạch do đường nước mới hơn các khu trung tâm

🌿6 (ở trên 6 tháng, đóng 1 cọc 2, nước 150k/ng, điện giá dân) 

IB qua xem nhà luôn ( tớ k bắt cọc trước khi qua, hãy qua cảm nhận ngôi nhà )",100000.0,0.006,small,under_1b
176046667,132357732,"cho thuê chỉ ở hoặc làm văn phòng , phòng học....",3500000,25.0,Quận Long Biên,Phường Gia Thụy,Hà Nội,"Văn phòng, Mặt bằng kinh doanh",3.0,13 giờ trước,"Dự án: 
Thông tin chi tiết: Nằm ở tầng 2 mặt phố 636 Ngọc Lâm, khu vực sầm uất nhất Long Biên",140000.0,0.0035,very_small,under_1b
176003915,132320869,CC Trung Kính - 2PN - 60M - Vị Trí Vàng Cầu Giấy - Full Đồ - Ở ngay,6680000000,60.0,Quận Cầu Giấy,Phường Yên Hoà,Hà Nội,Căn hộ/Chung cư,2.0,12 giờ trước,"Cần bán căn hộ đẹp tại khu vực Trung Kính – trung tâm quận Cầu Giấy, vị trí đắc địa hiếm có, nằm trên trục đường lớn kết nối nhanh các tuyến trọng điểm như Cầu Giấy – Trung Hòa – Yên Hòa – Nam Trung Yên.
Khu vực tập trung nhiều tòa văn phòng, trung tâm thương mại, trường đại học – cao đẳng lớn, cực kỳ thuận tiện để ở hoặc đầu tư cho thuê.
Căn hộ được thiết kế hiện đại, tối ưu không gian sống, nội thất nhập khẩu sang trọng, khách mua chỉ việc về ở.
🏠 Thiết kế căn hộ:
- Phòng khách liên thông bếp, không gian mở rộng rãi và thoáng sáng
- 2 phòng ngủ đầy đủ công năng
- 1 WC tiện nghi
- Ban công rộng, khu giặt sấy riêng biệt
- Nội thất nhập khẩu Luxury, hoàn thiện đẹp mắt
🌟 Thông tin tòa nhà:
- Chung cư cao 12 tầng
- Tầng 1: Sảnh cư dân + kiot thương mại, nhà sách, nhà hàng
- Tầng 2–12: Khu căn hộ để ở
- Hành lang rộng 3m, camera an ninh mỗi tầng
- Dân trí cao, an ninh tốt
🌆 Ưu điểm nổi bật:
- Trung tâm quận Cầu Giấy – phân khúc giá nhỏ cực hiếm
- Gần các KĐT Yên Hòa, Trung Hòa, Nam Trung Yên
 -Gần trường đại học, văn phòng, TTTM lớn
- Phù hợp ở lâu dài hoặc đầu tư cho thuê cực tốt
📕 Pháp lý:
- Sổ đỏ chính chủ, sẵn sàng giao dịch
📞 Liên hệ:
- Gọi ngay để xem căn hộ thực tế
- Cam kết thông tin chuẩn – hỗ trợ tận tâm",111333333.33333333,6.68,small,5_10b
176015910,132331135,Bán Đất Thổ cư thôn Kim Châu xã thanh oai Hà Nội,3390000000,51.2,Huyện Thanh Oai,Xã Kim Thư,Hà Nội,Đất,3.0,13 giờ trước,"💰 BÁN ĐẤT THỔ CƯ KIM CHÂU, THANH OAI 💰

​Diện tích: 51,2m²

​Giá: 3,39tỷ (có thương lượng)

​✨ Điểm nhấn của lô đất:

​🔥 Vị trí đắc địa: Nằm trong thôn Kim Châu, xã Thanh Oai, huyện Thanh Oai, TP. Hà Nội.

​🏡 Mặt tiền: Rộng rãi, phù hợp xây dựng nhà ở hoặc kinh doanh.

​🛣️ Giao thông thuận tiện: Kết nối dễ dàng với các tuyến đường chính như Quốc lộ 21B, đường 427, v.v.

​🏫 Tiện ích xung quanh: Gần trường học, chợ, bệnh viện, khu vui chơi giải trí, v.v.

​📈 Tiềm năng phát triển: Khu vực đang phát triển mạnh, cơ sở hạ tầng hoàn thiện, giá trị đất ngày càng tăng.

​🌈 Ưu đãi đặc biệt:

​🎁 Tặng 10% giá trị hợp đồng khi đặt cọc trong tháng 8.

​🎁 Hỗ trợ vay vốn ngân hàng lên đến 70% giá trị lô đất.

​📞 Liên hệ ngay: ***để biết thêm thông tin chi tiết và đặt cọc ngay hôm nay!",66210937.5,3.39,small,3_5b
176049093,132359809,Nhà 6 tầng Ngõ 71 gốc đề minh khai và 317 Trần Đại Nghĩa ,1800000,17.0,Quận Hai Bà Trưng,Phường Minh Khai,Hà Nội,Phòng trọ,3.0,11 giờ trước,"Còn 4-5 phòng cho thuê khép kín, dọn ở luôn 
Giá 1,8tr khép kín , giường 
Phòng 2,3tr- 2,7tr - 3,5tr và 4,8tr khép kín nóng lạnh, điều hoà, giường, tủ quần áo , kệ bếp nấu ăn , tuỳ phòng. 
Đ/c : Ngõ 71 Gốc đề minh khai và 317 trần đại nghĩa 
Xem liên hệ trực tiếp , có bớt cho bạn nào ở 1 người . ",105882.35294117648,0.0018,very_small,under_1b
176058213,132368006,Cho thuê p trọ,2400000,25.0,Quận Tây Hồ,Phường Bưởi,Hà Nội,Phòng trọ,3.0,5 giờ trước,"Cho thuê p trọ tại ngõ 81 Lạc Long Quân (hoặc ngõ 28 Võ Chí Công).
Đầy đủ điều hòa + nóng lạnh; vệ sinh, bếp khép kín.
Giờ giấc tự do.
Không chung chủ.
Khu vực an ninh tốt, đảm bảo PCCC, để xe tầng 1.
Gần chợ và nhiều dịch vụ khác.
Điện: 4k/số.
Nước 40k/số.
Add zalo hoặc nhắn tin nếu không gọi được.",96000.0,0.0024,very_small,under_1b
176003900,132320902,"Nhà đẹp phố Thái Hà 60m2, 4 tầng, mặt tiền 4.6m, ô tô đỗ cửa, giá tốt",14900000000,61.0,Quận Đống Đa,Phường Trung Liệt,Hà Nội,Nhà ở,4.0,11 giờ trước,"Nhà đẹp Thái Hà 60m², ô tô đỗ cổng, 2 thoáng, ở ngay.
- Vị trí đẹp tại phố Thái Hà, khu vực trung tâm, dân trí cao, giao thông thuận tiện.
- Diện tích 60m², xây 4 tầng chắc chắn, mặt tiền 4.6m.
- Nhà dân xây còn mới đẹp, khách mua về ở ngay.
- Hai mặt thoáng trước sau, các phòng đều có cửa sổ sáng tự nhiên.
- Thiết kế:
+ Tầng 1: Sân để xe, phòng khách, bếp, WC.
+ Tầng 2, 3: Mỗi tầng 2 phòng ngủ, WC.
+ Tầng 4: Phòng thờ, sân phơi, phòng đọc sách.
- Ô tô đỗ cổng thuận tiện sinh hoạt.
- Sổ đỏ chính chủ.
- Giá bán: 14.9 tỷ.
Liên hệ xem nhà thực tế.",244262295.0819672,14.9,medium,over_10b
175086925,131536520,🏠 NHÀ GỐC ĐỀ – 5 TẦNG DÂN XÂY CHẮC CHẮN. BAGAC ĐỖ CỬA,7950000000,32.0,Quận Hoàng Mai,Phường Tương Mai,Hà Nội,Nhà ở,5.0,11 giờ trước,"Dự án: 
Thông tin chi tiết: Gốc Đề. Minh Khai 
7,95 tỷ
Mặt ngõ kinh doanh. Ngõ thông. Nhà dân xây kiên cố
5 tầng 5 ngủ 
***",248437500.0,7.95,small,5_10b
176050850,132361895,"Phòng trọ cho thuê Khu vực Quan Hoa, Cầu giấy, HN",3500000,25.0,Quận Cầu Giấy,Phường Quan Hoa,Hà Nội,Phòng trọ,3.0,10 giờ trước,"Phòng trọ 20m2-25m2, giá 3,5tr đến 4 triệu/tháng (có thiện trí có thể thương lượng gia lộc); khép kín, có điều hòa, nóng lạnh, giao thông thuận lợi, vài bước chân ra đường lớn Quan Hoa, gần Đại học giao thông. Phù hợp cho cả người đi làm, người đã có gia đình… Liên hệ Ông Quang: *** (không tiếp trung gian)",140000.0,0.0035,very_small,under_1b
175144809,131583657,"Bán nhanh căn 1N+ 43m- 3,2 tỷ- G2 Imperia sola park vinhome smart city",3200000000,43.0,Quận Nam Từ Liêm,Phường Tây Mỗ,Hà Nội,Căn hộ/Chung cư,2.0,8 giờ trước,"Chính chủ bán gấp căn 1N+ tại Imperia The Sola Park tại KĐT Vinhomes Smart City Tây Mỗ, dự án cao cấp nhất trong KĐT.
- Căn hộ 43m2 thông thủy thiết kế 1 ngủ cộng, công năng sử dụng như căn 2 ngủ.
Nội thất bàn giao: Full đồ liền tường cao cấp nhập khẩu:.
Sàn gỗ, trần thạch cao 2.9m, bếp, tủ bếp trên dưới, thiết bị vs nhập khẩu, hệ thống điện thông minh, cảm ứng, điều hòa 2 chiều daikin...
Đã lâu rồi ko có sản phẩm ngon mua được giá rẻ hơn thị trường mua đầu tư là lãi luôn, ở cao cấp, đầu tư bền vững tăng giá ổn định, sở hữu vĩnh viễn.
A/C ib hoặc gọi trực tiếp cho tôi để chi tiết thông tin giá bán + tiến độ thanh toán vào tiền chỉ nhỉnh 1 tỷ, hỗ trợ vay tối đa 70% ân hạn gốc và lãi.",74418604.65116279,3.2,small,3_5b
175868427,132204202,Phòng 3.7 tr Full Đồ - Gần Mỹ Đình - Vào Ở Luôn ( Còn Phòng Đẹp ),3700000,30.0,Quận Nam Từ Liêm,Phường Phú Đô,Hà Nội,Phòng trọ,3.0,6 giờ trước,"Dự án: 
Thông tin chi tiết: Chính chủ còn phòng khu tại đường Phú Đô

Giá linh động từ 3 triệu đến hơn 4 triệu.

Ưng phòng nào có hỗ trợ thêm về giá, có quà nhận phòng tân gia

Liên hệ xem phòng miễn phí !!",123333.33333333333,0.0037,very_small,under_1b
173822086,130451119,68 Đoàn Thị Điểm phòng víp cao cấp nội thất nhập khẩu,4000000,25.0,Quận Đống Đa,Phường Hàng Bột,Hà Nội,Phòng trọ,3.0,7 giờ trước,"Apartment HC Luxury ra mắt toà nhà mới tiêu chuẩn như khách sạn 5 sao.

- Đ/C: Số 68 Đoàn Thị Điểm giao Phố Tôn Đức Thắng và Phố Cát Linh.

- Nhà cách mặt phố chỉ có 15m, Cạnh Trường Cao Đẳng Y Tế, Văn Miếu - Quốc Tử Giám, lên Phố Cổ 3 phút. Rất nhiều tiện ích xung quanh.

- Diện tích các phòng từ 20 - 25m2 khép kín, đều có ban công cửa sổ cực kỳ thoáng sáng - Full nội thất mới nhập khẩu, bếp, máy giặt máy sấy, tủ lạnh, lò vi sóng, chăn, ga, gối đệm.

- Toà nhà an ninh cực tốt, bảo vệ và lễ tân 24/24h, đủ tiêu chuẩn PCCC.

+ Giá các phòng từ 4tr - 4,5tr - 5tr - 5,5tr - 6tr/tháng.

LH: A Tùng *** (miễn trung gian).",160000.0,0.004,very_small,under_1b
176015995,132331192,Bán căn hộ 2PN - 1WC diện tích 55m². Full đồ sẵn sổ,4500000000,55.0,Quận Nam Từ Liêm,Phường Tây Mỗ,Hà Nội,Căn hộ/Chung cư,2.0,12 giờ trước,"Chính chủ cần bán gấp căn hộ tại Vinhomes Smart City.
Diện tích 55m² với 2 phòng ngủ, 1wc, phòng khách rộng rãi, ban công thoáng.
Tầng trung, ban công Đông Bắc mát mẻ, không bị nóng.
Nhà full nội thất đẹp, sẵn sổ.
Giá bán: 4,5 tỷ.
Liên hệ xem nhà: ***",81818181.81818181,4.5,small,3_5b
176049124,132359866,"9 Tầng Mặt Phố Trung Phụng Đống Đa 92,5 Tỷ 100m2 mặt tiền 6,5m",92500000000,100.0,Quận Đống Đa,Phường Trung Phụng,Hà Nội,Nhà ở,11.0,11 giờ trước,"SIÊU PHẨM TRUNG PHỤNG ĐỐNG ĐA : TÒA NHÀ ĐA NĂNG – KHẲNG ĐỊNH VỊ THẾ – SINH LỜI BỀN VỮNG
​Sở hữu ""viên kim cương"" hiếm hoi tại lõi di sản Đống Đa, nơi hội tụ hoàn hảo giữa không gian sống thượng lưu và giá trị thương mại đắc địa.gần nút giao Xã Đàn ,Khâm Thiên ,Ô Chợ Dừa
​Kiến trúc đẳng cấp: Công trình 9 tầng (8 tầng nổi, 1 hầm) sừng sững, kết cấu kiên cố, thang máy tốc độ cao. Nhà mới hoàn thiện 3 năm, nội thất cao cấp.mặt tiền 6,5m
​Điểm Vàng pháp lý : Hệ thống PCCC đạt chuẩn đi kèm xác nhận hoàn công đầy đủ – một lợi thế tuyệt đối và cực kỳ khan hiếm trong phân khúc nhà phố hiện nay.
​ Tọa lạc trên mặt phố Trung Phụng kinh doanh sầm uất, giao lộ huyết mạch kết nối các quận trung tâm. Khu vực nằm trong quy hoạch phân khu H1-3, hứa hẹn sự bứt phá mạnh mẽ về hạ tầng và giá trị tài sản trong tương lai gần.
​Khai thác tối ưu:
​Khối kinh doanh (Tầng 1-4): Thiết kế thông sàn linh hoạt, hiện đang mang về dòng tiền ổn định ~80 triệu/tháng.
​Khối gia đình (Tầng 5-9): Căn hộ Penthouse tiện nghi với phòng khách sang trọng, bếp ấm cúng và sân thượng view ""Panorama"" ôm trọn thành phố.
​Đặc quyền chủ sở hữu: Tặng lại toàn bộ nội thất liền tường tinh tế. Quý khách chỉ việc tiếp quản dòng tiền hoặc xách vali về ở ngay.
​Sổ đỏ chính chủ - Quy hoạch ổn định - Sẵn sàng sang tên.
​Giá chào: 92,5
​Liên hệ trực tiếp để sở hữu biểu tượng thịnh vượng này!",925000000.0,92.5,medium,over_10b
176051589,132361926,Cho thuê phòng nhỏ 1 người,1500000,10.0,Huyện Thanh Trì,Xã Tân Triều,Hà Nội,Phòng trọ,3.0,10 giờ trước,"Nhà riêng đang trống  1 phòng tầng 3. Điều hòa riêng. Máy giặt chung tầng 1.
Ưu tiên nam sinh viên.",150000.0,0.0015,very_small,under_1b
174587160,131112655,"Nhà KIm giang 50m2 x5T,ngõ oto tránh,giá 11.2 tỷ,sổ đỏ,ở luôn",11200000000,50.0,Quận Hoàng Mai,Phường Đại Kim,Hà Nội,Nhà ở,4.0,5 giờ trước,"HÀNG HIẾM KIM GIANG -OTO TRÁNH- NHÀ ĐẸP CHUẨN CHỈ - NGÕ RỘNG THOÁNG - CHỦ GẤP BÁN

Cực hiếm trong khu vực Đại Kim - Kim Giang! Căn nhà 50m² xây 5 tầng chắc nịch, chủ nhà tự tay giám sát thi công từng chi tiết nhỏ.
Nhà đẹp ở ngay: Không cần sửa sang, thiết kế hiện đại, nội thất xịn xò.
Vị trí đắc địa: Ngõ thông, thoáng,oto tránh, oto vào nhà, Thuận tiện di chuyển ra đường vành đai 3, giao thương sầm uất.
Môi trường sống: Hàng xóm toàn cán bộ công chức, sống tình cảm, dân trí cao.
Pháp lý: Sổ đỏ cất két, sang tên trong nốt nhạc.
Giá: 11.2 tỷ (Chủ đang rất thiện chí bán, giá chốt linh hoạt).

Liên hệ xem nhà Mr Thái 

CAM KẾT LÀM VIỆC CHÍNH CHỦ- THÔNG TIN THẬT-ẢNH THẬT.
-MIỄN TIẾP TRUNG GIAN - MÔI GIỚI TRÁNH LÀM MẤT THỜI GIAN 2 BÊN.

Lê Thái - Môi giới thổ cư 10 năm quanh khu vực Hoàng Mai- am hiểu sản phẩm-thị trường-pháp lý- giá cả khu vực -làm việc CHUYÊN NGHIỆP-NHIỆT TÌNH-TẬN TÂM.
Nhận mua bán bất động sản quanh khu vực ,thông tin bảo mật,kín đáo,mua nhanh bán gọn.",224000000.0,11.2,small,over_10b
176053928,132363988,Cho thuê 5 căn ở Xuân Phường để ở và kd online 9 -11tr,9000000,55.0,Quận Nam Từ Liêm,Phường Xuân Phương,Hà Nội,Nhà ở,4.0,9 giờ trước,"cho thuê nhà ở Trịnh Văn Bô, Phương canh gần CĐ FPT, Bệnh viện Phenika
CĂN 1:  45mx4 tầng, 4 phòng ngủ giá 9tr/tháng. gần full đồ oto đỗ cách nhà 30m
Căn 2:  60mx3 tầng, 5 pn, oto đỗ cửa, giá 11tr/tháng
Căn 3:  35mx5 tầng, 4 phòng ngủ, nhà mới xây được 2 năm, giá 11tr/tháng
Căn 4:  32mx5 tầng, 3 pn, full đồ, nhà mới giá 11tr/tháng
Căn 5:  60mx4 tầng, 6 phòng ngủ, full điều hòa, giá 12tr/tháng
phù hợp ở gđ và nhóm bạn, kết hợp làm vp, kd online,...
ai có nhu cầu liên hệ mình",163636.36363636365,0.009,small,under_1b
174973170,131440340,"Cho thuê nhà 132 mặt ngõ Hoàng An, Lê Duẩn - Hà Nội S 30m2x3 tầng...",8500000,30.0,Quận Đống Đa,Phường Trung Phụng,Hà Nội,Nhà ở,3.0,13 giờ trước,"Cho thuê nhà 132 ngõ Hoàng An, Lê Duẩn, Đống Đa - Hà Nội. Diện tích 30m2 x3 tầng, nhà mặt ngõ rộng, ngõ thông ra hồ Ba Mẫu, phố Khâm Thiên, phố chợ Khâm Thiên, khu trung tâm rất tiện đi lại. Giá 8tr500, ai có nhu cầu thuê xin liên hệ anh Phúc chủ nhà xin cảm ơn!",283333.3333333333,0.0085,very_small,under_1b
176001643,132318942,Cho thuê 2N2WC full đồ view bể bơi 10tr5,10500000,55.0,Quận Nam Từ Liêm,Phường Tây Mỗ,Hà Nội,Căn hộ/Chung cư,2.0,10 giờ trước,"Cho thuê 2N2WC full đồ view bể bơi 10tr5, tham khảo thêm quỹ Liên hệ ***",190909.0909090909,0.0105,small,under_1b
175342930,131753696,6.66 TỶ – 30M2 – 5 TẦNG – FULL NỘI THẤT  – GỐC ĐỀ-MINH KHAI,6660000000,30.0,Quận Hai Bà Trưng,Phường Minh Khai,Hà Nội,Nhà ở,3.0,9 giờ trước,"6.66 TỶ – 30M2 – 5 TẦNG – FULL NỘI THẤT  – GỐC ĐỀ-MINH KHAI – *** 
​-Gốc Đề - Minh Khai - Hoàng Mai: 30m2 – 5 Tầng – Mặt tiền 5m.
-Vị trí trung tâm Minh Khai, ngõ thông tứ phía, ba gác vào tận nơi, cực gần ô tô tránh.
-Nhà thoáng trước sau, thiết kế hiện đại, đầy đủ nội thất cao cấp chỉ việc xách vali về ở.
-Tiện ích ngập tràn: gần chợ, trường học các cấp, bệnh viện, công sở.
*Thiết kế: 5 Tầng – 3 Ngủ khép kín.
+T1: Sân để xe, phòng khách, bếp, WC.
+T2,3,4: Mỗi tầng 1 phòng ngủ rộng + WC.
+T5: Phòng thờ, sân phơi thoáng đãng.
*Sổ đỏ chính chủ, vuông vắn nở hậu, sẵn sàng giao dịch.
​* Thanh Kim BĐS F0 – Nói không với quy hoạch – ***
* Nhận ký gửi mua bán BĐS phí 1%
* Hỗ trợ: check quy hoạch – vay ngân hàng – xây sửa trọn gói – xin phép xây dựng – làm sổ đỏ, hợp thửa/tách thửa

*30m2-5 tầng-ngõ nông-Gốc Đề-Đền Lừ-6.7 tỷ
*30m2-5 tầng-lô góc-ngõ nông-Thanh Lân-Ngũ Nhạc-Hoàng Mai-6.7 tỷ
*33m2-5 tầng-3 ngủ- Lĩnh Nam-HM-6.8 tỷ
*30m2-4 tầng-3 ngủ-ngõ nông-Tân Khai-Dương Văn Bé-6,8 tỷ
*30m2-5 tầng-ngõ to-Vĩnh Hưng-Dương Văn Bé-6.8 tỷ
*37m2-3 tầng-1 nhà ra phố-Giáp Nhị-Thịnh Liệt-HM-6.86 tỷ
*33m2-5 tầng-ngõ nông-649 Lĩnh Nam-6.86 tỷ
*33/37m2-5 tầng-Trần Khát Chân-HBT-6.88 tỷ",222000000.0,6.66,very_small,5_10b
175655176,132021992,💥MẶT PHỐ NGỌC LÂM – KINH DOANH ĐỈNH – TẶNG NHÀ 5 TẦNG- GIÁ CHỈ 9 TỶ,9050000000,35.0,Quận Long Biên,Phường Bồ Đề,Hà Nội,Nhà ở,3.0,9 giờ trước,"💥MẶT PHỐ NGỌC LÂM – KINH DOANH ĐỈNH – TẶNG NHÀ 5 TẦNG- GIÁ CHỈ  9 T.Ỷ
* Vị trí: Phố Ngọc Lâm – tuyến phố kinh doanh sầm uất bậc nhất
* Ô tô tránh thoải mái, vỉa hè rộng rãi
* Thông phố : Hồng Tiến – Nguyễn Sơn – Nguyễn Văn Cừ - Hoàng Như Tiếp - Bồ Đề
* Phù hợp: Kinh doanh, spa, văn phòng, cho thuê dòng tiền
Giá chỉ nhỉnh 9 tỷ (cực hiếm trong phân khúc mặt phố)
Liên hệ ngay em Hằng để xem nhà và chốt sớm
⸻
#MatPhoNgocLam #NhaDepLongBien #BatDongSanHaNoi #KinhDoanhDinh #LongBiên #NgọcLâm #Bồđề #NguyễnSơn #Hồngtiến #Hoàngnhưtiếp",258571428.57142857,9.05,small,5_10b
176044449,132355829,nhà liên mạc ô tô đỗ gần,5250000000,31.0,Quận Bắc Từ Liêm,Phường Liên Mạc,Hà Nội,Nhà ở,4.0,14 giờ trước,"🏡Bán nhà Liên Mạc Bắc Từ Liêm. Cực hiếm đầu ngõ là chợ, ô tô đỗ cạnh. Giá 5.x tỷ ”Rẻ nhất Quận Bắc Từ Liêm”

🛒Tiện ích ngập tràn, trường chợ ngay cạnh nhà, lắp full nội thất, khách chỉ xách vali về ở ngay

📍Giao thông thuận lợi gần đê đi Hồ Tây - gần Trục Tây Thăng Long thông thương Văn Tiến Dũng - QL32 - Ngoại Giao Đoàn
•••••••••••••••••••••••••••••••••
🏡Nhà 5 tầng thiết kế đẹp, chủ xây tâm huyết
🔸Tầng 1 : Phòng khách, bếp ăn, wc
🔸Tầng 2,3,4: Phòng ngủ, wc
🔸Tầng 5 : Phòng thờ, sân phơi

👉Pháp lý chuẩn giao dịch trong ngày
👉Hỗ trợ ngân hàng 80%, lãi xuất thấp

☎️Lh/zalo: ***",169354838.70967743,5.25,small,5_10b
175430942,131829504,Trống 4 phòng cho thuê,5000000,50.0,Quận Hoàng Mai,Phường Giáp Bát,Hà Nội,"Văn phòng, Mặt bằng kinh doanh",3.0,9 giờ trước,"Dự án: 
Thông tin chi tiết: Hiện mình trống 4 phòng cho thuê văn phòng, lớp học, phòng tập vv..vv diện tích 40m2-55m2 wc riêng giá 5 triệu - 6 triệu (có thang máy mặt đường Kim Đồng to đẹp). Ai có nhu cầu liên hệ chính chủ.",100000.0,0.005,small,under_1b
176037400,132349696,"Khai Trương CCMN Full Gác xép, Full đồ, Lê Trọng Tấn",6000000,24.0,Quận Thanh Xuân,Phường Phương Liệt,Hà Nội,Căn hộ/Chung cư,1.0,12 giờ trước,"Dự án: 
Thông tin chi tiết: 🚨KHAI TRƯƠNG CCMN FULL GÁC XÉP🚨

‼️Địa chỉ: Ngõ 198 Lê Trọng Tấn‼️



Tiện nghi trong phòng:



Có ban công riêng, phơi đồ tại phòng, view thoáng.



Full nội thất: Điều hòa, nóng lạnh, tủ lạnh, máy giặt riêng.



Giường, đệm, tủ quần áo, bàn ghế làm việc, bàn ăn.



Khu bếp: Tủ bếp trên dưới, hút mùi, chậu rửa hiện đại.



Tiện ích & An ninh:



Thang máy, khóa vân tay, Camera 24/24.



An toàn: Hệ thống PCCC chuẩn, có cửa ngăn khói từng tầng.



Giờ giấc tự do, không chung chủ.



Liên hệ xem phòng: ***



Zal0 : ***",250000.0,0.006,very_small,under_1b
174744990,131247874,Chính chủ cần bán CHTT - lô góc sáng thoáng- full nội thất Hồ Tùng Mâu,3700000000,43.0,Quận Bắc Từ Liêm,Phường Phú Diễn,Hà Nội,Căn hộ/Chung cư,2.0,9 giờ trước,"🏡 Cần Bán CHTT full nội thất - Lô góc sáng thoáng - chỉ việc ở 
📍 199 Hồ Tùng Mậu – Bắc Từ Liêm – Hà Nội
💰 Giá: 3.7 tỷ

✨ Căn hộ tập thể đẹp, lô góc cực thoáng – ở ngay không phải sửa!

🔹 Thiết kế: 2 phòng ngủ + 2 WC
🔹 Ban công rộng rãi, thoáng mát, nhiều ánh sáng
🔹 Lô góc 2 mặt thoáng
🔹 Khóa cửa vân tay hiện đại

🎁 Chủ để lại toàn bộ nội thất mới cứng:
	•	Tủ nhôm Xingfa cao cấp
	•	Sàn gỗ nhập Đức
	•	Trần thạch cao Vĩnh Tường chống ẩm
	•	Bếp + thiết bị bếp nhập khẩu
	•	2 điều hoà
	•	Tủ giày, tủ quần áo âm tường kịch trần

📍 Vị trí cực tiện:
Gần các trục đường lớn Phạm Hùng, Xuân Thủy, Cầu Giấy.
Khu vực kinh doanh buôn bán sầm uất, giao thông thuận tiện.

📜 Pháp lý: Sổ đỏ chính chủ

⏰ Đặt lịch xem nhà trước 30 phút

📞 *** – Thuỷ",86046511.62790698,3.7,small,3_5b
174394307,130946825,"Bán 37m2 Đất Thạch Bàn, Sẵn Nhà Cấp 4 Trên Đất, Đường ô tô 5 Chỗ",7350000000,37.0,Quận Long Biên,Phường Thạch Bàn,Hà Nội,Đất,3.0,9 giờ trước,"Bán 37m2 Đất Thạch Bàn, Sẵn Nhà Cấp 4 Trên Đất, Đường ô tô 5 Chỗ ra Vào
- Diện tích 37m2, mặt tiền = hậu 4.8m
- Đường trước đất rộng 3m, xe 5 chỗ qua cửa
- Vị trí đất gần chợ Đồng Dinh, Trường Cấp 3 Thạch Bàn, Khu đô thị Garden City, Tiện ích đầy đủ. Giao thông kết nối Cổ Linh, Aeon Long Biên, Cầu Vĩnh Tuy, Thanh Trì.
- Sổ đỏ chính chủ, ko tranh chấp, quy hoạch.
Tặng Giấy Phép Xây Dựng 7 Tầng Thang Máy.
Giá: 7.35 Tỷ (có thương lượng)
Liên hệ: Mr Tùng để đi xem đất trực tiếp",198648648.64864865,7.35,small,5_10b
176027962,132341515,"Toà căn hộ dịch vụ Mỹ Đình oto đỗ gần 85m x 7 tầng, thang máy",20000000000,85.0,Quận Nam Từ Liêm,Phường Mỹ Đình 2,Hà Nội,Nhà ở,11.0,9 giờ trước,"Dự án: 
Thông tin chi tiết: 🏡Căn hộ dịch vụ 85m x 7 tầng, mới đẹp, mức giá cực hiếm trong khu vực. 
🚒Oto đỗ ngay cửa, khu vực có nhu cầu thuê cao
🏫Ngay gần các trường đại học lớn như: đại học quốc gia, đại học thương mại, đại học fpt, cao đẳng y tế . . .
📕Sổ đỏ vuông đẹp, pháp lý rõ ràng, sẵn sàng giao dịch

📱Ace quan tâm liên hệ e Hiền ***
vị trí đẹp – tầm tiền hiếm khu Mỹ Đình – xem sớm được giá tốt.",235294117.6470588,20.0,medium,over_10b
170563546,127633164,Cho Thuê Mặt Bằng Kinh Doanh Văn Phòng DT 80m² Nguyễn Khoái HBT Hà Nội,15000000,80.0,Quận Hai Bà Trưng,Phường Vĩnh Tuy,Hà Nội,"Văn phòng, Mặt bằng kinh doanh",3.0,9 giờ trước,"Chính chủ cho thuê sàn văn phòng tại Số 262 Nguyễn Khoái, Hai Bà Trưng, Hà Nội.

- Diện tích mỗi sàn văn phòng: 80m²/ sàn.
- Mặt tiền tòa nhà 6.5 mét & 2 mặt thoáng.
- Giá thuê hoàn toàn cởi mở để hai bên đàm phán. Chính sách đặc biệt ưu đãi dành cho các doanh nghiệp khởi nghiệp.

- Tiện ích: Tòa nhà mới xây hoàn thiện, thiết kế thông minh tiện nghi, trang bị thang bộ, thang máy, hầm để xe máy, nhà vệ sinh, đã hoàn thiện trần thả, hệ thống điều hòa, chiếu sáng, rèm cửa kính.
- Tòa nhà nằm trên trục đường giao thông chính thuận tiện, ô tô đỗ cửa, khu vực đảm bảo an ninh, đối diện Showroom ôtô KIA và cách dốc Minh Khai 20 mét.
- Tòa phù hợp với nhiều mục đích sử dụng: Kho hàng kết hợp văn phòng & kinh doanh online, văn phòng, gym, phòng khám, trung tâm giáo dục & đào tạo,...

Thông tin liên hệ chính chủ:
Hotline/Zalo BQL Tòa Nhà - Hotline BQL Tòa nhà",187500.0,0.015,medium,under_1b
174879938,131360525,💥 NHÀ ĐẸP ĐỊNH CÔNG – Ô TÔ ĐỖ CỬA – FULL CÔNG NĂNG 💥,12900000000,46.0,Quận Hoàng Mai,Phường Định Công,Hà Nội,Nhà ở,4.0,11 giờ trước,"Dự án: 
Thông tin chi tiết: 🌿 SỐNG CHILL TẠI ĐỊNH CÔNG – NHÀ ĐẸP Ô TÔ ĐỖ CỬA 🌿
Sáng đi bộ ra hồ – tối về xông hơi thư giãn – cuộc sống đáng mơ ước!
📍 Ngõ rộng ô tô đỗ cửa
📍 Gần hồ – gần khu đô thị
📍 Khu vực phát triển mạnh
✨ Nhà đẹp nổi bật:
– Dân xây chắc chắn
– Nội thất cao cấp
– 2 thoáng cực sáng
– Ở ngay không phải làm gì
🏡 Công năng đầy đủ cho gia đình đông người:
✔ 4 phòng ngủ
✔ Phòng khách rộng
✔ Bếp tiện nghi
✔ Phòng thờ riêng
✔ Sân phơi thoáng
📕 Sổ đỏ chính chủ – giao dịch ngay
📲 ***
Căn này hiếm – xem sớm còn!",280434782.6086956,12.9,small,over_10b
176054042,132364052,chính chủ nhờ bán lô đất đấu giá cự khối 2 mặt đường,18800000000,75.0,Quận Long Biên,Phường Cự Khối,Hà Nội,Đất,3.0,8 giờ trước,"Dự án: 
Thông tin chi tiết: Bán đất đấu giá cự khối ngay cạnh hồ điều hòa 30 ha đang khởi công 
+ Diện tích 74.4 m2 
+ Mặt tiền 5 mét 
+ Đường trước nhà 11 mét vỉ hè 2 bên 
+ Phía sau có đường 11 mét 
+ Vị trí siêu đẹp giá 18.8 tỷ
+ Liên hệ *** Em Huân ( chuyên bds long biên)",250666666.66666666,18.8,medium,over_10b
175385614,131790612,"bán nhà khương trung nguyễn trãi thanh xuân, ô tô, 4 tầng- 5 ngủ-sẵn ở",7900000000,39.0,Quận Thanh Xuân,Phường Khương Trung,Hà Nội,Nhà ở,5.0,13 giờ trước,"chủ thiện chí bán vì chuyênt công tác
ngõ rộng thoáng , gần ô tô tránh, gần đường 2,5 đang thi công, tương lai sáng lạng
 nhà tại phố khương trung , quận thanh xuân , trung tâm kết nối với ngã tư sở , nguyễn trãi , trường chinh , tây sơn , đường láng
gần nhiều trường học , mẫu giáo, cấp 1, cấp 2 , cấp 3 , nhà văn hóa , hồ điều hòa
thiết kế 4 tầng
tổng có 5 p ngủ , 4 wc , 1 bếp ăn , 1 p thờ , 1 sân phơi
nhà gần phố , giao thông thuận tiện
vị chí ổn định cam kết không quy hoạch
sổ đỏ đất vuông đẹp công
 chứng nhanh
giá thỏa thuận
ace phù hợp tiêu trí gọi ngay cho tôi đt zlo : 
***
để xem nhà
cảm ơn",202564102.56410256,7.9,small,5_10b
175975567,132296472,"BÁN NHÀ ĐẤT CHƯA CÓ SỔ .LÊ QUANG ĐẠO , NAM TỪ NIÊM HN",2650000000,41.0,Quận Nam Từ Liêm,Phường Phú Đô,Hà Nội,Nhà ở,3.0,13 giờ trước,"Dự án: 
Thông tin chi tiết: <BÁN NHÀ 2 TÂNG 41m2        -VỊ TRÍ ĐẮC ĐỊA .NHẤT NGÕ 56 .ĐƯỜNG LÊ QUANG ĐẠO MỸ ĐÌNH HÀ NỘI                    Chính chủ đất ở lâu dài , bệnh viện Hồng Ngọc & sân vân động quốc Gia ngay canh nhà       Đối diện cung văn Hoá Hữu ngị việt trung .                                           Phố ăn đêm ẩm thực đông đúc .                                                        ~đường lê quang đạo mỹ đình , ngõ rộng oto tránh nhau. Trước nhà có bãi xe oto . Oto đỗ cửa .                                    Nhà xây mới chắc chắn T1 có 1 phòng ngủ+ 1 phòng khách + 1 bếp & Wc điều hoà nóng lạnh đầy đủ.                                         - T2 có 2 phòng ngủ ful điện nước , điều hoà wc tiện lợi vể ở & hoạt động luôn Văn phòng công ty hoặc shop cửa hàng ..                                                     giá cúc tốt để anh chị em sách va ni về ở. Luôn Giá nhỉnh 2ty 650                                   
❤️🍷🍷💰💰💰
☎️📞 *** arung",64634146.34146342,2.65,small,1_3b
176032708,132345633,Nhà đẹp nguyên căn Nguyễn Văn Cừ - 2.5 tầng ô tô đỗ cửa,3500000000,25.0,Quận Long Biên,Phường Bồ Đề,Hà Nội,Nhà ở,3.0,9 giờ trước,"NHÀ ĐẸP NGUYỄN VĂN CỪ – LONG BIÊN 
Ô tô vào nhà – full nội thất – giá chỉ 3.x tỷ!
Địa chỉ: Nguyễn Văn Cừ, Long Biên, Hà Nội
Diện tích: 25m² x 2,5 tầng
Mặt tiền rộng 4m
Ô tô vào nhà
Ưu điểm nổi bật:
Full điều hoà, tủ lạnh và nội thất cơ bản – dọn về ở ngay
Trước nhà sân rộng, thoáng sáng
Đối diện nhà văn hoá, khu dân cư văn minh yên tĩnh
Vị trí đẹp, di chuyển sang phố cổ nhanh chóng
Cam kết:
Không quy hoạch
Pháp lý sạch 
Giá chỉ 3.x tỷ (thương lượng thiện chí)
Liên hệ xem nhà 24/7: ***
@nêu bật
#nhadep
#bdslongbien
",140000000.0,3.5,very_small,3_5b
176044578,132355874,"CHỈ 2 TỶ 686 – SỞ HỮU NGAY LÔ ĐẤT TRẠI HỒ, HOÀ LẠC 100M² – MT6",2686000000,100.0,Thị xã Sơn Tây,Xã Cổ Đông,Hà Nội,Đất,3.0,14 giờ trước,"CHỈ 2 TỶ 686 – SỞ HỮU NGAY LÔ ĐẤT TRẠI HỒ, HOÀ LẠC 100M² – MẶT TIỀN 6M – QUÁ HIẾM
Diện tích: 100m² – full thổ cư
Mặt tiền rộng 6m – vuông vắn, cực đẹp
Đường trước đất thoáng – ô tô vào tận nơi

📍 Vị trí vàng Trại Hồ – trung tâm phát triển Hoà Lạc
Cách Khu Công nghệ cao Hòa Lạc vài phút di chuyển
Gần Đại học FPT, Đại học Quốc gia Hà Nội

Kết nối nhanh Đại lộ Thăng Long – trục Hồ Tây Ba Vì
Xung quanh dân cư đông đúc, hàng quán, dịch vụ đầy đủ

💰 Giá chỉ: 2 tỷ 686 triệu (có thương lượng nhẹ)
👉 Phù hợp:
Xây nhà ở lâu dài – môi trường sống trong lành
Xây trọ, căn hộ mini – dòng tiền ổn định

Đầu tư giữ tiền – khu vực đang tăng trưởng mạnh
📞 Liên hệ ngay: *** – ***
",26860000.0,2.686,medium,1_3b
176006483,132323128,cần bán nhà,2550000000,70.0,Huyện Thanh Trì,Xã Tả Thanh Oai,Hà Nội,Nhà ở,2.0,9 giờ trước,"cần bán nhà ngõ ô tô vào nhà 70m,  liên hệ chính chủ ĐT:0379408299",36428571.428571425,2.55,medium,1_3b
176051726,132362040,"An Trạch, 39m chỉ hơn 6 tỷ, sát phố, nhà dân xây đẹp, full đồ",6850000000,39.0,Quận Đống Đa,Phường Cát Linh,Hà Nội,Nhà ở,4.0,10 giờ trước,"Dự án: 
Thông tin chi tiết: Trung tâm Đống Đa - sát phố - ngõ ba gác thông tứ phía - nhà dân xây mới đẹp - 2 thoáng - full đồ - ở ngay.
- Bán nhà An Trạch, 39m2 xây 5 tầng giá chỉ 6.85 tỷ có thương lượng.
- Vị trí trung tâm Đống Đa, sát phố, gần các tuyến phố lớn: Hào Nam, Cát Linh, Tôn Đức Thắng.. Giao thông di chuyển vô cùng thuận lợi.
- Gần ga Cát Linh, gần Văn Miếu, vài phút di chuyển lên Bờ Hồ Lăng Bác.
- Xung quanh trường chợ, bệnh viện. Tiện ích không thiếu thứ gì.
- Nhà xây mới, 5 tầng 4 ngủ đủ công năng, nhà 2 thoáng nên các phòng đều có ánh sáng tự nhiên.
- Sổ đỏ sẵn giao dịch.
- Liên hệ em Yến để xem nhà.",175641025.64102563,6.85,small,5_10b
176049296,132359997,"Nhà 7 tầng ngõ 10 Tôn thất tùng và 7 Thái Hà giá 2tr đến 4,8tr",2000000,16.0,Quận Đống Đa,Phường Khương Thượng,Hà Nội,Phòng trọ,3.0,11 giờ trước,"Cho thuê CCMN Ngõ 10 Tôn Thất Tùng và 7 Thái Hà . Cách ĐH ngân hàng, Thuỷ lợi, công đoàn 500-800m. 
✌️Phòng 2tr/th khép kín , giường. 
 ✌️Phong 2,5tr/th - 3tr/th -4,8tr/th khép kín Giường, tủ, điều hòa, nóng lạnh, kệ bếp nấu ăn. Cửa sổ thoáng phòng to ban công. 
( gọi trực tiếp vì ít khi online)",125000.0,0.002,very_small,under_1b
176051643,132362048,"Bán căn hộ Hà Thành 102 Thái Thịnh, 68m2.",6780000000,68.0,Quận Đống Đa,Phường Thịnh Quang,Hà Nội,Căn hộ/Chung cư,2.0,10 giờ trước,"Chủ nhà cần bán căn hộ 68m2 ở 102 Thái Thịnh, tòa nhà Hà Thành, P Đống Đa

Thiết kế 2 ngủ, 1 khách, 1WC, tầng trung

Vị trí trung tâm, tiện ích ăn uống mua sắm, sân chơi trẻ con, trường học, bệnh viện đẩy đủ

Để lại đèn điện điều hòa, sàn gỗ, sơn tường đã sửa lại

Pháp lý sổ hồng đầy đủ

Giá 6.78 tỉ",99705882.35294117,6.78,medium,5_10b
176018347,132333376,"Cần bán nhà ở 98 ngõ 7 Lê Trọng Tấn, Dương Nội, Hà Nội",7950000000,30.0,Quận Hà Đông,Phường Dương Nội,Hà Nội,Nhà ở,4.0,10 giờ trước,"Dự án: 
Thông tin chi tiết: Mình cần bán nhà gấp.  Chỉ tiếp khách mua thực ạ. 
nhà mình 30m2, 5 tầng, 
tầng 1 là khách và wc
Tầng 2 ,3 là 1 ngủ +wc
Tầng 4 là 1 ngủ, 1 kho +wc
Tầng 5 là bếp + sân phơi + wc
Khu vực nhà mình gần với đường sắt trên cao, xe bus, đường lớn, cạnh Park city.
Mình đang cần gấp nên rất mong tìm được người mua thực sự. Rất cảm ơn ạ.",265000000.0,7.95,very_small,5_10b
174061652,130662219,Chính chủ bán nhà Nguyễn Chính Tân Mai ngõ 250 Tân Mai,8900000000,35.0,Quận Hoàng Mai,Phường Tân Mai,Hà Nội,Nhà ở,3.0,12 giờ trước,"Chính chủ bán nhà xây mới Tân Mai ngõ thông phân lô, ô tô tải tránh cách nhà 35 mét.  

Diện tích xây 35 x 5 tầng mặt tiền 4.2 mét. 

Tặng toàn bộ nội thất sịn xò tâm huyết từng chút 1. 

Vị trí đẹp gần trường chợ các cấp bán kính chỉ 300 mét.  

Thiết kế 5 tầng 3 phòng ngủ master rộng ban công đầy đủ từng phòng 

Khu dân trí cao ngõ rộng 2 mét, sạch sẽ an ninh tốt. 

Sổ đỏ phân lô vuông đẹp sẵn sàng sang tên, cam kết không tranh chấp, không quy hoạch",254285714.2857143,8.9,small,5_10b
174645071,131161945,Bán nhà Bồ Đề( Ngọc Lâm) - gần cầu - gần ô tô - Long Biên Hà Nội,9300000000,30.0,Quận Long Biên,Phường Ngọc Lâm,Hà Nội,Nhà ở,3.0,8 giờ trước,"Bán nhà Ngọc Lâm -  sát cầu Chương Dương - 5ph sang phố cổ 
Diện tích: 30m2 x 6 tầng - 4pn
Giá: 9.3 tỷ
Nhà đẹp xây mới 
Vị trí ngay đầu cầu Chương Dương, gần ô tô, chỉ 5ph sang phố cổ.
Sổ đỏ vuông vắn, cất két giao dịch ngay
Liên hệ: Ms Lan",310000000.0,9.3,very_small,5_10b
175082402,131532650,BÙI NGỌC DƯƠNG - HAI BÀ TRƯNG 4 Tỷ 100 - SỔ ĐỎ RIÊNG,4100000000,12.0,Quận Hai Bà Trưng,Phường Bạch Mai,Hà Nội,Nhà ở,3.0,11 giờ trước,"Dự án: 
Thông tin chi tiết: BÙI NGỌC DƯƠNG - HAI BÀ TRƯNG
4 Tỷ 100 - SỔ ĐỎ RIÊNG 
- NHỎ TIỀN - HIẾM 
•• Nhà 5 tầng khung cột chắc chắn, đủ công năng
Lõi HBT - gần trường, chợ, bệnh viện, đi lại siêu tiện
Mr Kiên Akay - ***(DaLo)
Nhanh tay chốt kẻo mất căn đẹp!",341666666.6666667,4.1,very_small,3_5b
176051793,132362095,"CHO THUÊ NHÀ 3 TẦNG – BỒ ĐỀ, LONG BIÊN 4PN, FULL ĐỒ –LÔ GÓC, NGÕ ÔTÔ",20000000,95.0,Quận Long Biên,Phường Bồ Đề,Hà Nội,Nhà ở,4.0,10 giờ trước,"CHO THUÊ NHÀ 3 TẦNG – BỒ ĐỀ, LONG BIÊN – 4PN – GAZA ÔTÔ, FULL ĐỒ –LÔ GÓC, NGÕ ÔTÔ THÔNG –20M MẶT PHỐ HỒNG TIẾN, 20TR/THÁNG
* Cách mặt phố HỒNG TIẾN 20M,oto ngủ trong nhà , gần chợ, trường học,Hồ điều hòa,công viên.
* Diện tích sử dụng: 95m²,oto ngủ trong nhà
* Thiết kế: 3 tầng
+Tầng :1 khách bếp,vs+ 1 ngủ
+Tầng 2 : 2 ngủ,vs 
+Tầng 3: 1 ngủ,phòng thờ,sần phơi,
* Nội thất đầy đủ không thiếu gì khách chỉ việc về ở.
+ Điện nước giá dân. 
+ Kinh doanh mặt hàng sạch sẽ , nhà hàng, ngân hàng, văn phòng…..
+Đóng 6 cọc 1. HĐ lâu dài. 
+ Nhận nhà: ngay.
LH:***9",210526.31578947368,0.02,medium,under_1b
176049889,132362104,"Nhỉnh 4 tỷ 50m đường thông, trung tâm Kim Nỗ, gần cầuThăng Long",4200000000,50.0,Huyện Đông Anh,Xã Kim Chung,Hà Nội,Đất,3.0,10 giờ trước,"DT 50m mặt tiền lớn. Phù hợp khách mua ở, Khách mua giữ tiền càng tốt.
• Mảnh đất Vàng giữa giữa trung tâm Kim Nỗ ( nay là xã Thiên Lộc) 
Lô đất có ưu điểm: khuôn thửa rất đẹp, giá rẻ nhất khu vực. 
🌱 Diện tích 5m2, full thổ cư 
🌱Cách 100m ra Nhà Văn Hoá Khu Dân Cư 
100m ra Chợ Kim Nỗ vs trường học Thiên Lộc
5 phút Cầu Thăng Long , KCN Bắc Thăng Long
Tiềm năng tăng giá cao khi các dự án khu đô thị G19, Hateco Đông Anh đang được triển khai
☎️ Em làm trực tiếp chủ nhà không qua trung gian, Giá luôn ngon hơn các bên.",84000000.0,4.2,small,3_5b
174394422,130946937,"Bán 50m2 Đất Cổ Linh – Thạch Bàn, Đường Ô tô 7 Chỗ ra vào, Ngõ Thông.",8600000000,50.0,Quận Long Biên,Phường Thạch Bàn,Hà Nội,Đất,3.0,9 giờ trước,"Bán 50m2 Đất Cổ Linh – Thạch Bàn, Đường Ô tô 7 Chỗ ra vào, Ngõ Thông.
- Diện tích sổ đỏ 42.8m2, Diện tích thực tế 50m2, mặt tiền 3.7m.
- Đường trước đất rộng hơn 3m, xe ô tô 7 chỗ ra vào, ngõ thông. Cách 40m ra đường ô to tránh.
- Vị trí đất ngay trường học, chợ, khu đô thị. Khu dân cư văn mình
- Sổ đỏ chính chủ, ko tranh chấp, quy hoạch
- Giá: 8.65 Tỷ (có thương lượng)
Liên hệ: Mr Tùng để đi xem đất trực tiếp.",172000000.0,8.6,small,5_10b
174967804,131436409,CHÍNH CHỦ CHO THUÊ MẶT BẰNG KINH DOANH-DT 220m2 - TÂY HỒ - GIÁ RẺ,37000000,220.0,Quận Tây Hồ,Phường Xuân La,Hà Nội,"Văn phòng, Mặt bằng kinh doanh",3.0,10 giờ trước,"CHÍNH CHỦ CHO THUÊ MẶT BẰNG KINH DOANH-DT 220m2 tại Quận TÂY HỒ - GIÁ RẺ

- Tầng 1 toà đông chung cư học viện quốc phòng thuộc phường Xuân La, Quận Tây Hồ Hà Nội 
- Vị trí đắc địa giữa các tuyến đường Hoàng Quốc Việt - Nguyễn Văn Huyên 
(cách hoàng Quốc Việt 300m cách Nguyễn Văn Huyên 150mét)
Kí hiệu số căn : 106

- Tổng diện tích : 220m2 ( thông thuỷ )
- Nội thất cơ bản: 
+ Sàn lát gạch granite
+ Tường sơn bả màu trắng
+ Hệ thống điện 1pha-3pha,hệ thống ổ cắm,dây điện & Aptomat
+ Hệ thống lắp điều hòa
+ Hệ thống nước sạch,2 nhà vệ sinh 
- Thích hợp Cho mọi hình thức kinh doanh
- Cho thuê lâu dài 

- Giá cho thuê : 42 triệu/tháng ( Thương lượng nếu thiện chí )
Liên hệ chính chủ A Tuấn",168181.81818181818,0.037,large,under_1b
175309752,131725179,"CHÍNH CHỦ BÁN BIỆT THỰ VẠN PHÚC 6T THANG MÁY, FULL NỘI THẤT",24200000000,75.0,Quận Hà Đông,Phường Vạn Phúc,Hà Nội,"Văn phòng, Mặt bằng kinh doanh",3.0,5 giờ trước,"Chính chủ cần bán căn biệt thự liền kề hiện đại, sang trọng tại khu đô thị mới Vạn Phúc – Simco Sông Đà (bên cạnh Himlam), đường Tố Hữu, Hà Đông!
📞Liên hệ trực tiếp CHÍNH CHỦ (không qua môi giới)
💰Giá bán 23,9 tỷ (có thương lượng cho khách thiện chí)
Thông tin chi tiết:
Diện tích: 75m²
Kết cấu: 6 tầng
Mặt tiền: 5m rộng thoáng
Nhà full nội thất cao cấp, thiết kế hiện đại
Trang bị thang máy thương hiệu lớn, tải trọng cao
Đường vào rộng, 2 xe ô tô tránh nhau thoải mái
+ Pháp lý: Sẵn sổ đỏ chính chủ
+ Phong thủy đẹp: Hướng Đông Bắc (Hướng Doanh trại Quận đội_Không ảnh hưởng đối diện khu dân cư).
+ Khu dân trí cao, an ninh tốt, đầy đủ tiện nghi (liền kề khu đô thị Cục CSHS_BCA)
+ Thanh khoản tốt, tiềm năng tăng giá cao

💼 Công năng cực linh hoạt , tối ưu đầu tư:
Thiết kế phù hợp văn phòng – kinh doanh:
+ Làm trụ sở công ty, văn phòng đại diện
+ Mặt bằng kinh doanh đa ngành nghề
+ Có thể cải tạo tầng 5–6 làm khu vực ở riêng biệt, tiện vừa ở vừa làm việc
+ Dễ dàng cho thuê từng tầng làm văn phòng → tạo dòng tiền ổn định hàng tháng
🚗 Kết nối giao thông:
Trục Tố Hữu – Lê Văn Lương
Gần đường 70 (đường Vạn Phúc) đi Lê Quang Đạo, Mỹ Đình – Cầu Giấy
Trục kết nối các khu đô thị Himlam, FLC, Louis City, Geleximco, Vinhomes Smart City...
Thuận tiện ra Vành đai 3, 3.5, Đại lộ Thăng Long
📍 Tiện ích xung quanh:
Gần công viên: hồ Trung Văn, Thiên Văn Học, An Hưng
Gần trung tâm mua sắm: AEON Mall Hà Đông, Co.opmart Goldsilk
Gần Bệnh viện Đa khoa Hà Đông",322666666.6666667,24.2,medium,over_10b
176051806,132362108,"Lô đẹp mặt tiền rộng , vỉa hè - đường thoảng đỗ oto thoải mái",19123456789,79.5,Huyện Hoài Đức,Xã Sơn Đồng,Hà Nội,Nhà ở,5.0,10 giờ trước,"Dự án: 
Thông tin chi tiết: Căn vị trí đẹp nằm trong dự án Sơn Đồng Center , kích thước hợp lí để ở và kinh doanb , hạ tầng đã hiện hữu và tiềm năng. Giá còn thoả thuận khi khách thiện trí qua xem",240546626.27672955,19.123456789,medium,over_10b
174745209,131248006,Bán nhà Định Công Thượng – 38m2*4T– full nội thất – Ngõ nông - Gần Ôtô,8950000000,38.0,Quận Hoàng Mai,Phường Định Công,Hà Nội,Nhà ở,4.0,12 giờ trước,"Dự án: 
Thông tin chi tiết: Bán nhà Định Công Thượng – 36m2*4T– full nội thất – Ngõ nông - Gần Ôtô - Chỉ 8,85 tỷ

Mô tả: 
- Diện tích: 38m2, Mt: 4m
- Kết cấu: 4 tầng, thiết kế hiện đại, đủ công năng
- Nhà đẹp, đầy đủ nội thất, dọn vào ở luôn

Vị trí: Trung tâm phố Định Công Thượng, khu dân cư yên tĩnh, an ninh tốt, ngõ rộng thoáng
- Gần chợ, trường học, tiện ích đầy đủ gần nhà, ở thuận tiện.
- Giao thông kết nối gần ngay đường vành đai 2.5, Giải Phóng, Lê Trọng Tấn, Trường Chinh, Ngã Tư Sở..
📕 Sổ đỏ chính chủ, pháp lý rõ ràng

Giá bán: 8,95 tỷ (có thương lượng)
Xin Lh: Em Hạnh Vân xem nhà trực tiếp",235526315.78947368,8.95,small,5_10b
175657741,132024199,Đầy đủ nội thất cạnh Chợ Vân Canh giá Sinh Viên,2800000,18.0,Quận Nam Từ Liêm,Phường Xuân Phương,Hà Nội,Phòng trọ,3.0,12 giờ trước,"Dự án: 
Thông tin chi tiết: Ưu Đãi Độc Quyền! Nhận Phòng Hôm Nay - Lì Xì Ngay 686K! 🌟
Bạn đang tìm kiếm một không gian sống lý tưởng, tiện nghi và an toàn? Đừng bỏ lỡ cơ hội có một không hai này!
Chúng tôi mang đến những căn phòng full nội thất tại tòa nhà mới tinh ngay cổng chợ Vân Canh. Với mức giá chỉ từ 2.8 tr - 3.2 tr, bạn sẽ được trải nghiệm:
 * ⚡️ Lì xì cực khủng 686K khi nhận phòng ngay hôm nay!
 * 🛋️ Nội thất đầy đủ tiện nghi: Chỉ cần xách vali đến và ở!
 * ⬆️ Thang máy hiện đại: Di chuyển thuận tiện, nhanh chóng.
 * 🧯 Hệ thống PCCC đạt chuẩn: An toàn luôn là ưu tiên hàng đầu.
 * 🛵 Chỗ để xe rộng rãi: Không lo thiếu chỗ đậu xe.
 * 🧺 Sân phơi & máy giặt chung: Tiện lợi cho cuộc sống hàng ngày.
 * ✨ Không gian tòa nhà luôn sạch sẽ & an ninh: Đảm bảo sự riêng tư và yên tĩnh.
 * ⏰ Giờ giấc tự do, không chung chủ: Thoải mái như ở nhà mình.
 * 🤝 Quản lý thân thiện, hỗ trợ tận tình: Luôn sẵn lòng giúp đỡ mọi lúc.
Đặc biệt: Đây là cơ hội chính chủ cho thuê, không qua môi giới, giúp bạn tiết kiệm chi phí.
Số lượng có hạn! Liên hệ ngay để không bỏ lỡ: ☎️ Inbox ngay! 🎯🔥
#phongtrovancanh #phongtrotrinhvanbo #phongtrogiare #phongtrosinhvien",155555.55555555556,0.0028,very_small,under_1b
176006104,132323220,"em đang có mảnh gần trường đại học cần bán, giá chỉ 1 tỷ, đất có sổ.",1000000000,56.0,Thị xã Sơn Tây,Phường Xuân Khanh,Hà Nội,Đất,3.0,13 giờ trước,"Nhanh tay sở hữu lô đất thổ cư tại Đường Hữu Nghị, Phường Tùng Thiện, Hà Nội (địa chỉ cũ: Thị xã Sơn Tây, Hà Nội) với diện tích 56 m2, giá chỉ 1 tỷ VND. Lô đất này có đầy đủ pháp lý và nằm ở vị trí thuận tiện cho việc xây dựng nhà ở hoặc đầu tư.

+ Diện tích: 56 m2  
+ Giá: 1 tỷ VND  
+ Hướng cửa chính: Bắc  
+ Pháp lý: đầy đủ 
+ Cách trường đại học 500M, gần bến xe bus 74.

Lô đất có ngõ vào rộng rãi, phù hợp cho xe ô tô và có mặt tiền tốt cho việc kinh doanh. Pháp lý đầy đủ giúp đảm bảo quyền lợi cho người mua.

Địa điểm tiện ích xung quanh:
- Siêu thị Lan Chi Xuân Khanh chỉ cách vài phút đi bộ.
- Gần các trường học và khu dân cư sầm uất.

Liên hệ để biết thêm thông tin chi tiết qua số điện thoại ***, tên liên hệ: Tùng trần thanh.",17857142.85714286,1.0,small,under_1b
176016085,132331423,"bán đất liền kề Phố Hữu Nghị - Phường Tùng Thiện – Hà Nội 1.3 -1,8 tỷ",1500000000,55.0,Thị xã Sơn Tây,Phường Xuân Khanh,Hà Nội,Đất,3.0,13 giờ trước,"
Chính chủ bán đất liền kề Phân Lô Phố Hữu Nghị - Phường Tùng Thiện – Hà Nội 
Đất Hà Nội 1,3Tỉ - 2 tỉ / lô Đất Ở Tại Đô Thị ( em đang có 10 suất ngoại giao giá cực tốt cho nhà đầu tư. 
👉 Cổng Trường Đại Học Hà Nội - Bán kính : 300m Xung quanh Tiện ích 👇
🏬 Trường Mầm Non . C1 . C2 . C3 
🏬 Trường Đại Học Lao Động và Xã Hội
🏬 Trường Đại Học Công Nghiệp VIỆT - HUNG
🏥 Bệnh Viện Đa Khoa
🚘  Bến xe buýt chạy suốt ngày đêm
🏭 Tập Đoàn Viễn Thông Viettel M3
🏭 KCN xuân khanh Công Ty ViNa.kip
🏣 Chợ Trung Tâm 
🏪 Thế Giới Di Động 
🏨- Siêu Thị Lan Chi Max
🏩- Nhà thuốc LONG CHÂU
🍱 Quán Ăn sáng - Cafe - karaoke - Cầm đồ - cắt tóc gội đầu - trà sữa 
👉ĐẶC BIỆT gần VÀNH ĐAI 5 của thủ đô Hà Nội kết nối 
LH em ngay: ***  để được biết về thông tin và được tư vấn để x3 lần tài sản.
ĐỪNG BỎ LỠ",27272727.272727273,1.5,small,1_3b
176044751,132356015,Bán nhà phố Chùa Bộc- 5 tầng dân xây- cách phố 30m- DT 27m2- 8.25 tỷ,8250000000,27.0,Quận Đống Đa,Phường Trung Liệt,Hà Nội,Nhà ở,3.0,14 giờ trước,"Dự án: 
Thông tin chi tiết: 💥🔥‼️ PHỐ CHÙA BỘC- VIP CỦA VIP- PHÂN KHÚC HIẾM

🏠 Bán nhà Phố Chùa Bộc- 5 tầng dân xây- 2 thoáng trước sau- Ngõ thông thẳng ra mặt phố Tây Sơn- Nhà cách 2 mặt phố chỉ 30m- khu san sinh đỉnh- Tiện ích khỏi bàn.

📕 DT 27m2, MT 5m. Thiết kế 3 ngủ đủ công năng

💵 Giá chỉ: 8.25 tỷ có thương lượng

☎️ LH em Huy để xem nhà",305555555.5555556,8.25,very_small,5_10b
176001893,132319153,🏡 BÁN GẤP NHÀ TRƯƠNG ĐỊNH – 61M² – 4 TẦNG – 9.9 TỶ 💥,9900000000,61.0,Quận Hai Bà Trưng,Phường Bạch Mai,Hà Nội,Nhà ở,5.0,9 giờ trước,"🏡 BÁN GẤP NHÀ TRƯƠNG ĐỊNH – 61M² – 4 TẦNG – 9.9 TỶ 💥

📍 Vị trí đẹp, gần các trường ĐH Bách – Kinh – Xây, vài phút lên phố cổ, tiện ích ngập tràn.

✨ Nhà 4 tầng chắc chắn, đang cho thuê dòng tiền 25 triệu/tháng.

✔ Khu dân cư đông đúc
✔ Giao thông thuận tiện
✔ Phù hợp ở kết hợp đầu tư giữ tiền

💰 Giá bán: 9.9 tỷ (có thương lượng)

📞 Liên hệ chính chủ xem nhà ngay!",162295081.96721312,9.9,medium,5_10b
176009025,132325298,ĐẠI LA – LÔ GÓC  – FULL NỘI THẤT – 10M RA PHỐ | 42m2 | 15.2 TỶ,50000000,42.0,Quận Hoàng Mai,Phường Tương Mai,Hà Nội,Nhà ở,5.0,9 giờ trước,"NHÀ ĐẠI LA - TRUNG TÂM QUẬN HAI BÀ TRƯNG
✅ Nhà mới tinh khách chỉ việc xách vali về ở
✅ Lô góc cực thoáng – phòng nào cũng sáng tự nhiên
✅ Thang máy nhập khẩu vận hành êm ái
✅ Full nội thất cao cấp – thiết kế hiện đại
✅ Ngõ rộng thông thoáng – gần phố – đi lại thuận tiện
✅ Khu dân trí cao – an ninh cực tốt
✅ Gần ĐH Bách Khoa – Kinh Tế – Xây Dựng – BV Bạch Mai – Thanh Nhàn
✅ Phù hợp ở gia đình, cho thuê căn hộ, dòng tiền cực tốt
✅ Sổ đỏ vuông đẹp – pháp lý chuẩn – sang tên ngay
✅ Chủ thiện chí – hỗ trợ khách mua nhiệt tình

#Loanle
#NhàĐẹpHaiBàTrưng
#NhàMớiThangMáy
#NhàLôGóc
#NhàFullNộiThất
#NhàGầnBáchKhoa
#NhàĐầuTưDòngTiền
#NhàChoThuêCănHộ
#NhàTrungTâmHàNội
#NhàNgõThông
#Nhà6Tầng
#BánNhàChínhChủ
#NhàGầnBệnhViệnBạchMai
#NhàĐẹpGiáTốt
#MuaNhàHaiBàTrưng
#NhàỞNgay

☎️ Liên hệ xem nhà 24/7: ***
📞 Hỗ trợ pháp lý – vay ngân hàng – xem nhà miễn phí.
",1190476.1904761905,0.05,small,under_1b
175388204,131792819,"Bán Nhà Thạch Bàn - Long Biên, 47m x 5 Tầng Dân Xây, Đường Ô tô tránh,",12300000000,47.0,Quận Long Biên,Phường Thạch Bàn,Hà Nội,Nhà ở,4.0,9 giờ trước,"Dự án: 
Thông tin chi tiết: Bán Nhà Thạch Bàn - Long Biên, 47m x 5 Tầng Dân Xây, Đường Ô tô tránh, Kinh Doanh.
+ Vị trí trung tâm, gần Aeon Long Biên, trục vành đai vào
Nội đô hay đi tỉnh đều tiện.
+ Nhà 5 tầng thiết kế:
- Tầng 1: phòng khách, bếp, vệ sinh
- Tầng 2: phòng ngủ nhỏ
- Tầng 3: 2 phòng ngủ - vệ sinh ngoài
- Tầng 4: 2 phòng ngủ - vệ sinh ngoài
- Tầng 5: sân phơi - trước sau.
+ Sổ đỏ chính chủ, ko tranh chấp, quy hoạch
Giá nhỉnh 12 tỷ (có thương lượng)
Liên hệ: Mr Tùng để đi xem nhà trực tiếp và miễn phí",261702127.65957448,12.3,small,over_10b
175478798,131870642,Bán căn 67m View Hồ Đầm Hồng ở Tòa 183 Hoàng Văn Thái,6200000000,67.0,Quận Thanh Xuân,Phường Khương Trung,Hà Nội,Căn hộ/Chung cư,2.0,10 giờ trước,"Do chuyển chỗ ở mới nên Gia đình tôi cần chuyển nhượng lại căn hộ 2 ngủ 67m ở Tòa Hà Đô - 183 Hoàng Văn Thái
- Tầng đẹp
- View Đẹp
- Nội thất cơ bản.
- Sẵn giao dịch ngay",92537313.43283582,6.2,medium,5_10b
176044675,132356022,Chính chủ cần bán nhà,10900000000,33.0,Quận Đống Đa,Phường Văn Miếu,Hà Nội,Nhà ở,3.0,13 giờ trước,"Mình bán nhà chính chủ ở Ngõ Thổ Quan đi đường Trung phụng vào, từ nhà ra ô tô tránh 20m, ngõ trước mặt nhà 4m, nhà 5 tầng hoàn công, đủ công năng.

🩸Nhà xây khung cột, 5 tầng đẹp, đủ công năng.
🩸Sổ đỏ 33m, nhưng thực tế xây từ tầng 1 là 36m2 và tầng 2 đua ra là 39m2, nhà đã có hoàn công trên sổ.
🩸Thiết kế : 
  + Tầng 1: Phòng khách, bếp, wc.
  + Tầng 2,3,4: 01 phòng, wc.
  + Tầng 5: Phòng thờ và sân phơi.
🩸Ngõ trước nhà 4m, gần phố, vài bước chân ra mặt phố Trung Phụng, Xã Đàn….
🩸Sổ đỏ chính chủ, vuông
Chính chủ cần thương thảo để chốt bán
LH: ***
",330303030.3030303,10.9,small,over_10b
176051876,132362169,Bán CCMN Sau Royal City- Mới Đẹp Mặt Phố Full Nội Thất,1680000000,36.0,Quận Thanh Xuân,Phường Nhân Chính,Hà Nội,Căn hộ/Chung cư,1.0,10 giờ trước,"Dự án: 
Thông tin chi tiết: ❤️ Bán CCMN Mới tinh, siêu rẻ đẹp về ở luôn. Ô tô đỗ cửa, View Mặt Ngõ. Hàng xóm Royal City 

✅ Khu Vực Hồ Quan Nhân, Cự Lộc , Thanh Xuân, Gần nhiều trường đh,chợ và hồ điều hoà

✅ Dt 35m 1pn 1k 1b 1wc đầy đủ công năng

✅ Thang máy thẻ từ bảo vệ 24/24, an ninh tốt

✅ Cam kết tặng đồ đạc xịn như hình: điều hoà, bếp từ,bộ giường tủ decor...

✅ Nhà vuông vắn, chắc chắn thiết kế thông minh. An toàn Pccc đầy đủ

✅ Chuẩn Pháp Lý có sổ gốc cả toà, mua bán công chứng vi bằng

🤝 Giá Siêu rẻ 1,68 tỷ có thương lượng lấy may cho gia đình 

☎️ A/C qtam xin gọi Mr Công ***( zalo.mess,toktok...) để xem nhà #ccmnhanoi #chungcugiare #chungcuminihanoi #chungcuminihanoidep #banchungcuminihanoi",46666666.666666664,1.68,small,1_3b
176047133,132358077,Cho thuê nhà cấp 4 ,4200000,65.0,Quận Hà Đông,Phường Quang Trung,Hà Nội,Phòng trọ,3.0,13 giờ trước,Nhà cấp 4 gồm 2 phòng ngủ sân trước rộng sân sau có bếp,64615.38461538462,0.0042,medium,under_1b
174885317,131364803,Nhà đẹp Ngọc Thuỵ - 7 tầng thang máy - Gần phố,9600000000,33.0,Quận Long Biên,Phường Ngọc Thụy,Hà Nội,Nhà ở,3.0,9 giờ trước,"Dự án: 
Thông tin chi tiết: SIÊU PHẨM 7 TẦNG THANG MÁY - FULL NỘI THẤT CAO CẤP. 

Diện tích:  33 m2 x 7 tầng
Giá: 9.6 tỷ 

+ Vị trí cách chưa đến 50m là ra mặt phố Ngọc Thuỵ, nhà rất gần Phố.
Bán kính 500m là trường học, chợ dân sinh, công viên, khu đô thị mới Khai Sơn, hưởng mọi tiện ích.

+ Nhà xây 7 tầng thang máy mới kính coong, cực đẹp.
Thiết kế:
Tầng 1: Phòng để xe.
Tầng 2,3,4: Mỗi tầng 1 phòng ngủ Master.
Tầng 5: Phòng khách và bếp siêu đẹp.
Tầng 6: Phòng thờ.
Tầng 7: Sân BBQ.

+ Sổ đỏ chính chủ, pháp lý chuẩn, chủ cực thiện chí bán.
Liên hệ: em Lan",290909090.90909094,9.6,small,5_10b
138677501,100433859,Căn hộ Studio 38m2 đầy đủ nội thất số 30 Phố Hạ Yên Quyết Trung Kính,6500000,35.0,Quận Cầu Giấy,Phường Yên Hoà,Hà Nội,Căn hộ/Chung cư,1.0,13 giờ trước,"Căn hộ dịch vụ cho thuê dài ngày và ngắn ngày tại số 30 Phố Hạ Yên Quyết, Phường Yên Hoà, Cầu Giấy vào ở được luôn.
 - Nhà nằm cách mặt đường phố Hạ Yên 10m, đường vào rộng, 2 tô con tránh nhau, gần ngã tư Trung Kính Và Phố Hạ Yên. Vị tri rất thuận tiện cho việc đi lại, sinh hoạt, vui chơi, giải trí. Trung tâm thương mại ngay sát, ngay sau Keangnam... Các phòng được thiết kế hết sức hợp lý:
 - Căn hộ rộng được lát sàn gỗ, thiết kế thông thoáng có cửa sổ rộng, ban công phơi đồ riêng biệt. + Gồm 1 phòng ngủ, khách và bếp.
 - Mỗi phòng được trang bị điều hòa 2 chiều, tivi giường, tủ quần áo, bộ bàn ghế sofa, cửa sổ có rèm cản nắng cực đẹp, trần thạch cao, đèn ngủ đủ cả, bàn bếp xịn, bàn ăn,hút mùi, bồn rửa bát xịn, sàn gỗ cao cấp.  
-khu bếp có bàn bếp, tủ bếp, bếp từ đôi, tủ lạnh, hút mùi, đầy đủ ánh sáng, gió và không khí vào phòng.
 - Nhà vệ sinh có thiết bị vệ sinh Inax cao cấp, bình nóng lạnh, ốp lát gạch Prime sang trọng hiện đại.
  - Tòa nhà trang bị thang máy cao cấp, máy giặt, truyền hình cáp, mỗi căn hộ được cấp thẻ từ thang máy riêng.  
- Tòa nhà có bảo vệ 24/24 nên an ninh cực ổn, ra vào thoải mái, nhà để xe rộng rãi gần 300m2.
 - Giá  6.500.000-7.000.000 đ/ tháng. DT Các phòng 30m2. 
- Gía thuê theo ngày 400.000 đ/ ngày.( tuần dọn phòng 2 lần thay chăn ga )
+ Địa chỉ: Số nhà 30 ngõ 32  phố Hạ Yên Quyết, phường Yên Hoà, Cầu Giấy, HN.",185714.2857142857,0.0065,small,under_1b
174993378,131456967,"CẦN BÁN GẤP LIỀN KỀ MẶT TIỀN 7,5M",26500000000,90.0,Huyện Gia Lâm,Xã Đặng Xá,Hà Nội,"Văn phòng, Mặt bằng kinh doanh",3.0,13 giờ trước,mình cần bán gấp căn liền kề khu đô thị Vinhomes đặng xá gia Lâm Hà Nội căn sao biển 7-05 .dân cư đông đúc văn minh. ai có nhu cầu liên hệ chính chủ,294444444.4444444,26.5,medium,over_10b
174497154,131035111,"Đất Thổ cư SĐCC 34.8m2 Đồng Mai, Phường Yên Nghĩa, Hà Nội",3250000000,34.7999,Quận Hà Đông,Phường Đồng Mai,Hà Nội,Đất,3.0,4 giờ trước,"Đất Thổ cư SĐCC 34.8m2 Đồng Mai, Phường Yên Nghĩa, Hà Nội.

Nhà mình có mảnh thổ cư chính chủ muốn bán.
Diện tích 34.8m2 vuông vắn nở hậu tại ngõ Cống Đá, Đồng Mai.
Đất trong khu dân cư có sẵn đông và rất thoáng, sổ đã có từ 2021.

Nay cần bán để dùng làm kinh doanh.
Hiện khu Đồng Mai khá gần các trung tâm, bến xe và cách đường đê Yên Nghĩa mở rộng có 200m nên rất thuận tiện.
Giá hợp lý với các gia đình trẻ để ở và sinh sống lâu dài.",93391072.96285334,3.25,small,3_5b
176051894,132362227,CHO THUÊ PHÒNG ĐƯỜNG DƯƠNG QUẢNG HÀM,3500000,40.0,Quận Cầu Giấy,Phường Quan Hoa,Hà Nội,Phòng trọ,3.0,10 giờ trước,"Nhà mình toàn người ở lâu cùng gia đình, nay mới có bạn lấy chồng nên chuyển đi, hiện còn 1 phòng trống muốn cho một hoặc 2 người ở. 
Cấu trúc nhà mình gồm 4 tầng, tầng 1 là nhà để xe chung và bếp, cho thuê các tầng trên, không ở với chủ, tự cầm chìa khóa. Phòng cho thuê ở tầng 4, diện tích sử dụng là 40m2, gồm phòng ở 30m2, còn lại là công trình phụ riêng biệt và sân phơi rất sạch sẽ, thoáng đãng và tiện lợi. Có wifi, nóng lạnh đầy đủ. Khu nhà mình rất tiện chợ búa, bệnh viện, trường học, các khu công cộng, an ninh tốt. Giá thuê là 3,5 triệu/tháng; điện và nước có công tơ riêng và chia đều đầu người, tính theo giá nhà nước. Nhà mình cho thuê chính chủ, không qua trung gian.",87500.0,0.0035,small,under_1b
176037738,132349941,Cho thuê văn phòng tại Láng Hạ 200m2 40t vị trí cực đẹp,40000000,200.0,Quận Đống Đa,Phường Láng Hạ,Hà Nội,"Văn phòng, Mặt bằng kinh doanh",3.0,11 giờ trước,"Dự án: 
Thông tin chi tiết: 🔥NÓNG NHẤT LÚC NÀY KHÔNG PHẢI HÀ NỘI🔥 Mà em đang có văn phòng siêu đẹp Đống Đa  - Hà Nội

👉Diện tích: 200m2

👉Giá thuê: 40t /tháng

👉Bàn giao đầy đủ trần, sàn, điều hoà, rèm, PCCC,...

👉Ô góc view 2 kính rất đẹp

👉Free ngoài giờ, chỗ để ô tô thoải mái

⚡️Liên hệ ngay em Tiến để được tư vấn và hỗ trợ ***

☎️Hotline: ***

💎Chúc anh chị chốt được sàn văn phòng ưng ý",200000.0,0.04,large,under_1b
175772819,132122620,❗TRẦN THÁI TÔNG – SÀN VP 186m² | BUILDING ĐẦY ĐỦ PCCC,35000000,186.0,Quận Cầu Giấy,Phường Dịch Vọng Hậu,Hà Nội,"Văn phòng, Mặt bằng kinh doanh",3.0,38 phút trước,"❗TRẦN THÁI TÔNG – SÀN VP 186m² | BUILDING ĐẦY ĐỦ PCCC

📍 Dịch Vọng Hậu – lõi văn phòng Cầu Giấy, tuyển dụng & tiếp cận khách hàng cực dễ

• Diện tích: ~186m²/sàn
• Mặt tiền: 11m
• Giá thuê: từ 3x triệu/sàn
• Tòa nhà: 7 tầng + 1 hầm, thông sàn, 2 thang máy, PCCC chuẩn

• Phương án thuê:
– T1–2: MBKD
– T3–7: Văn phòng
→ Thuê lẻ hoặc cả tòa

✔️ Phù hợp: Công nghệ, tài chính, đào tạo, thẩm mỹ, showroom

👉 Không hợp: Mô hình nhỏ, ít nhân sự

💬 Comment “TTT” + quy mô (ví dụ: 30–50 người) để nhận layout & đặt lịch xem
📞 Call/Zalo: ***",188172.04301075268,0.035,large,under_1b
176063172,132371799,"CHUNG CƯ HOÀNG MAI – 80M² – 2 NGỦ 2 VS – CHỈ 5,3 TỶ",5300000000,80.0,Quận Hoàng Mai,Phường Tương Mai,Hà Nội,Căn hộ/Chung cư,2.0,26 phút trước,"Dự án: 
Thông tin chi tiết: CHUNG CƯ HOÀNG MAI – 80M² – 2 NGỦ 2 VS – CHỈ 5,3 TỶ

Diện tích 80m² thiết kế 2 phòng ngủ, 2 vệ sinh rộng rãi, tối ưu công năng sử dụng.
Căn hộ nằm tại vị trí trung tâm quận Hoàng Mai, giao thông thuận tiện, đầy đủ tiện ích sống như trường học, chợ, siêu thị, trung tâm thương mại.

Sổ đỏ chính chủ, sang tên nhanh gọn.

Giá chỉ 5,3 tỷ.

Liên hệ *** xem nhà trực tiếp.",66250000.0,5.3,medium,5_10b
176063252,132371863,Cho thuê mặt bằng kinh doanh,12000000,80.0,Huyện Chương Mỹ,Thị trấn Chúc Sơn,Hà Nội,"Văn phòng, Mặt bằng kinh doanh",3.0,14 phút trước,"🔥 CHO THUÊ MẶT BẰNG KINH DOANH – VỊ TRÍ ĐẸP, TRUNG TÂM, NHẬN DIỆN CAO 🔥

📍 Mặt bằng nằm trên trục đường lớn, khu vực đông dân cư, giao thông qua lại nhộn nhịp, cực kỳ phù hợp để xây dựng thương hiệu.

💼 ƯU TIÊN:
✔ Ngân hàng
✔ Showroom, thương hiệu lớn (thời trang, mỹ phẩm, điện máy,…)
✔ Văn phòng giao dịch, chuỗi cửa hàng chuyên nghiệp

🚫 KHÔNG cho thuê kinh doanh hàng ăn / quán nhậu

✨ Ưu điểm nổi bật:

Mặt tiền rộng, dễ nhận diện thương hiệu
Khu vực xung quanh nhiều cửa hàng, hoạt động kinh doanh sầm uất
Không gian vuông vức, dễ setup theo nhu cầu
Phù hợp làm showroom, văn phòng, cửa hàng flagship

📸 Hình ảnh thực tế bên dưới – xem là thấy tiềm năng ngay!

💰 Giá thuê: Thỏa thuận trực tiếp (ưu tiên khách thuê lâu dài, ổn định)

📞 Liên hệ ngay: *** hoặc ***",150000.0,0.012,medium,under_1b
175911565,132241233,"Bán CC Mini Mặt Phố Đội Cấn Ba Đình, Rất Mới Thoáng Đẹp. Giá Rẻ",1790000000,35.0,Quận Ba Đình,Phường Đội Cấn,Hà Nội,Căn hộ/Chung cư,1.0,21 phút trước,"Dự án: 
Thông tin chi tiết: ❤️Chính Chủ gửi Bán CCMN Mới,Thoáng, Rất Đẹp gần Mặt Phố . Khu phố Văn Minh, Lịch Sự

✅ Khu Vực Đội Cấn, Giang Văn Minh. Trung tâm kinh tế giao thương sầm Uất

✅ Dt 35m 1n1wc 1ban công .mặt phố Đội Cấn mấy bước chân Ô Tô đỗ. Toà mới đẹp

✅ Cam kết tặng full đồ như hình cho gia đình

✅ Thang máy, bảo vệ đầy đủ. Dịch vụ rẻ. Điện nước giá dân, An toàn Pccc đạt chuẩn

✅ Có Sổ Gốc cả toà. Lên Công Ty ký Hđ Mua Bán trực tiếp với Chủ Đầu Tư

🤝 Giá rẻ 1,7x tỷ có tl thiện chí cho gia đình

☎️Lh *** (zalo, mess,tiktok..) lấy vd và e tư vấn miễn phí 24/24 #ccmnhanoi #chungcugiare #chungcuminihanoi #chungcuminihanoidep #banchungcuminihanoi",51142857.14285714,1.79,small,1_3b
