ad_id,list_id,title,price,area,district,ward,city,property_type,rooms,date,body,price_per_m2,price_billion,listing_type,area_group,price_group
176062899,132371587,"CHO THUÊ MẶT BẰNG, SÀN VP",25000000,75.0,Quận Bắc Từ Liêm,Phường Đông Ngạc,Hà Nội,"Văn phòng, Mặt bằng kinh doanh",3.0,3 phút trước,"Dự án: 
Thông tin chi tiết: Cho thuê mặt bằng mặt phố, phù hợp tất cả mọi loại hình kinh doanh, quán ăn, bi-a, quán nét,.....liên hệ chính chủ để được giá ***. 2 nhà liền kề nhau 1 bên 70M2 2 bên 140m2. 2 sàn 280m2 có thể thuê 2 mặt bằng + thêm sàn lên trên",333333.3333333333,0.025,rent,medium,under_1b
176036459,132348939,cho thuê nhà khép kín ngõ Văn Hương,3500000,15.0,Quận Đống Đa,Phường Hàng Bột,Hà Nội,Nhà ở,2.0,2 giờ trước,"Chính chủ cần cho thuê nhà trong ngõ Văn Hương,nhà khép kín có bếp và nvs riêng.Điện nước theo công tơ nhà nước",233333.33333333334,0.0035,rent,very_small,under_1b
171270924,128251408,Chính chủ cho thuê Chung cư mini mỹ đình - giá chỉ 3.5tr,3800000,25.0,Quận Nam Từ Liêm,Phường Phú Đô,Hà Nội,Phòng trọ,3.0,25 phút trước,"- Chính chủ cho thuê phòng tại Mỹ Đình, phòng có diện tích 25m2 đã trang bị đầy đủ trang thiết bị: điều hòa, nóng lạnh, tủ lạnh, bếp nấu, hút mùi.....
- Phòng nào cũng có ban công, cửa sổ siêu thoáng.
- Phòng ở gần ngay sân vận động Mỹ Đình, ngõ trước nhà ô tô đỗ cửa ra vào thoải mái.
- Giá phòng cho thuê hợp lý, nhiều ưu đãi cho khách thuê.",152000.0,0.0038,rent,very_small,under_1b
175945999,132270869,Cho thuê nhà 4 tầng ngõ phố Lê Gia Định,7500000,18.0,Quận Hai Bà Trưng,Phường Đồng Nhân,Hà Nội,Nhà ở,2.0,4 phút trước,"Nhà 4 tầng, 2 ngủ 2 vệ sinh.
Nhà ngõ yên tĩnh, dân cư xung quoanh văn hoá.
Gần chợ, trường học, bệnh viện, hồ,…
Nhà mới sửa sạch sẽ, đủ đồ dùng chỉ việc vào ở. Bếp từ, bình nóng lạnh, tủ lạnh, điều hoà, tủ, đệm…
Phù hợp gia đình con nhỏ.
",416666.6666666667,0.0075,rent,very_small,under_1b
176062097,132370965,"Cho thuê nhà Ngọc Thuỵ, nhà mới,40m, 5 tầng, full nội thất ,ô tô đỗ",10500000,45.0,Quận Long Biên,Phường Ngọc Thụy,Hà Nội,Nhà ở,3.0,1 giờ trước,"Cho thuê nguyên căn Ngọc Thụy- 5 tầng 3 ngủ khép kín- 40m2- 10.5 tr/thg
📌 Vị trí: gần trường học, chợ, khu vực yên tĩnh, dân trí cao
​🏠 Thiết kế: 40m2 xây 5 tầng
- Tầng 1: phòng khách+ bếp 
- Tầng 2,3,4: mỗi tầng 1 ngủ khép kín.
- Tầng 5: sân phơi.
​✅ Nội thất: điều hoà,nóng lạnh, giường, tủ quần áo, máy giặt,....
​💰 Giá thuê: 10.5tr/thg.
LH ngay để xem nhà trực tiếp!",233333.33333333334,0.0105,rent,small,under_1b
175920177,132248734,CHO THUÊ MẶT BẰNG KINH DOANH,115500000,200.0,Quận Cầu Giấy,Phường Yên Hoà,Hà Nội,"Văn phòng, Mặt bằng kinh doanh",3.0,2 giờ trước,"📢 Siêu Thị C-Market cho thuê mặt bằng kinh doanh ✨️✨️✨️
👉 Vị trí ngay tầng 1 tòa chung cư , có chỗ đậu xe ngay trước cửa rất thuận tiện
👉 Trang thiết bị đồ dùng đầy đủ vào có thể sử dụng ngay
👉 Có thể chế biến các món Việt,Trung ,Hàn Quốc
👉 Có thể làm đồ uống lạnh, gà rán, hamberger
👉 Nấu bữa sáng, trưa ,tối đều được
👉 Các món lẩu , đồ nướng vẫn ok
👉 Giá cả có thể thương lượng lúc gặp trực tiếp
Quan tâm mời liên hệ : ***",577500.0,0.1155,rent,large,under_1b
175766298,132117023,Cho thuê nhà ở Thành Công (ưu tiên hộ gia đình).,7000000,50.0,Quận Ba Đình,Phường Thành Công,Hà Nội,Nhà ở,1.0,2 giờ trước,"Dự án: 
Thông tin chi tiết: Nơi ở 
+ Gần trường mầm non, cấp 1, cấp 2, chợ
+Gần bệnh viện
+Có chỗ để ô tô,xe máy ở xung quanh
+Có thể xem nhà bất cứ lúc nào
-Liên hệ chính chủ không qua môi giới
Sdt:***",140000.0,0.007,rent,small,under_1b
176061958,132370854,"cho thuê văn phòng phố Xã Đàn 2,Đống Đa,hà nội,dtsd 55m2,thông sàn,",8500000,55.0,Quận Đống Đa,Phường Trung Phụng,Hà Nội,"Văn phòng, Mặt bằng kinh doanh",3.0,1 giờ trước,"cho thuê văn phòng phố Xã Đàn 2,Đống Đa,hà nội,dtsd 55m2,thông sàn,giá 8,5tr/tháng 
-Tòa nhà dt 100m x 9 tầng, có thang máy, có hầm để xe , đèn điện điều hòa âm trần, trần thạch cao, cửa kính, bảo vệ 24/24, pccc, thiết bị chiếu sáng đầy đủ, vệ sinh khép kín ,
-còn trống tầng 5,view ngoài ,diện tích 55m2/sàn,thông sàn,giá 8,5tr/tháng (chưa vat và bao phí dịch vụ) 
-Đường  ô tô đỗ cửa ,Khu vực yên tĩnh, an ninh tốt thuận tiện lam văn phong, công nghệ, du lịch, 
-miễn phí dịch vụ: điện hành lang, bảo trì thang máy, bảo vệ , trông xe
-giờ làm việc  8h – 22h tối hằng ngày kể cả chủ nhật 
-được treo biển công ty 
-miễn phí làm thêm giờ 
",154545.45454545456,0.0085,rent,small,under_1b
176061946,132370855,"CHo thuê nhà Nguyễn Văn Linh, 50m, ô tô đỗ cửa, full đồ, 4,5tr/tháng",4500000,50.0,Quận Long Biên,Phường Thạch Bàn,Hà Nội,Nhà ở,2.0,1 giờ trước,"CHO THUÊ NHÀ NGUYEN CĂN PHỐ NGUYỄN VĂN LINH - THẠCH BÀN - Ô TÔ LÙI CỬA - NỘI THẤT CƠ BẢN - Ở HỘ GIA ĐÌNH - GẦN CHỢ ĐỒNG DINH!
+ Vị trí: gần chợ Đồng Dinh, ô tô lùi cửa. 
+ Tổng DT 50m2, có gác xép
+ Nội thất: điều hoà, nóng lạnh, giường, tủ...
+ Điện nước giá dân
+ Giá 4.5 triệu /tháng . Hình thức thanh toán: cọc 1 đóng 3. HĐ trên 1 năm. 
LH ngay để xem nhà trực tiếp!",90000.0,0.0045,rent,small,under_1b
176060616,132369705,"Cho thuê nhà Phố Trạm, Long Biên, 43m x5 tầng, full đồ,ở ngay, ô tô đỗ",11000000,43.0,Quận Long Biên,Phường Long Biên,Hà Nội,Nhà ở,3.0,3 giờ trước,"
🌹CHO THUÊ NHÀ NGUYÊN CĂN PHỐ TRẠM - LONG BIÊN - Ô TÔ ĐỖ CỬA - LÀM VĂN PHÒNG , Ở HỘ GIA ĐÌNH - 3PN - NỘI THẤT CƠ BẢN - 200M ĐẾN AEON MALL LONG BIÊN !
+ Diện tích 43m, Nhà 5 tầng: 
Tầng 1 : PK, bếp, WC
Tầng 2,3,4: mỗi tầng 1PN, WC 
Tầng 5: Phòng thờ , sân phơi. 
+ Nội thất : 2 điều hoà, 3 nóng lạnh, 2 bộ giường tủ, sofa, bếp từ, tủ bếp. 
+ Đóng 3 cọc 1 . HĐ trên 1 năm. 
+ Nhận nhà ngay.
LH: *** để xem nhà trực tiếp ",255813.9534883721,0.011,rent,small,under_1b
175968673,132290556,Cho thuê 1 khách 1 ngủ,5700000,42.0,Quận Nam Từ Liêm,Phường Đại Mỗ,Hà Nội,Phòng trọ,3.0,2 giờ trước,"Cho thuê phòng 1 khách 1 ngủ
Diện tích 42m. Nhà vừa hoàn thiện mới 100%
Mỗi tầng chỉ có 1 phòng. Có thang máy. Yên tĩnh
Free nửa tháng tiền nhà nếu ở tháng 5
Truyền hình fpt miễn phí
Camera, cửa vân tay an toàn, không chung chủ.
Phù hợp với hộ gia đình hoặc nhóm bạn từ 2-3 người, người bán hàng online.
Cách chợ dân sinh 100m. Gần trường học, siêu thị tạp hoá.
Gần các trục đường Tố Hữu, Trung Văn, Đại Lộ Thăng Long
Nhà trong ngách 40/12 phố Ngọc Trục, Đại Mỗ
Giá 5tr7
Liên hệ xem phòng: ***
Zalo: ***",135714.2857142857,0.0057,rent,small,under_1b
176062139,132370995,"Cho thuê mặt bằng kinh doanh phố Chu Huy Mân, có vỉa hè. Giá 5tr",5000000,25.0,Quận Long Biên,Phường Việt Hưng,Hà Nội,"Văn phòng, Mặt bằng kinh doanh",3.0,1 giờ trước,"CHO THUÊ MẶT BẰNG BÁN NƯỚC, HOA QUẢ, CHU HUY MÂN, PHÚC ĐỒNG
• Vị trí gần ngày trường học nghề và du học sinh
• Diện tích : 25m2 + Sử dụng trước cửa vỉa hè rộng 25m2 
• Giá : 5 triệu/ tháng
• Nếu khách có nhu cầu thuê ở phía trong 1 phòng ngủ nữa giá cả mặt bằng là 6 triệu
• Phù hợp : Bán nước hoa quả, trà chanh, đồ ăn vặt
Liên hệ ngay để xem nhà trực tiếp!",200000.0,0.005,rent,very_small,under_1b
176060707,132369724,o thuê nhà  Nguyên căn 5 Tầng - Phú Lãm - Hà Đông ( gần trường đại Học,8000000,32.0,Quận Hà Đông,Phường Phú Lãm,Hà Nội,Nhà ở,3.0,3 giờ trước,"Dự án: 
Thông tin chi tiết: Cthuê nhà  Nguyên căn 5 Tầng - Phú Lãm - Hà Đông ( gần trường đại Học Đại Nam . Đại học Điện Lực . Phố xốm .., ) 
Diện Tích : 33m2 x 5 Tầng 
     MÔ TẢ 
- Tầng 1: Thông sang + Bếp +wc
- Tầng 2 :  1 ngủ >1VS 
- Tầng 3 : 1 ngủ + wc
- Tầng 4 : 1ngủ + wc 
- Tầng 5 : phòng thờ + sân phơi 
 Nội thất có: Điều hòa , NL , giường , tủ , rèm cửa ...
Phù hợp kinh doanh online,  ở hộ gia đình  ... 
 giá cho thuê 8tr/ tháng
                  Thanh toán 3 cọc 1 
LH : ***",250000.0,0.008,rent,small,under_1b
176061033,132370245,"Cho thuê chung cư Học Viên Hậu Cần,Ngọc Thuỵ,84m,2pn,full nội thất mới",9000000,84.0,Quận Long Biên,Phường Ngọc Thụy,Hà Nội,Căn hộ/Chung cư,2.0,2 giờ trước,"🌹 CHO THUÊ CHUNG CƯ TẠI CHUNG CƯ HỌC VIỆN HẬU CẦN -  NGỌC THUỴ - 2PN, 2WC - NỘI THẤT ĐẦY ĐỦ - GẦN KHAI SƠN CITY, CẦU ĐÔNG TRÙ, CÔNG VIÊN KHAI SƠN!
+ Diện tích 84m.
Thiết kế : 2 phòng ngủ, 2WC. 
+ Nội thất: 2 điều hoà, 2 nóng lạnh, 2 bộ giường tủ, bàn ghế,Tủ bếp, bếp từ, hút mùi, tủ lạnh, máy giặt. 
+Giá: 9triệu/tháng. Đóng 3 cọc 1. HĐ lâu dài. 
+ Nhà mới xây sạch sẽ thoáng mát đón sáng tốt, không gian sống xanh yên tĩnh khu vực an ninh tốt.
+ Ngày nhận nhà: ngay. 
LH ngay để xem nhà trực tiếp",107142.85714285714,0.009,rent,medium,under_1b
175007477,131472200,Mời thuê nhà nguyên căn ngõ 189 đường hoàng hoa thám,14000000,36.0,Quận Ba Đình,Phường Ngọc Hà,Hà Nội,Nhà ở,3.0,1 giờ trước,"Dự án: 
Thông tin chi tiết: Mời thuê nhà nguyên căn Hoàng Hoa Thám

Gia đình cần cho thuê căn nhà 3 tầng, diện tích sàn 36m, Nhà có 3 phòng ngủ, 2 vệ sinh đầy đủ thiết bị: 3 điều hoà, máy giặt, nóng lạnh. Trước nhà có sân chung để xe máy. Ưu điểm lớn nhất là nhà rất thoáng, cả trước mặt và sườn một bên nhà thoáng đãng. Địa chỉ nhà ở ngõ 189 đường Hoàng Hoa Thám, phường Ngọc Hà. Liên hệ: chị Thanh",388888.8888888889,0.014,rent,small,under_1b
176060838,132369865,"Cho thuê chung cư Ecohome Phúc Lợi, 70m, 2pn, tầng đẹp, full đồ ở ngay",7500000,70.0,Quận Long Biên,Phường Phúc Lợi,Hà Nội,Căn hộ/Chung cư,2.0,3 giờ trước,"CHO THUÊ CHUNG CƯ ECOHOME - PHÚC LỢI - 2PN , 2WC- FULL NỘI THẤT - TIỆN ÍCH NỘI KHU - CÓ SLOT Ô TÔ - GẦN BIG C LONG BIÊN , VINHOMES RIVERSIDE !
+ TK : 2PN , 1PK , 2WC , 2 logia. 
 + Nội thất : 3 điều hoà, Máy giặt , tivi  , tủ lạnh, bếp từ, máy hút mùi, 2 nóng lạnh , sofa , bàn ăn, giường, tủ quần áo, bàn trang điểm, sofa, tủ bếp, tủ giầy… 
HĐ trên 1 năm. 
+ Ưu tiên hộ  GĐ.
Lh ngay để xem nhà trực tiếp",107142.85714285714,0.0075,rent,medium,under_1b
176062017,132370904,"Cho thuê nhà Giang Biên, ô tô đỗ, vỉa hè, nhà mới, full đồ, kinh doanh",13000000,40.0,Quận Long Biên,Phường Giang Biên,Hà Nội,Nhà ở,4.0,1 giờ trước,"CHO THUÊ NHÀ NGUYÊN CĂN PHỐ PHẠM KHẮC QUẢNG - Ô TÔ ĐỖ CỬA - VỈA HÈ - 4PN - NỘI THẤT CƠ BẢN- Ở HỘ GIA ĐÌNH, VĂN PHÒNG, KINH DOANH - GẦN TRƯỜNG THCS CHU VĂN AN, TRƯỜNG, CHỢ!
+ Vị trí: Ô tô đỗ cửa, gần trường học (Giang Biên, Chu Văn An), UBND phường, trạm y tế, công viên, chợ…, giao thông thuận tiện, không khí thoáng mát.
+ TK: 
Tầng 1: thông sàn. 
Tầng 2: bếp, PN, WC. 
Tầng 3, 4: mỗi tầng 2PN, WC. 
Tầng 5: phòng thờ, sân phơi. 
+ Nội thất: 3 điều hoà, 1 nóng lạnh, 1 tủ lạnh, 1 giường, tủ bếp. 
+ Đóng 3 cọc 1. HĐ trên 1 năm. 
LH ngay để xem nhà trực tiếp",325000.0,0.013,rent,small,under_1b
176061745,132370679,"Cho thuê vp phố Trần Duy Hưng,cầu giấy,hà nội,dtsd 130m2,sàn thông",23000000,130.0,Quận Cầu Giấy,Phường Trung Hoà,Hà Nội,"Văn phòng, Mặt bằng kinh doanh",3.0,2 giờ trước,"Cho thuê văn phòng phố Trần Duy Hưng,cầu giấy,hà nội,dtsd 130m2,sàn thông,giá 23tr/tháng 
-Tòa nhà gần cac khu trung tâm thương mại, gần siêu thị, gần trung kính, gần nguyễn chánh, gần lê văn lương 
-Diện tích sàn: 200m2 xây 10 tầng  Diện tích sử dụng: 160m2/tầng đã trừ thang máy,  Mặt tiền: 12m, tầng hầm  để xe, Có thang máy tốc độ cao, 01 thang bộ.
- Mỗi tầng có hệ thống điều hòa âm trần, hệ thống thông gió cấp đến các vị trí theo yêu cầu. 2 khu WC, 1 phòng kho, điện 3 pha, đường trước nhà rộng 10m2,có thể để ôtô, xe máy, xe tải 2,5 tấn đỗ thoải mái
-Phù hợp làm vp, vp đào tạo, các mô hình kinh doanh … 
-Hiện trống tầng 7,dtsd 130m2/sàn, thông sàn, giá 23tr/tháng ( chưa thuế và chưa bao gốm phí dv ) 
-Phí dịch vụ bao gồm  thang máy , bảo vệ, bảo trì thang máy,điện hành lang, 
-xe máy để dưới hầm , oto đỗ trước cửa free chỗ đỗ xe oto… 
",176923.07692307694,0.023,rent,large,under_1b
176062200,132371042,"Cho thuê tầng 1 + 2 phố An trạch,đống đa,dtsd 75m x 2 tầng + 1 hầm,TM,",42000000,130.0,Quận Đống Đa,Phường Cát Linh,Hà Nội,"Văn phòng, Mặt bằng kinh doanh",3.0,1 giờ trước,"Cho thuê tầng 1 + 2 phố An trạch,đống đa,hà nội,dtsd 75m x 2 tầng + 1 hầm,TM,giá 42tr/th
-Tòa nhà có dt 150m2 x 9 tầng, có hầm , có thang máy, đèn điện điều hòa âm trần, trần thạch cao, cửa kính, thiết bị chiếu sáng đầy đủ , có bảo vệ 24/24,hệ thống máy phát điện, hệ thống PCCC
- phù hợp làm văn phòng,siêu thị,nội thất, phòng khám,show room v.v 
-trống tầng 1 + 2 ( mbkd ), ( tầng 1 dtsd 55m2  + tầng 2  dtsd 75m2 ), giá 42tr/tháng 
-Phí dịch vụ gồm: điện hành lang, phí thang máy, bảo vệ, trông xe, vệ sinh chung tòa nhà 
-Xe máy miễn phí từ 5 – 20 xe máy dưới hầm 
",323076.92307692306,0.042,rent,large,under_1b
175584701,131962212,"Cho thuê căn hộ mặt phố Văn Khê,KĐT Văn Phú - vỉa hè 6m",3500000,30.0,Quận Hà Đông,Phường Kiến Hưng,Hà Nội,Phòng trọ,3.0,18 phút trước,"CHO THUÊ CĂN HỘ FULL NỘI THẤT 3,5 Triệu 
 Địa chỉ: Số 13 TT9, KĐT Văn Phú (gần tháp đồng hồ Văn Phú), Hà Đông, Hà Nội 
 Khu vực sầm uất, nhiều tiện ích, mặt đường chính tiện đường xe khách đi các tỉnh
 Nhà có thang máy
 Nội thất:
- Sàn gỗ
- Điều hòa, nóng lạnh, Tivi, Wifi, Truyền hình cáp
- Tủ bếp 
- Tủ lạnh
- Tủ quần áo
- Máy giặt chung
 GIỜ GIẤC THOẢI MÁI, KHÔNG CHUNG CHỦ
 HỆ THỐNG THANG THOÁT HIỂM ĐẦY ĐỦ, AN TOÀN
 KHÓA VÂN TAY
 CỬA SỔ, BAN CÔNG THOÁNG",116666.66666666667,0.0035,rent,very_small,under_1b
176062041,132370922,"Cho thuê vp phố An trạch, đống đa,hà nội,dtsd 75m2,thông sàn",17000000,75.0,Quận Đống Đa,Phường Cát Linh,Hà Nội,"Văn phòng, Mặt bằng kinh doanh",3.0,1 giờ trước,"Cho thuê văn phòng phố An trạch, đống đa,hà nội,dtsd 75m2,thông sàn,giá 17tr/tháng 
-Tòa nhà có dt 150m2 x 9 tầng, có hầm , có thang máy, đèn điện điều hòa âm trần, trần thạch cao, cửa kính, thiết bị chiếu sáng đầy đủ , có bảo vệ 24/24,hệ thống máy phát điện, hệ thống PCCC
- phù hợp làm văn phòng,trung tâm dậy học,công nghệ,spa,thời trang, vp ol …. 
-trống tầng 6, dtsd 75m2,thông sàn,giá 17tr/tháng ( bao thuế và bao phí dịch vụ ) 
-Phí dịch vụ gồm: điện hành lang, phí thang máy, bảo vệ, trông xe, vệ sinh chung tòa nhà 
-Xe máy miễn phí từ 5 – 20 xe máy dưới hầm 
",226666.66666666666,0.017,rent,medium,under_1b
176061402,132370412,"Cho thuê chung cư Mipec Long Biên, full đồ, tiện ích 5 sao, view sông",14000000,78.0,Quận Long Biên,Phường Ngọc Thụy,Hà Nội,Căn hộ/Chung cư,2.0,2 giờ trước," CHO THUÊ CHUNG CƯ CAO CẤP MIPEC - 2PN , 2WC - FULL NỘI THẤT - TIỆN ÍCH 5 SAO - VIEW SÔNG , CẦU CHƯƠNG DƯƠNG - CÓ SLOT Ô TÔ - 5P SANG PHỐ CỔ !
+TK : Chung cư 2 ngủ , 2 WC , 2 logia. 
+ Nội thất : 3 điều hoà , 2 nóng lạnh , sofa , bàn ăn , bếp từ , tủ bếp , 2 bộ giường tủ , máy giặt , tủ lạnh … 
+ Điện nước giá dân .
LH ngay để xem nhà trực tiếp",179487.1794871795,0.014,rent,medium,under_1b
175921392,132268525,Cho thuê mặt bằng kinh doanh đẹp Trần Tử Bình,10000000,30.0,Quận Cầu Giấy,Phường Nghĩa Tân,Hà Nội,"Văn phòng, Mặt bằng kinh doanh",3.0,30 phút trước,"Cho thuê mặt bằng tầng 1 hoặc tầng 1 + tầng 2 , mỗi tầng đều có công trình phụ riêng , nóng lạnh đầy đủ, mặt phố Trần Tử Bình, có thể để đc ô tô ở đối diện mặt bằng. Tầng 1 có gác lửng ( trần cao 2m ). Mặt bằng dối diện cổng sau trường cao đẳng sư phạm mẫu giáo trung ương , thuận tiện kinh doanh mọi nghành nghề. Hiện tại mặt bằng đang kinh doanh quán cơm do gia đình có việc nên muốn cho thuê lại , ai có thiện chí có thể cho mượn bàn ghế , tủ mát và tủ đông 2 ngăn. Ai có thiện chí gọi sdt *** hoặc liên zalo số trên. GIÁ THUÊ CẢ 2 TẦNG 14TR
Thanh toán 3 tháng cọc 1 tháng.",333333.3333333333,0.01,rent,very_small,under_1b
176061899,132370802,"Cho thuê vp phố đường bưởi,ba đình,hà nội,55m2,full đồ,thông sàn,",7500000,55.0,Quận Tây Hồ,Phường Bưởi,Hà Nội,"Văn phòng, Mặt bằng kinh doanh",3.0,2 giờ trước,"Cho thuê vp phố đường bưởi,ba đình,hà nội,55m2,full đồ,thông sàn,giá 7,5tr/tháng 
-Toà nhà có dt xây dựng 70m2 x 7 tầng + 1 hầm mặt tiền 5m2,,nhà mới xây 
-Toà nhà có thang máy, trần thạch cao, điều hoà âm trần , đèn điện chiếu sáng đầy đủ 
- Trang bị đầy đủ PCCC, đỗ oto trước cửa ngày đêm thoải mái 
- các tầng thông sàn
- điều hòa âm trần các tầng
- Mỗi tầng 1 nhà wc 
- Trống tầng 3 dtsd 55m2,thông sàn, giá 7,5tr/tháng 
 - Phù hợp là vp,trung tâm tiếng anh,đào tạo, công nghệ, phòng phám, spa.. .vp ol 
",136363.63636363635,0.0075,rent,small,under_1b
176061406,132370420,Tôi muốn thuê nhà chính chủ ai có thì liên hệ ạ ,11000000,200.0,Huyện Đông Anh,Thị trấn Đông Anh,Hà Nội,Nhà ở,3.0,2 giờ trước,Tôi cần thuê nhà chính chủ ai có nhắn giúp mình ạ ,55000.0,0.011,rent,large,under_1b
176062723,132371452,Cho thuê nhà Riêng 3 Tầng Ngõ rộng giá Hợp lý,8000000,27.0,Quận Hoàng Mai,Phường Hoàng Văn Thụ,Hà Nội,Nhà ở,3.0,24 phút trước,"Cần cho thuê nhà riêng 3 tầng Mb 27m2 tại Ngõ 297 đường Hoàng mai khu An Ninh tốt Nhà thoáng đãng nhiều Cây Xanh sinh khí cao.. 
Cạnh KĐT Đền Lừ và Công Viên Hồ Đề Lừ. Gần Chợ Đầu Mối Phía Nam, Gần các TRường ĐH lớn BK, Xây Dụng KTQD   khoảng 2,3km. 
Nhà thích hợp để ở ,VP, cho gia đình nhỏ ....
Liên hệ A.Thi, C.Thủy",296296.2962962963,0.008,rent,very_small,under_1b
172787228,129552395,"CHO THUÊ VĂN PHÒNG DIỆN TÍCH LÊN ĐẾN 200M2 TẠI MIPEC TÂY SƠN, ĐỐNG ĐA",40000000,200.0,Quận Đống Đa,Phường Trung Liệt,Hà Nội,"Văn phòng, Mặt bằng kinh doanh",3.0,13 giờ trước,"CHO THUÊ VĂN PHÒNG TẠI MIPEC TÂY SƠN, ĐỐNG ĐA
Vị trí: Tầng 12  Khu văn phòng, Mipec Tower Tây Sơn
Diện tích: 100 - 150 - 200m²
Bàn giao: vào được luôn
Bao phí dịch vụ, điện nước,..
Giá thuê ưu đãi từ 40tr/tháng

Hình thức thuê:
 Sàn thô riêng truyền thống
 - Bàn giao: điều hòa, trần  tường  sàn hoàn thiện, vách kính
 - Phù hợp doanh nghiệp cần thiết kế theo nhận diện thương hiệu

Lợi thế vị trí Mipec Tây Sơn
 - Trung tâm quận Đống Đa
 - Kết nối nhanh: Tây Sơn  Chùa Bộc  Nguyễn Trãi  Trường Chinh
 - Tòa nhà văn phòng hạng B, tiện ích đồng bộ
------------------------------
ASA COWORKING SPACE:
Địa chỉ: Tầng 12, Khu văn phòng, toà Mipec Tower 229 Tây Sơn, Hà Nội
Website: ***",200000.0,0.04,rent,large,under_1b
173220370,129927192,"Chính Chủ Cho Thuê Văn Phòng, Số 1/23 Lê Văn Lương, Thanh Xuân, Hà Nội",25000000,120.0,Quận Thanh Xuân,Phường Nhân Chính,Hà Nội,"Văn phòng, Mặt bằng kinh doanh",3.0,11 giờ trước,"Tòa Nhà văn phòng chuyên nghiệp, Gồm 6 tầng nổi và 1 tầng hầm, làm việc 24/24h Sàn rộng 120m/01 tầng, sạch đẹp, Thoáng mát thích hợp làm văn phòng công ty, 
đường trước mặt rộng 50m, có vỉa hè và công viên lớn bên cạnh, ô tô đi lại tránh nhau dừng đỗ thoải mái, Ô tô vào tận nhà, có chỗ để ô tô
Tòa nhà nằm ngay trung tâm đắc địa, bên cạnh toàn nhà Star city và rất nhiều tòa nhà văn phòng và chung cư lớn, đông người, gần chợ, gần nhiều trường học… 
Rất thuận lợi để mở văn phòng công ty, mở văn phòng đại diện, mở chi nhánh…. Nâng tầm giá trị Doanh nghiệp khi có một văn phòng tại tòa nhà.
Tòa nhà miễn phí bảo vệ an ninh, lễ tân, tạp vụ… Có cơ hội hợp tác đầu tư startup phát triển kinh doanh và cơ hội miễn phí được đào tạo kinh doanh và marketting miễn phí trong hệ sinh thái BIGWIN
địa chỉ: số 23, Lê Văn Lương, Thanh Xuân, Hà Nội
Giá rẻ: 25 triệu/tháng,(giá cũ 30 triệu) rộng 120m2, điều hòa, wc, nước nóng…
CHú ý: có hoa hồng cho môi giới và ưu đãi lớn khi Liên hệ ngay: Mr Đại ***",208333.33333333334,0.025,rent,large,under_1b
176049568,132360224,"Bán nhà bạch mai 9phòng ch thuê , dòng tiền ổn định",11800000000,54.0,Quận Hai Bà Trưng,Phường Bạch Mai,Hà Nội,Nhà ở,9.0,11 giờ trước,"Dự án: 
Thông tin chi tiết: Nhà 5tầng với 9phòng khép kín cho thuê , 
Gần các trường đại học bách-kinh -xây nhu cầu nhà ở rất cao . 
Chủ nhà đã trang bị pccc đầy đủ.
Sổ đỏ vuông đẹp",218518518.5185185,11.8,rent,small,over_10b
176047159,132358189,chính chủ cho thuê nhà kim ngưu,13000000,60.0,Quận Hai Bà Trưng,Phường Thanh Nhàn,Hà Nội,Nhà ở,4.0,12 giờ trước,"Dự án: 
Thông tin chi tiết: Cần cho thuê nhà nguyên căn tại kim ngưu diện tích 60m xây dựng 4 tầng có 4 phòng ngủ nội thất dh nl giường tủ 
Phù hợp để ở gd hoặc nhóm bạn, lớp học 
Không chdv 
Liên hệ chính chủ có zalo",216666.66666666666,0.013,rent,small,under_1b
175873674,132208719,"Cho thuê nhà mới 100% – KD/VP/Studio, thang máy, ô tô tận cửa",35000000,50.0,Quận Hai Bà Trưng,Phường Bạch Mai,Hà Nội,Nhà ở,4.0,10 giờ trước,"CHO THUÊ NHÀ MỚI 100% – CÁCH HOÀN KIẾM 5–10 PHÚT – PHÙ HỢP KINH DOANH / VĂN PHÒNG / STUDIO
Chính chủ cho thuê các tầng trong nhà mới xây hoàn toàn, thiết kế hiện đại, tối ưu cho kinh doanh và làm việc chuyên nghiệp. Vị trí đắc địa khu vực trung tâm, chỉ 5–10 phút di chuyển đến Hồ Hoàn Kiếm.
Vị trí cực thuận tiện

Ngõ rộng 5m, ô tô vào tận cửa
Ngõ nông, thông 2 đầu từ Kim Ngưu sang Thanh Nhàn
Cách Hồ Hoàn Kiếm chỉ 5–10 phút, trung tâm thành phố
Giao thông thuận lợi, dễ tìm, dễ tiếp cận khách hàng

Thông tin chi tiết

Nhà 7 tầng, mới xây 100%, cực kỳ sạch đẹp
Có thang máy, di chuyển thuận tiện
Diện tích 50m² / sàn
Mỗi tầng đều có công trình phụ riêng

Hiện đang cho thuê:

Tầng 1 + tầng lửng
Tầng 2
Tầng 3

Phù hợp nhất cho:

Văn phòng công ty
Shop quần áo / showroom
Studio quay video, livestream, bán hàng online
Lớp học, đào tạo kỹ năng

✅ Không gian mới, đẹp, dễ setup – vào là dùng ngay, không cần sửa chữa
📞 Liên hệ chính chủ (Zalo): ***",700000.0,0.035,rent,small,under_1b
176052072,132362333,Thuê phòng tại ngõ 179/187 vĩnh hưng,3000000,25.0,Quận Hoàng Mai,Phường Vĩnh Hưng,Hà Nội,Phòng trọ,3.0,9 giờ trước,"Dự án: 
Thông tin chi tiết: Phòng tầng 1, đầy đủ đh , nl , giường , tủ 
Kệ bếp
Vskk Pccc đầy đủ 
Zalo : ***",120000.0,0.003,rent,very_small,under_1b
176004417,132321392,cho thuê phòng hoàng công chất ,3700000,20.0,Quận Nam Từ Liêm,Phường Mỹ Đình 2,Hà Nội,Phòng trọ,3.0,12 giờ trước,"🚨🚨PHÒNG GIÁ SV 1TR6-- 3TR5 -6TR🚨🚨👏👏
Đ/C : Khu vực TRẦN BÌNH - MĨ ĐÌNH - DƯƠNG KHUÊ- HỒ TÙNG MẬU - HOANG CÔNG CHẤT 

($) chi phí sử dụng dịch vụ 
Điện 4k/kw ...Nước 120k/1N 
...wifi 100k/p
Phòng có đầy đủ giường tủ nóng lạnh máy giặt điều hòa
Hệ thống PCCC Lối Thoát Hiểm ĐẢM BẢO AN TOÀN 
( phòng chính chủ. Không chung chủ. Giờ giấc tự do đi lại . Ở đc luôn )
Khu vực an ninh tốt rất chi là đảm bảo 
==》Mọi người có nhu cầu thuê phòng nhắn tin Zalo ☎️☎️☎️  ☎️☎️☎️gọi để xem phòng trực tiếp",185000.0,0.0037,rent,very_small,under_1b
176001718,132319353,"Cho thuê Cửa hàng , Siêu thị , Kinh doanh thương mại văn phòng",70000000,500.0,Quận Long Biên,Phường Bồ Đề,Hà Nội,"Văn phòng, Mặt bằng kinh doanh",3.0,9 giờ trước,"Phù hợp loại hình kinh doanh thương mại , Văn phòng, Siêu thị , phòng khám , nhà thuốc, trung tâm giáo dục ....Vị trí đẹp chân toà nhà chung cư , khu vực trung tâm dân cư đông giao thông thuận tiện, có hầm và sân để xe rộng rãi dễ tiếp cận .",140000.0,0.07,rent,very_large,under_1b
174769551,131268735,cho thuê phòng,2800000,18.0,Quận Đống Đa,Phường Trung Liệt,Hà Nội,Phòng trọ,3.0,25 phút trước,"Nhà mình còn trống 01 phòng *** tại tầng 4, khu vực trung tâm phố Thái Hà, Đống Đa. Ưu tiên các bạn đi làm, đi học lối sống văn minh, sạch sẽ.
​✅ TIỆN NGHI ĐẦY ĐỦ (Chỉ việc xách vali về ở):
​Diện tích: 18m2, thoáng mát, sạch sẽ.
​Nội thất: Đã có sẵn Điều hòa, Quạt trần, Tủ quần áo, Giường đệm, Bình nóng lạnh.
​Vệ sinh: Ngay cạnh cửa phòng, cực kỳ thuận tiện và riêng tư.
​Chỗ để xe: Tầng 1 rộng rãi, không giới hạn số lượng và thời gian đi lại (về lúc nào cũng được).
​📍 VỊ TRÍ ĐẮC ĐỊA:
​Ngõ rộng, ô tô vào tận cửa, cực tiện gọi xe hay vận chuyển đồ đạc.
​Thông tứ phía: Thái Hà, Nguyễn Văn Tuyết, Thái Thịnh, Ngã Tư Sở, Hoàng Cầu...
​Gần chợ, gần các trường đại học lớn, tiện ích xung quanh không thiếu thứ gì.
​💰 CHI PHÍ MINH BẠCH:
​Điện: 4k/số.
​Nước: 100k/người.
Giá thuê 2.800k
​Ưu tiên: 1 người - 1 xe (có thể ở 2 người - 1 xe).
(Hữu duyên gặp các bạn thiện chí, qua xem là ưng ngay!",155555.55555555556,0.0028,rent,very_small,under_1b
176049701,132360336,CHO THUÊ NHÀ NGUYÊN CĂN CỔ LINH 45m– THANG MÁY– GIÁ CHỈ 22TR,22000000,45.0,Quận Long Biên,Phường Thạch Bàn,Hà Nội,"Văn phòng, Mặt bằng kinh doanh",3.0,11 giờ trước,"🏡 CHO THUÊ NHÀ NGUYÊN CĂN CỔ LINH – THANG MÁY – VỈA HÈ Ô TÔ TRÁNH – KD ĐỈNH 🔥
📍 DT 45m² x 5 tầng thang máy
🚗 Đường rộng, vỉa hè ô tô tránh nhau thoải mái
✔️ T1 thông sàn + WC
✔️ T2,3 mỗi tầng 1PN khép kín
✔️ T4 bếp + phòng thờ
✔️ T5 sân phơi rộng
✨ Phù hợp ở gia đình, spa, văn phòng, công ty, hiệu thuốc, trung tâm dạy học…
💰 Giá thuê: 22tr/tháng
📄 Cọc 1 đóng 3 – nhận nhà ngay.

........ Liên hệ ngay để đ𝐢 𝐱𝐞𝐦 𝟐𝟒/𝟕, và tư vấn miễn phí, làm việc 𝐜𝐡𝐢́𝐧𝐡 𝐜𝐡𝐮̉! ----- #batdongsanlongbien #muabannhadatlongbienOk ạ, em viết lại cho gọn – mượt – dễ chốt nhé 👌 #nhadatlongbien #BánNhà🔥 #BánĐất #LongBiên #ĐầuTư #BấtĐộngSản #BấtĐộngSảnHàNội #xuhuong ——————— ☎️☎️☎️ 𝐋𝐢𝐞̂𝐧 𝐡𝐞̣̂: Nguyễn Hoa Chuyên Bất Động Sản Long Biên / Kho Lớn Nhất / Nhanh Nhất/ Chuyên Nghiệp Nhất.",488888.8888888889,0.022,rent,small,under_1b
174483250,131023015,CHÍNH CHỦ CHO THUÊ PHÒNG 30M2 THANG MÁY - NGUYỄN NGỌC VŨ,4500000,30.0,Quận Cầu Giấy,Phường Trung Hoà,Hà Nội,Phòng trọ,3.0,6 giờ trước,"Mình hiện còn 1 phòng như hình và 1 phòng khác giá thấp hơn.
Nhà mình ngõ ô tô tải đỗ và quay đầu thoải mái. View thoáng đẹp. 
Cách hồ điều hòa 50m. Gần công viên.
Mời bạn qua tham khảo nhé.",150000.0,0.0045,rent,very_small,under_1b
176054339,132364462,CHÍNH CHỦ CHO THUÊ TOÀ NHÀ 220m2 MẶT PHỐ NGÔ GIA TỰ LONG BIÊN,36000000,220.0,Quận Long Biên,Phường Long Biên,Hà Nội,"Văn phòng, Mặt bằng kinh doanh",3.0,8 giờ trước,"🔥 CHO THUÊ TÒA NHÀ MẶT PHỐ NGÔ GIA TỰ 🔥
🏢 Vị trí: Mặt đường 2 chiều, kinh doanh sầm uất
🏗 Tòa nhà xây mới 100%, full thiết bị mới
🚇 2 thang máy + hầm để xe
🔥 PCCC thẩm duyệt đầy đủ
📐 Diện tích:
Tầng 1–2: 220m²/sàn
Tầng 3: 280m²
Có chia sàn nhỏ 220m² (giá từ 36tr/sàn)
💰 Giá thuê nguyên sàn: 130 triệu/tháng
📞 Liên hệ: ***",163636.36363636365,0.036,rent,large,under_1b
176056787,132366518,"Cho thuê nhà 2 mặt đường Đông Tác, P.Kim Liên, Đống Đa, Hà Nội",65000000,270.0,Quận Đống Đa,Phường Kim Liên,Hà Nội,"Văn phòng, Mặt bằng kinh doanh",3.0,7 giờ trước,"⭐Chính chủ cho thuê nhà 2 mặt đường Đông Tác, P.Kim Liên, Đống Đa, Hà Nội, Liên hệ: ***

* Địa chỉ: Số 42 Đường ven sông Lừ (Đông Tác) ,P. Kim Liên, Q. Đống Đa, Hà Nội
* Diện tích: 270m², Mặt tiền 9m
- Nhà 2 mặt đường cực thoáng:
- 1 mặt phố đối diện sông Lừ (đường rộng ~7m)
- 1 mặt ngõ rộng ~3m
- Vỉa hè rộng, đỗ được nhiều ô tô, xe máy
- Mặt tiền rộng, dễ nhận diện, thuận tiện kinh doanh
- Kết cấu: 1 tầng, 1 WC
- Phù hợp + Văn phòng công ty
+ Kho bãi, kho TMĐT (trước đây Lazada từng thuê làm kho hàng)
+ Trung tâm ngoại ngữ, lớp học thêm
+ Showroom, cửa hàng kinh doanh…
- Vị trí đẹp, giao thông thuận tiện
- Diện tích lớn, mặt bằng vuông vắn, dễ setup
- Khu dân cư đông đúc, tiềm năng kinh doanh cao
-------------------
** Giá thuê: 65 triệu/tháng
** Liên hệ chính chủ: ***",240740.74074074073,0.065,rent,large,under_1b
165755523,123476164,Cho Thuê Căn Hộ Dịch Vụ Studio Cao Cấp 40m² Âu Cơ Tây Hồ Hà Nội,7000000,40.0,Quận Tây Hồ,Phường Nhật Tân,Hà Nội,Căn hộ/Chung cư,1.0,8 giờ trước,"Căn hộ thiết kế độc đáo và trau chuốt từng chi tiết theo mô hình studio (không vách ngăn giữa các khu vực trong căn hộ) và được trang bị đầy đủ trang thiết bị tiện nghi, nội thất cao cấp.

Diện tích sử dụng: 40m2
Giá thuê chỉ từ 7 triệu/tháng

Phong cách phục vụ tận tâm, chuyên nghiệp, uy tín và minh bạch. Chúng tôi định hướng luôn lấy khách hàng làm trung tâm để không ngừng nâng cấp và hoàn thiện dịch vụ khách hàng.

An ninh - An toàn của khách hàng luôn là yếu tố mà Lestay chú trọng và đặt lên hàng đầu. Tất cả các tòa nhà Lestay đều đã được áp dụng 100% công nghệ 4.0 và AI hiện đại trong giám sát an ninh.

Công tác tập huấn phong cháy chữa cháy cho cán bộ nhân viên cũng như công tác duy tu bảo trì hệ thống cơ sở hạ tầng trong và ngoài các căn hộ được thực hiện định kì, bài bản và chuyên nghiệp để đảm bảo sự an toán cũng như sự tiện nghi trong sinh hoạt của khách hàng.

Môi trường sống văn minh, lịch sự với cộng đồng cư dân dân trí cao, ý thức tốt và sống có trách nhiệm với cộng đồng.

Lestay - Hệ thống tòa nhà căn hộ dịch vụ và văn phòng cho thuê cao cấp
Cơ sở 1: Lestay Hanoi Westlake 519 Âu Cơ, Nhật Tân, Tây Hồ, Hà Nội.
Cơ sở 2: Lestay Hanoi Redriver 464/18 Âu Cơ, Nhật Tân, Tây Hồ, Hà Nội.

Thông tin liên hệ - Hotline/Zalo BQL Tòa Nhà được cung cấp bởi Chợ Tốt",175000.0,0.007,rent,small,under_1b
172970093,129710289,Cho thuê phòng ở tầng 3 khép kín giá rẻ,3000000,20.0,Quận Hoàng Mai,Phường Tương Mai,Hà Nội,Phòng trọ,3.0,9 giờ trước,"*Phòng ở tầng 3 phòng rộng khép kín có đầy đủ giường, tủ, tủ lạnh, view đẹp, sáng, có cửa sổ, có ban công, điều hoà, bình nóng lạnh, vs riêng, chỗ để xe máy... Giá phòng 3tr/tháng. Điện 3.400đ/ số ; nước 34.000đ/ m3",150000.0,0.003,rent,very_small,under_1b
174447556,130992342,"Cho thuê phòng 25m2 full nội thất,gần Linh Đàm giá 2.9tr",2900000,25.0,Quận Hoàng Mai,Phường Hoàng Liệt,Hà Nội,Phòng trọ,3.0,13 giờ trước,"Dự án: 
Thông tin chi tiết: Cho thuê phòng trọ tại Bằng Liệt – Hoàng Mai – Hà Nội
Diện tích 25m², phòng sạch sẽ, thoáng mát.
Đầy đủ nội thất: điều hoà, nóng lạnh, máy giặt, khoá vân tay an ninh.
Có chỗ để xe miễn phí.
Vệ sinh khép kín
Phù hợp sinh viên, người đi làm.
Khu vực an sinh tốt, gần khu đô thị Linh Đàm, nhiều tiện ích xung quanh.

Giá: 2.9 triệu/tháng có thương lượng",116000.0,0.0029,rent,very_small,under_1b
174733580,131238106,Cho thuê phòng ngõ 127 Hào Nam,3000000,25.0,Quận Đống Đa,Phường Ô Chợ Dừa,Hà Nội,Phòng trọ,3.0,9 giờ trước,"cho thuê phòng tại ngõ 127 Hào Nam Cho thuê phòng trọ ngõ 5 Láng Hạ, 3.0tr phòng đôi - VSKK. Phù hợp SVHS, người đi làm tối về ngủ, nấu ăn đơn giản.

💰Giá 3.0tr (nội thất cơ bản) 3.7 (full đồ)

👉Phòng Studio
👉 Diện tích 25m2 ( 2 xép: xép để đồ + xép giường nằm). Vsinh riêng.

🍀Nội thất: 
- Khu Bếp
- Khu giặt đồ chung
- Cơ bản (nóng lạnh) hoặc Full Đồ (xách va li ở), không chung chủ, giờ giấc tự do.

🍀Phí Dịch Vụ: 
- Điện 4k/số; Nước 35k/số
- Phí dịch vụ: Máy giặt, điện, nước khu vực chung , Rác, Vệ Sinh Chung 150k/người
- Wifi 100k/phòng
Lưu ý: Máy giặt chung, gửi 1 xe.

❌ Lưu ý
- Đóng 1 cọc 1. Ko chung chủ
- Hợp Đồng 1 năm.
- Gọi trước khi qua 30p

 CẦN TÌM ĐỘI SALE ĐẨY PHÒNG.",120000.0,0.003,rent,very_small,under_1b
175856921,132194527,Chính chủ cho thuê 35m2 Huỳnh thúc Kháng,5200000,35.0,Quận Đống Đa,Phường Láng Hạ,Hà Nội,Căn hộ/Chung cư,1.0,13 giờ trước,"Căn hộ 38m2 Trung tâm Đống Đa, ô tô tận cửa
Không gian sống Yên tĩnh, tiện nghi, An ninh tuyệt đối.

Vị trí đắc địa: Nằm trong khu ""Vàng"" giao giữa Nguyễn chí Thanh, Láng Hạ, Nguyên Hồng, Trúc Khê. Giao thông cực kỳ thuận tiện đi Trần duy Hưng, Lê văn Lương, Đường Láng ...

Tiện ích bao quanh: Siêu thị Vinmart, chợ dân sinh, trường học, cây xăng, nhà hát, Trung tâm chiếu phim quốc gia... khu dân trí cao .....

Diện tích 38m2, thiết kế phù hợp rộng rãi, thoáng và tràn ngập ánh sáng tự nhiên

Nội thất đầy đủ: Điều hòa, Tủ Lạnh, Lò vi sóng, bếp riêng đủ chức năng, bàn ăn, bàn làm việc ....chỉ việc sách vali vào ở

Tiện ích toà nhà: khu máy giặt phơi chung có mái che không sợ mưa ướt khi vắng nhà.
Chỗ để xe máy miễn phí ngay tầng 1. Hệ thống PCCC đầy đủ, an toàn.
Hệ thống điện nước ổn định. Kỹ thuật hỗ trợ nhanh chóng. 
Giá thuê: 5tr2 (cam kết không phát sinh chi phí ẩn)",148571.42857142858,0.0052,rent,small,under_1b
176021466,132335884,"Cho thuê phòng trọ Tại ngõ 31 Nguyễn Chí Thanh,  Ngọc Khánh,  Hà nội",3000000,15.0,Quận Ba Đình,Phường Giảng Võ,Hà Nội,Phòng trọ,3.0,11 giờ trước,"Nhà mình còn 1 Phòng Trọ ở tầng 3, Khép Kín, diện tích 15m2, Cần cho thuê. Bạn nào có nhu cầu thì alo mình nhé. ở 1 người thì 3tr/thang, 2 người thì 3,5tr/tháng. Miễn Trung Gian!",200000.0,0.003,rent,very_small,under_1b
175240893,131666206,chính chủ cho thuê phòng khép kins điều hòa bình nóng lạnh,2800000,25.0,Quận Hoàng Mai,Phường Định Công,Hà Nội,Phòng trọ,3.0,11 giờ trước,"Chính chủ cho thuê phòng khép kín riêng biệt có điều hòa, bình nóng lạnh giờ giấc tự do không chung chu không qua trung gian  có chỗ nấu ăn trong phòng có gac xép
- Địa chỉ: Nhà số 1 ngõ 99 ngách 158 hẻm 42 Định Công Hạ.
- Diện tích: 25m
- Vị trí phòng đẹp, thoáng mấtn ninh rất  tốt. Gần trường đại hoc Thăng Long Xây Dựng Bách Khoa , Công nghẹ Định công.
- Thuận tiện giao thông đi lai khu Linh Đàm , vành đai 3, đường  giải phóng  ,kim giang, bùi xương Trạch
- Phòng đầy đủ giường, tủ,, điều hoà, nóng lạnh, máy giặt.
- PCCC đầy đủ liên hệ chỉ nhà 24/7.",112000.0,0.0028,rent,very_small,under_1b
172575310,129370400,CHÍNH CHỦ CHO THUÊ CĂN HỘ MINI NGÕ 67 THÁI THỊNH - FULL ĐỒ,4300000,20.0,Quận Đống Đa,Phường Thịnh Quang,Hà Nội,Phòng trọ,3.0,13 giờ trước,"Chính chủ cần cho thuê căn hộ chung cư mini tại ngõ 67 Thái Thịnh, Đống Đa. Vị trí trung tâm, thuận tiện đi lại. 📍 Vị trí đắc địa: Cách đường ô tô tránh nhau chỉ 15m, ngõ thoáng, dễ dàng vận chuyển đồ đạc.
🏠 Nội thất trang bị tận răng, chỉ việc xách vali vào ở:
Giường ngủ, tủ quần áo, tủ bếp.
Khu bếp có sẵn bếp từ, máy hút mùi.
Điều hòa mát lạnh, tủ lạnh đời mới.
✅ Tiện ích & An ninh đảm bảo:
Hệ thống PCCC hiện đại
Thang máy tốc độ cao, di chuyển nhẹ nhàng.
Cửa khóa vân tay an ninh tuyệt đối, giờ giấc tự do.
💰 Chi phí sinh hoạt:
Điện: 3,8k/số.
Nước: 35k/số (khối).
Dịch vụ chung (vệ sinh, thang máy, máy giặt..): 150k/người.
Internet tốc độ cao: 100k/phòng.
☎️ Liên hệ chính chủ: Sale hè_Xem phòng miễn phí. (Miễn trung gian, môi giới làm phiền).",215000.0,0.0043,rent,very_small,under_1b
176049781,132360505,CHO THUÊ VINHOMES OCEAN PARK GIÁ TỪ 4TR5 – NHIỀU CĂN ĐẸP VÀO Ở NGAY (,5000000,55.0,Huyện Gia Lâm,Thị trấn Trâu Quỳ,Hà Nội,Căn hộ/Chung cư,2.0,11 giờ trước,"Dự án: 
Thông tin chi tiết: GIÁ TỐT VINHOMES OCEAN PARK – QUỸ NHIỀU CĂN ĐẸP CHO THUÊ

Studio: từ 4tr5 nguyên bản (full đồ từ 6tr)

1PN: từ 5tr nguyên bản (full đồ 7tr – 7tr5)

2N1WC: từ 5tr5 nguyên bản (full đồ 8tr – 8tr5)

2N2WC: từ 6tr5 nguyên bản (full đồ 8tr5 – 9tr)

3PN: từ 8tr nguyên bản (full đồ 10tr – 12tr)

Đa dạng căn: nguyên bản – full đồ – vào ở luôn

Có sẵn nhiều căn đẹp, tầng đẹp, view thoáng

Xem nhà linh hoạt, xem 24/7

CAM KẾT:

* Không thu phí môi giới

* Làm việc trực tiếp, ký hợp đồng trực tiếp với chủ nhà.

* Giá thật – hỗ trợ tìm căn phù hợp theo nhu cầu.

️ Căn đẹp giá tốt thường hết rất nhanh (1–2 ngày)

Liên hệ/Zalo: *** or***

Inbox ngay để nhận video và ảnh chi tiết từng căn.",90909.09090909091,0.005,rent,small,under_1b
174416570,130965825,"CHO THUÊ NHÀ 4 tầng, 5 phòng ngủ",11000000,35.0,Quận Hoàng Mai,Phường Mai Động,Hà Nội,Phòng trọ,3.0,8 giờ trước,"CHO THUÊ NHÀ 🏠🏠🏠
Gia đình muốn chothuê nhà ở 
Diện tích sàn 35m2, nhà 4 tầng , gần đường lớn ( 2 làn ô tô)
Địa chỉ:  Số nhà 2A, 122 Lĩnh Nam,  HOÀNG MAI, HN
Kết cầu nhà : 
Tầng 1: phòng bếp, để xe, vệ sinh 
Tầng 2: 2 phòng ngủ, 1 ngủ to, 1 ngủ nhỏ, 1 nhà vệ sinh
Tầng 3: 2 phòng ngủ, 1 ngủ to, 1 ngủ nhỏ, 1 nhà vệ sinh
Tầng 4: 1 phòng ngủ nhỏ, nhà vệ sinh 
Sân phơi và phòng thờ
Giá cho thuê 11trieu /1 tháng , thanh toán 3 tháng 1 lần , cọc 1 tháng
Mọi ng quan tâm ib hoặc gọi số ***
Xin cảm ơn",314285.71428571426,0.011,rent,small,under_1b
175897949,132229441,Cho thuê căn hộ chung cư mini tại 361 Ngõ Quỳnh Thanh Nhàn,4500000,30.0,Quận Hai Bà Trưng,Phường Bạch Mai,Hà Nội,Phòng trọ,3.0,12 giờ trước,"Chính chủ cho thuê căn hộ chung cư mnini tại 361 Ngõ Quỳnh - Thanh Nhàn , mặt ngõ to ô tô đỗ cửa , tòa nhà 7 tầng thang máy , các căn hộ đều có cửa sổ to thoáng , đầy đủ nội thất , đi lại tự do , ở từ 2-4 người / căn.
Gần Các trường Đại Học Bách Khoa , Kinh Tế , Xây Dựng , KDCN , gần các bệnh viện lớn Bạch Mai , Thanh Nhàn..
vị trí trung tâm đi lại thuận tiện
giá thuê chỉ từ 3tr - 4.5tr - 5.2tr tùy diện tích phòng
liên hệ ***",150000.0,0.0045,rent,very_small,under_1b
175600819,131975498,"Cho nữ thuê nhà ngõ 509 Vũ Tông Phan, Thanh Xuân",3000000,29.0,Quận Thanh Xuân,Phường Khương Đình,Hà Nội,Phòng trọ,3.0,11 giờ trước,"Chính chủ cho nữ thuê phòng full nội thất tại ngõ 509 Vũ Tông Phan, Thanh Xuân.  Nhà mới đủ đồ chỉ xách vali vào ở như: Đh, tủ lạnh, máy giặt, nl, giường tủ,…
Vskk, giờ giấc tự do an ninh tốt. 
Lh ***",103448.27586206897,0.003,rent,very_small,under_1b
176004685,132321624,Chính chủ cho thuê căn hộ 50m2 tầng 2 tập thể C5 Thái Thịnh,6700000,50.0,Quận Đống Đa,Phường Thịnh Quang,Hà Nội,Căn hộ/Chung cư,2.0,8 giờ trước,"Cho thuê căn hộ tầng 2 tập thể C5 Thái Thịnh, diện tích 50m2, cách đường ô tô 20m. Nội thất gồm : 1 phòng khách, 1 phòng ngủ (có 1 giường đôi + tủ 4 ngăn, 1 giường tầng đi kèm bàn học và tủ quần áo), có ĐH, NL, bếp từ, tủ bếp. Phòng bếp và vệ sinh riêng biệt. Khu vực trung tâm, gần bệnh viện châm cứu, chợ và trường học. Gần khu ẩm thực.
- Giá thuê 6,7tr/ tháng. 
Liên hệ chính chủ: *** (chị Hoa).",134000.0,0.0067,rent,small,under_1b
176023954,132338025,Cho thuê văn phòng tầng 3 Lk lacasta văn phú- Hà đông,4000000,30.0,Quận Hà Đông,Phường Phú La,Hà Nội,"Văn phòng, Mặt bằng kinh doanh",3.0,11 giờ trước,"Dự án: 
Thông tin chi tiết: Cho thuê sàn văn phòng riêng biệt, tầng 3 Liền Kề Lacasta, phù hợp làm văn phòng đại diện, lối đi riêng, nhà như ảnh ( ko chung chủ) mô hình văn phòng chuyên nghiệp",133333.33333333334,0.004,rent,very_small,under_1b
176057126,132366706,"CHO THUÊ MBKD PHỐ ĐỘI CẤN, BA ĐÌNH, 80M2, VỈA HÈ ĐÁ BÓNG - KD SẦM UẤT",22000000,80.0,Quận Ba Đình,Phường Đội Cấn,Hà Nội,"Văn phòng, Mặt bằng kinh doanh",3.0,6 giờ trước,"CHO THUÊ MBKD – TT BA ĐÌNH – MẶT PHỐ ĐỘI CẤN – 80M2, VỈA HÈ ĐÁ BÓNG - KD SẦM UẤT
-  Vị trí đắc địa, kinh doanh sầm uất nhất phố, gần ngã 3 Giang Văn Minh, Bảo tàng chiến thắng B52…
- Diện tích sử dụng 80m2 
- Mặt tiền 5m
- Vỉa hè 4m – thoải mái để xe, thuận tiện KD
- Phù hợp KD đa ngành nghề, showroom thời trang, mỹ phẩm, spa, cửa hàng tiện lợi, trà sữa…
Khách hàng có nhu cầu liên hệ trực tiếp. Miễn TG-MG ",275000.0,0.022,rent,medium,under_1b
176054796,132364714,CHO THUÊ NHÀ NGUYÊN CĂN (ẢNH THẬT) – FULL CÔNG NĂNG Ở CẦU GIẤY,15500000,40.0,Quận Cầu Giấy,Phường Yên Hoà,Hà Nội,Nhà ở,5.0,8 giờ trước,"🏡 CHO THUÊ NHÀ NGUYÊN CĂN (ẢNH THẬT) – FULL CÔNG NĂNG Ở PHÙ HỢP CÁC HỘ GIA ĐÌNH KHU VỰC YÊN HÒA - CẦU GIẤY
✨ Diện tích: 40m²
✨ Kết cấu: 6 tầng
✨ 5 phòng ngủ – 6 WC rộng rãi, tiện nghi
✨ Phù hợp: hộ gia đình, nhóm người đi làm, văn phòng, kinh doanh online…

📍 Vị trí cực kỳ thuận tiện:

Gần trường học
Gần bệnh viện
Gần chợ dân sinh
Gần trung tâm thương mại
Khu dân cư an ninh, giao thông thuận tiện

💰 Giá thuê chỉ: 16 triệu/tháng

📞 Liên hệ ngay : *** để xem nhà thực tế và chốt sớm vì nhà đẹp giá tốt không có nhiều!
Miễn mg và tg ạ",387500.0,0.0155,rent,small,under_1b
176057216,132366788,"CHO THUÊ MBKD SÀN VĂN PHÒNG PHỐ KIM MÃ – BA ĐÌNH - 440m2, 17tr/Tầng",17000000,110.0,Quận Ba Đình,Phường Kim Mã,Hà Nội,Nhà ở,4.0,6 giờ trước,"CHO THUÊ MBKD SÀN VĂN PHÒNG PHỐ KIM MÃ – BA ĐÌNH 
- Tòa nhà văn phòng phố Kim Mã, trung tâm quận Ba Đình. Gần bến xe Kim Mã. Ngõ rộng 2 ô tô tránh nhau, khu dân trí cao. Cách mặt phố 30m
- Nhà mới lô góc, 2 mặt tiền, 6 tầng thang máy hiện đại
- Chỗ để xe máy ô tô rộng thoải mái
- Diện tích 110m2, trống tầng 1,2,3,4 cho thuê 
- Thuê riêng từng tầng: 17 triệu/tháng
- Thuê cả 4 tầng: 65 triệu/tháng
Khách có nhu cầu thuê liên hệ trực tiếp, miễn TG-MG",154545.45454545456,0.017,rent,large,under_1b
176047684,132358603,CHO THUÊ PHÒNG TRỌ KHÉP KÍN CÁCH CẦU CHƯƠNG DƯƠNG 100M,2800000,26.0,Quận Long Biên,Phường Bồ Đề,Hà Nội,Phòng trọ,3.0,12 giờ trước,"Dự án: 
Thông tin chi tiết: Phòng trọ cho thuê full đồ
Điện nước giá dân
Phí dịch vụ 100k
Vào ở luôn
Không chung chủ giờ giấc tự do
Chỗ để xe free
Giao thông thuận tiện 
Liên hệ xem phòng ngay nhé",107692.30769230769,0.0028,rent,very_small,under_1b
175424736,131824090,CC cần cho thuê phòng trọ tại khu vực gần Bách - Kinh - Xây,4000000,30.0,Quận Hai Bà Trưng,Phường Bạch Mai,Hà Nội,Phòng trọ,3.0,13 giờ trước,"Mình cho thuê phòng trọ tại Ngõ Giếng Mứt cạnh 468 Bạch Mai. 
Nhà tầng có thể ở chung người ( ưu tiên hộ gia đình nhỏ - lâu dài)
- Diện tích gần 30m2 gồm:
1 sảnh bếp + 1 wc có nóng lạnh - 1 phòng ngủ rộng có điều hòa + khu phơi đồ + chỗ để xe) 
- Điện nước giá dân + an ninh tốt , không phí dịch vụ
- Gần Bách - Kinh - Xây có thể đi bộ ra trường 
- Điện, đường , trường , chợ thuận lợi -Khép kín, không chung chủ 
- Giờ giấc thoải mái, đi đóng về khóa.
Giá thuê: 4tr/ tháng ( đóng 3 cọc 1)",133333.33333333334,0.004,rent,very_small,under_1b
175995441,132313575,Thuê nhà Đào Tấn,18000000,60.0,Quận Ba Đình,Phường Cống Vị,Hà Nội,Nhà ở,4.0,10 giờ trước,"Nhà riêng cho thuê diện tích 61m2/sàn, nhà 3 tầng 1 tum, hiện trạng nhà như hình, vào ở được ngay, có 4 pn, 5vs, 1 tum ",300000.0,0.018,rent,small,under_1b
175997830,132315645,cho thuê căn hộ 2 phòng ngủ đội cấn - vạn bảo,13000000,80.0,Quận Ba Đình,Phường Đội Cấn,Hà Nội,Căn hộ/Chung cư,2.0,10 giờ trước,"Dự án: 
Thông tin chi tiết: Cho thuê căn hộ chung cư 2 phòng ngủ 2 WC trung tâm Quận Ba Đình.
Với diện tích 80m² sàn. Thiết kế hiện đại, full nội thất cao cấp. PCCC đạt tiêu chuẩn. Máy giặt. Máy sấy riêng, bếp khách, ti vi, tủ lạnh. Toà nhà có bảo vệ 24/24. Dọn phòng miễn phí 2 lần 1 tuần",162500.0,0.013,rent,medium,under_1b
176057298,132366851,"CHO THUÊ NHÀ PHỐ HÀO NAM – ĐỐNG ĐA – Ô TÔ VÀO NHÀ – Ở, VP CTY…21TR/TH",21000000,50.0,Quận Đống Đa,Phường Ô Chợ Dừa,Hà Nội,Nhà ở,4.0,6 giờ trước,"CHO THUÊ NHÀ PHỐ HÀO NAM – ĐỐNG ĐA – Ô TÔ VÀO NHÀ – Ở, VP CTY…21TR/TH
- Vị trí đẹp, khu phân lô, ôtô tránh, gara ôtô, ở hoặc làm vp cty, kd …
- Diện tích 50m2 x 4 tầng
- Mỗi tầng 2 phòng ngủ, 1 vs
- Tầng 1 khách bếp, gara ô tô
- Đủ công năng sử dụng
- Nội thất cơ bản: Điều hòa, nóng lạnh, giường tủ, tủ bếp…
- Giá thuê 21 triệu/tháng",420000.0,0.021,rent,small,under_1b
176059055,132368900,"Cho thuê nguyên căn sân vườn 80m2, nội thất full, chỉ việc về ở.",13500000,80.0,Quận Long Biên,Phường Ngọc Thụy,Hà Nội,Nhà ở,1.0,4 giờ trước,"Nhà View Sông Hồng, Nguyên Căn sân vân vườn Thoáng Mát, Đáng Sống 80m2, nội thất full như ảnh chỉ việc về ở.

Nhà vườn 2 tầng gồm 1 phòng ngủ, 1 phòng khách bếp, 1 phòng tắm, đầy đủ nội thất hiện đại, sẵn sàng vào ở ngay. Chỉ 5 phút lái xe đến Trường Quốc tế Pháp Hà Nội, thuận tiện di chuyển.

Điểm cộng nổi bật là sân vườn rộng rãi cùng tầm nhìn thoáng đãng view thẳng mặt sông.
Hình thức cọc 1 đóng 2, hợp đồng 1 năm. Chủ chỉ nhận khách nước ngoài. ",168750.0,0.0135,rent,medium,under_1b
176026510,132340272,Cho thuê căn hộ chung cư Khu đô thị Nam Trung Yên,9500000,60.0,Quận Cầu Giấy,Phường Yên Hoà,Hà Nội,Căn hộ/Chung cư,2.0,13 giờ trước,"Cho thuê căn hộ chung cư Khu đô thị Nam Trung Yên
- Diện tích 60m2, 2 PN, 1 WC.
- Căn góc, thoáng, nhà có điều hoà, nóng lạnh, tủ bếp cho khách thuê.
- Cho thuê hộ gđ, ở nhóm.
Giá cho thuê 9.5tr/tháng.
( ảnh minh hoạ, ib e nhận video căn hộ )",158333.33333333334,0.0095,rent,small,under_1b
172460549,129272380,"Chính chủ cho thuê căn hộ Ngõ 1 Nghĩa Tân: 30m2, full nội thất 3.5tr",3500000,30.0,Quận Cầu Giấy,Phường Nghĩa Tân,Hà Nội,Căn hộ/Chung cư,1.0,8 giờ trước,"Chính chủ cho thuê căn hộ mới tinh Ngõ 1 Nghĩa Tân: 30m2, full nội thất không thiếu gì chỉ việc đến ở, nhà mới, giá cho thuê 3,5tr",116666.66666666667,0.0035,rent,very_small,under_1b
176047815,132358718,Cho thuê nhà nguyên căn mới tinh Bát Khối,10000000,55.0,Quận Long Biên,Phường Thạch Bàn,Hà Nội,Nhà ở,3.0,12 giờ trước,"🏡CHO THUÊ NHÀ NGUYÊN CĂN MỚI TINH BÁT KHỐI - THẠCH BÀN - Ô TÔ ĐỖ NGÀY ĐÊM CÁCH 30M - 4PN - NỘI THẤT ĐẦY ĐỦ - Ở HỘ GIA ĐÌNH - AEON MALL LONG BIÊN 5P!
+ Nhà 5 tầng mới: 
Tầng 1: PK, bếp, WC
Tầng 2,3: mỗi tầng 2PN, WC
Tầng 4: Phòng thờ, sân phơi, WC
Tầng 5: sân phơi. 
+ Nội thất: 5 điều hoà, 3 Nóng lạnh, Tủ bếp, bếp từ, hút mùi, 3 giường tủ, máy giặt, tủ lạnh, bàn ăn, sofa.
+ Giá thuê  r. Đóng 3 cọc 1. HĐ trên 1 năm. 
LH",181818.18181818182,0.01,rent,small,under_1b
175061317,131514952,"Cho thuê VP 20m2 ở Láng Hạ. Điện rẻ 3500, từ 2.5TR",2500000,20.0,Quận Đống Đa,Phường Láng Hạ,Hà Nội,"Văn phòng, Mặt bằng kinh doanh",3.0,12 giờ trước,"Cho thuê các phòng 20m2 làm văn phòng hành chính ít người, làm việc online tại Láng Hạ ( đoạn chân cầu vượt Lê Văn Lương )

Trống các phòng tầng 2, 3 và 4 

Tòa nhà cơ quan. Có bảo vệ, được làm việc 24h qua đêm cả lễ tết

Điện rẻ 3500 mỗi số, gửi xe máy chưa đến 50k / xe  / tháng. Chi phí hợp lý

Phù hợp mọi mô hình văn phòng nhỏ ít người, hành chính giấy tờ, livestream. 

Giá thuê từ 2.5TR - 4TR tùy tầng",125000.0,0.0025,rent,very_small,under_1b
176047843,132358746,"Tôi chủ nhà cho thuê CCMN tại Láng Hạ, máy giặt riêng, sát phố, 20m",5200000,25.0,Quận Đống Đa,Phường Láng Hạ,Hà Nội,Phòng trọ,3.0,12 giờ trước,"Tôi chủ nhà cho thuê CCMN tại Láng Hạ, full đồ, máy giặt riêng, thang máy, sát phố, 20m.

- Cho thuê phòng chung cư mini Láng Hạ 20m² giá chỉ 5.2tr.

- Phòng khép kín, đầy đủ nội thất, máy giặt riêng.

- Khóa cổng vân tay, không chung chủ, giờ giấc thoải mái.

- Nhà mới PCCC/ thang máy đầy đủ.
",208000.0,0.0052,rent,very_small,under_1b
176054995,132364899,"Cho thuê văn phòng tòa 249 Thụy Khuê,-full đồ - view  Hồ Tây - giá rẻ",40000000,150.0,Quận Tây Hồ,Phường Thụy Khuê,Hà Nội,"Văn phòng, Mặt bằng kinh doanh",3.0,8 giờ trước,"
Cần cho thuê sàn văn phòng cao cấp tại tòa HCMCC – 249 Thụy Khuê, Văn phòng sở hữu view cực thoáng nhìn trực diện khu Văn Cao – Hồ Tây sang trọng, chuyên nghiệp.
Liên hệ hotline: ***
Thông tin văn phòng cho thuê HCMCC 249 Thụy Khuê
•	Diện tích sử dụng: 150m2 
•	Giá thuê cực hấp dẫn: 
o	Chỉ 280.000đ/m2/tháng 
o	Đã bao gồm full nội thất 
•	Có thể vào sử dụng ngay 
Nội thất bàn giao đầy đủ – setup chuyên nghiệp
Văn phòng được đầu tư hoàn thiện đồng bộ, tiết kiệm chi phí setup cho doanh nghiệp:
•	Bộ sofa tiếp khách sang trọng 
•	Bàn ghế phòng họp đầy đủ 
•	Khu làm việc nhân viên hiện đại 
•	Trần thạch cao hoàn thiện đẹp 
•	Sàn thảm văn phòng cao cấp 
•	Vách kính phân chia không gian chuyên nghiệp 
•	Hệ thống chiếu sáng tiêu chuẩn 
•	Không gian làm việc sang – xịn – mịn 
Điểm mạnh nổi bật
•	View mặt đường Văn Cao – Hồ Tây cực thoáng và đẳng cấp 
•	Vị trí đẹp khu Tây Hồ giáp Ba Đình 
•	Tòa nhà chuyên nghiệp, khách thuê văn minh 
•	Phù hợp công ty công nghệ, xuất nhập khẩu, kiến trúc, tài chính, đại diện thương hiệu… 
•	Tiết kiệm thời gian và chi phí hoàn thiện vì đã có sẵn toàn bộ nội thất 
Lý do nên thuê ngay
•	Giá thuê hiếm trong khu vực Tây Hồ với văn phòng full nội thất 
•	Không cần đầu tư setup ban đầu 
•	Chỉ cần mang máy tính vào làm việc ngay 
•	Hình ảnh doanh nghiệp được nâng tầm rõ rệt khi tiếp khách 
Liên hệ ngay để xem thực tế văn phòng đẹp tại HCMCC 249 Thụy Khuê và nhận chính sách thuê ***.
Hotline phụ trách cho thuê: *** 
",266666.6666666667,0.04,rent,large,under_1b
176045620,132356757,"Cho thuê nhà ngõ phố Thành Công, Ba Đình 60m x 3tầng",17000000,60.0,Quận Ba Đình,Phường Thành Công,Hà Nội,Nhà ở,4.0,13 giờ trước,"Dự án: 
Thông tin chi tiết: Gồm: 4 ngủ , Khách, Bếp, 3 vệ sinh, bếp
- Nội thất. 2 điều hòa, 3 nóng lạnh.
Nằm tại khu vực trung tâm, đông dân cư, an ninh tốt, gần các trường học, chợ lớn, trung tâm hành chính, tiện đi lại ....
- Phù hợp cho gia đình, làm văn phòng, dạy học...spa, kinh online.
- Vị trí : 6 Thành Công
- ngõ  : 3 gác ( ô tô cách đường chính 30m)
- Nhận nhà: ngay
- Thanh toán: Đóng 3 cọc 1
- Hợp đồng ký 1-5 năm 
- LH để được xem & tư vấn miễn phí
- Thông tin và hình ảnh chuẩn 100%",283333.3333333333,0.017,rent,small,under_1b
176044867,132356759,"Cho thuê nhà liền kề Vinhome Cổ Loa, phân khu Ánh Dương (65m2)",10000000,65.0,Huyện Đông Anh,Xã Đông Hội,Hà Nội,Nhà ở,1.0,13 giờ trước,"Cho thuê nhà liền kề xây thô, hoàn thiện mặt ngoài như trong hình. Cửa nhôm kính khóa đầy đủ. Đường phân khu 13m. Bên trong để thô. Phân khu Ánh Dương, Vinhome Global Gate. Tiện làm dịch vụ phục vụ trung tâm triển lãm quốc gia, khu phố đi bộ (chuẩn bị xây xong). Các tiện ích trong khu bao gồm trường học, khu 36 phố phường đã và đang triể khai. Tiện giao thông gần chân cầu Tứ Liên (2027 hoàn thành). 15 phút ra đến sân bay.Hướng cửa chính và ban công: Tây Nam, đón gió mát. - Mặt tiền rộng 4,5m, không gian thoáng đãng. - Gần siêu thị Winmart Đông Hội, tiện lợi cho việc mua sắm hàng ngày. Liên hệ:  *** (anh Tùng). Giá thuê 10tr/ tháng",153846.15384615384,0.01,rent,medium,under_1b
176047917,132358812,cho thuê phòng trọ giá rẻ,1800000,15.0,Quận Long Biên,Phường Ngọc Thụy,Hà Nội,Phòng trọ,3.0,12 giờ trước,"Dự án: 
Thông tin chi tiết: Phòng sẵn giường tủ điều hoà nóng lạnh..
Điện 3,5k/ số
Nước 18k/ khối
Vào ở luôn
Chỗ để xe rộng rãi thoải mái
Internet mạnh
Gần chung cư khai sơn, học viện hậu cần..",120000.0,0.0018,rent,very_small,under_1b
176005042,132321949,cho thuê nhà riêng,19000000,60.0,Quận Thanh Xuân,Phường Khương Đình,Hà Nội,Nhà ở,4.0,10 giờ trước,"Dự án: 
Thông tin chi tiết: Cho thuê nhà 16 ngõ 11 vương thừa vũ - Thanh Xuân - Hà Nội . Nhà 4 tầng ô tô ỗ cửa . Một bước ra Trường Chinh. Dịch vụ không thiếu thu gỉ , bv dhy y, roal city …. Ưu tiên hộ gia đình ở , kinh doanh online . Nhà đầy đủ tiện nghi nội thất . Liên hệ chị Hằng ***( nhà rộng rãi thoáng sạch nội thất xịn sò ….)",316666.6666666667,0.019,rent,small,under_1b
176047977,132358858,Cho thuê nhà nguyên căn phố Việt Hưng ,11000000,42.0,Quận Long Biên,Phường Việt Hưng,Hà Nội,Nhà ở,3.0,12 giờ trước,"CHO THUÊ NHÀ NGUYÊN CĂN PHỐ VIỆT HƯNG - Ô TÔ ĐỖ GẦN - 3PN - NỘI THẤT CƠ BẢN - Ở HỘ GIA ĐÌNH - GẦN BIG C LONG BIÊN, BỆNH VIỆN ĐA KHOA ĐỨC GIANG!
+ Vị trí: khu vực dân cư đông đúc, an ninh tốt, gần KĐT Việt Hưng, Vinhomes Riverside, Big C Long Biên, trường học các cấp.
+ Nhà xây mới 5 tầng: 
Tầng 1: PK, bếp, WC 
Tầng 2,3,4: mỗi tầng 1PN, WC. 
Tầng 5: phòng thờ, sân phơi.  
+ Nội thất: 3 điều hoà, 3 nóng lạnh, sofa, tủ bếp, bếp từ, hút mùi, tủ lạnh, máy giặt, giường tủ.
+ Thanh toán 3 tháng/lần – Cọc 1 tháng – Hợp đồng 1 năm.",261904.7619047619,0.011,rent,small,under_1b
176014961,132330188,"Chính Chủ Cho Thuê Văn Phòng giá rẻ tại 850 Đường Láng, Hà Nội",10000000,100.0,Quận Đống Đa,Phường Láng Thượng,Hà Nội,"Văn phòng, Mặt bằng kinh doanh",3.0,13 giờ trước,"Tòa Nhà văn phòng chuyên nghiệp, LÔ GÓC thoáng mát, Gồm 7 tầng nổi, làm việc 24/24h Sàn rộng 100m/01 tầng, sạch đẹp, Thoáng mát thích hợp làm văn phòng công ty, 										
đường trước mặt rộng 20m, có bãi đỗ xe ô tô, xe máy, Ô tô vào tận nhà, có chỗ để ô tô  và xe máy.										
Tòa nhà nằm ngay trung tâm đắc địa, bên cạnh Khách sạn A1 Hill Hotel và rất nhiều tòa nhà văn phòng và chung cư lớn, đông người, gần chợ, gần nhiều trường học… 										
Rất thuận lợi để mở văn phòng công ty, mở văn phòng đại diện, mở chi nhánh…. Nâng tầm giá trị Doanh nghiệp khi có một văn phòng tại tòa nhà.										
Tòa nhà Hoạt động 24/24h miễn phí bảo vệ an ninh, lễ tân... Có cơ hội hợp tác đầu tư startup phát triển kinh doanh và cơ hội miễn phí được đào tạo kinh doanh và marketting miễn phí trong hệ sinh thái BIGWIN GROUP										
địa chỉ: Số 848/850 Đường Láng, Hà Nội										
Giá rẻ: 10 triệu/tháng, (giá cũ 16 triệu) rộng 100m2, cửa sổ lô góc, wc, nước nóng…										
CHú ý: có hoa hồng cho môi giới và ưu đãi lớn khi Liên hệ ngay: Mr Đại ***										
",100000.0,0.01,rent,medium,under_1b
176057546,132367103,"CHÍNH CHỦ CHO THUÊ NHÀ NGUYÊN CĂN 4 TẦNG Tiền Lệ, sơn đồng",6500000,42.0,Huyện Hoài Đức,Xã Song Phương,Hà Nội,Nhà ở,4.0,6 giờ trước,"CHÍNH CHỦ CHO THUÊ NHÀ NGUYÊN CĂN 4 TẦNG
Tiền Lệ, sơn đồng
+ Thông tin chi tiết:
• Diện tích: 42 m2
• 4 tầng
• Tầng 1: Phòng khách - bếp - nhà vệ sinh
• Tầng 2 & 3: Mỗi tầng 2 phòng ngủ rộng, sàn gỗ, cửa sổ lớn cực kỳ thoáng và mát
• Tầng 4 (tum): Sân phơi - khu giặt
Nhà sạch sẽ, thiết kế hợp lý, khu dân cư yên tĩnh, an ninh tốt, gần chợ - trường học.
Điện nước giá dân
Có đủ bếp từ/ hút mùi/ tủ lạnh/ quạt trần/ giường tủ/ nóng lạnh....
Phù hợp cho gia đình nhỏ, sinh viên, cặp vợ chồng trẻ hoặc nhân viên văn phòng cần không gian riêng tư, dễ chịu.",154761.90476190476,0.0065,rent,small,under_1b
176017268,132332320,"Cho thuê VP cao cấp Thanh Xuân 240m2 thông sàn, chuyên nghiệp hiện đại",52000000,240.0,Quận Thanh Xuân,Phường Khương Mai,Hà Nội,"Văn phòng, Mặt bằng kinh doanh",3.0,12 giờ trước,"Văn phòng chuyên nghiệp, tòa mới đẹp, phù hợp nhiều mô hình doanh nghiệp.
Vị trí: Phố Lê Trọng Tấn, quận Thanh Xuân, Hà Nội
Tòa nhà văn phòng 8 tầng + 1 hầm
Diện tích xây dựng: 280m²/sàn
Mặt tiền rộng 10m, dễ nhận diện thương hiệu
🔹 Hiện trống tầng 3
Diện tích sử dụng: 240m2
Thiết kế thông sàn vuông vắn, dễ setup nội thất
Không gian rộng thoáng, nhiều ánh sáng tự nhiên
🔹 Trang bị sẵn:
Thang máy tốc độ cao
Điều hòa âm trần
Trần thạch cao hiện đại
Hệ thống cửa kính chuyên nghiệp
PCCC đầy đủ
Máy phát điện dự phòng
🔹 Phù hợp làm:
✔ Văn phòng công ty
✔ Trung tâm đào tạo
✔ Lớp học
✔ Spa, thẩm mỹ
✔ Phòng khám
✔ Showroom…
💰 Giá thuê: 52 triệu/tháng
Giá chưa bao gồm VAT
Đã bao gồm phí dịch vụ
⏰ Thời gian hoạt động linh hoạt:
Làm việc tất cả các ngày trong tuần, kể cả ngày lễ
Từ 8h00 – 22h30
Miễn phí làm thêm giờ
📞 Liên hệ ngay để xem văn phòng thực tế và hỗ trợ thuê nhanh.
",216666.66666666666,0.052,rent,large,under_1b
176048117,132358978,CHO THUÊ CHUNG CƯ KHAI SƠN CITY NGỌC THỤY,10000000,86.0,Quận Long Biên,Phường Ngọc Thụy,Hà Nội,Căn hộ/Chung cư,2.0,12 giờ trước,"CHO THUÊ CHUNG CƯ KHAI SƠN CITY - NGỌC THUỴ - BỒ ĐỀ - 3PN, 2WC -  NỘI THẤT CƠ BẢN - TIỆN ÍCH 5 SAO - GẦN TRƯỜNG, CÔNG VIÊN, CHỢ!
🌹 Diện tích 86m2: 2PN , 2WC. 
Nhà mới tinh. 
+ Lắp full : 3 điều hoà, 2 nóng lạnh, bếp từ, hút mùi, rèm cửa.
+ Điện nước giá dân.
+ Hình thức thanh toán: đóng 3 cọc 1. Hợp đồng 1 năm
  #KhaiSonCity. #ThuongThanh.  
#ChungCu.",116279.06976744186,0.01,rent,medium,under_1b
175833589,132174687,CHÍNH CHỦ CHO THUÊ CCMN - 25M2 - FULL NỘI THẤT,3700000,20.0,Quận Thanh Xuân,Phường Hạ Đình,Hà Nội,Phòng trọ,3.0,10 giờ trước,"Vị trí: 28 phố Hồ Hạ đình (đường Khương đình)
👉🏻 Phòng mới, full nội thất hiện đại, hệ thống pccc đầy đủ, khoá vân tay
👉🏻 Có thang máy – thiết kế trẻ trung, tiện nghi, khép kín, miễn phí gửi xe.
👉🏻 Chỉ việc xách vali vào ở
👉🏻Vị trí ngay hồ mát mẻ, thuận tiện chạy bộ, tập thể dục.",185000.0,0.0037,rent,very_small,under_1b
176017403,132332431,"Cho thuê nhà ngõ Đê La Thành, đoạn đại học GTVT, tổng DTSD 170m2",13000000,90.0,Quận Ba Đình,Phường Ngọc Khánh,Hà Nội,Nhà ở,3.0,12 giờ trước,"Cho thuê 2 tầng nhà riêng, ngõ 1142 Đê La Thành, đoạn gần đại học Giao Thông Vận Tải

Diện tích mỗi tầng gần 90m2

Ngang 3.5m

Có sân nhỏ trước nhà, ngõ oto đi qua

Tầng 1 : phòng khách, 1 phòng riêng khép kín, 1 wc, 1 bếp và 1 sân phía sau

Tầng 2 : 2 phòng riêng khép kín, 1 phòng lớn và 1 wc

Sẵn đèn điện điều hòa

Phù hợp làm văn phòng, kho hàng, lớp học, có thể ở lại 1-2 người

Tầng 3 và 4 chủ nhà chỉ để đồ đạc, hiện ở địa điểm khác

GIá thuê 13TR / tháng",144444.44444444444,0.013,rent,medium,under_1b
175993610,132311958,CHÍNH CHỦ CHO THUÊ VĂN PHÒNG 75M2 TẠI HOÀNG CẦU,12000000,75.0,Quận Đống Đa,Phường Ô Chợ Dừa,Hà Nội,"Văn phòng, Mặt bằng kinh doanh",3.0,10 giờ trước,"CHO THUÊ VĂN PHÒNG HOÀNG CẦU – 75M2 CHỈ 12TR/THÁNG 🔥

Bạn đang tìm văn phòng rộng rãi, giá tốt ngay trung tâm Đống Đa?
Diện tích 75m2 cực đẹp tại Hoàng Cầu, phù hợp làm công ty, showroom, văn phòng đại diện, kinh doanh online…

✅ Diện tích: 75m2
✅ Giá thuê chỉ: 12 triệu/tháng
✅ Không gian vuông vắn, dễ setup
✅ Có điều hòa, thang máy, bảo vệ
✅ Khu vực đông dân cư, giao thông thuận tiện

📍 Vị trí đẹp gần Xã Đàn – Ô Chợ Dừa – Thái Hà
☎️ Liên hệ: *** để xem văn phòng thực tế.",160000.0,0.012,rent,medium,under_1b
176048226,132359072,CHO THUÊ NHÀ NGUYÊN CĂN MẶT PHỐ NGUYỄN SƠN,30000000,52.0,Quận Long Biên,Phường Ngọc Lâm,Hà Nội,Nhà ở,3.0,12 giờ trước,"CHO THUÊ NHÀ NGUYÊN CĂN MẶT PHỐ LÝ SƠN - THƯỢNG THANH - VỈA HÈ RỘNG - 4 LÀN XE CHẠY - THANG MÁY - PCCC ĐẦY ĐỦ - NGAY GẦN CẦU ĐÔNG TRÙ - KINH DOANH TẤT CẢ CÁC MẶT HÀNG SẠCH SẼ, VĂN PHÒNG, NGÂN HÀNG, PHÒNG KHÁM….
+ Vị trí : ngay đầu cầu Đông Trù.
+ TK: 
Tầng 1,2,3,4,5: thông sàn, WC. 
Tầng 6: sân phơi
+ Nội thất : Full điều hoà, nóng lạnh. 
+ Phù hợp: văn phòng, công ty, người nước ngoài, ở hộ gia đình…
+ Hình thức thanh toán : đóng 3 - 6 cọc 1. HĐ trên 1 năm. Cho thuê lâu dài.",576923.0769230769,0.03,rent,small,under_1b
176055382,132365222,cho thuê nhà ở,7000000,25.0,Quận Hai Bà Trưng,Phường Thanh Lương,Hà Nội,Nhà ở,4.0,8 giờ trước,"cho thuê nhà ở 25m*4 tầng. Phù họp hộ gia đình, cá nhân, nhóm bạn bè.  Gần khu trung tâm, bệnh viền. Thuận tiện chợ búa, sinh hoạt. Điện nước tự trả. Nội thất cơ bản đầy đủ ĐH, tủ lạnh, máy giặt.
liên hệ số dt. ***",280000.0,0.007,rent,very_small,under_1b
174925084,131398567,Cho Thuê VP  - KD Online T3 diện tích 50m2 Ngõ 91 Nguyễn Chí Thanh,5000000,50.0,Quận Đống Đa,Phường Láng Hạ,Hà Nội,"Văn phòng, Mặt bằng kinh doanh",3.0,8 giờ trước,"Văn phòng T4 cho thuê tại ngõ 91 đường Nguyễn Chí Thanh, Phường Láng Hạ, Đống Đa, Hà Nội, với diện tích 50 m². 
Đây là một lựa chọn lý tưởng cho các doanh nghiệp đang tìm kiếm không gian làm việc tiện nghi và thoải mái. Hoặc KD online

* Ưu điểm*.
- Giá thuê chỉ 5 triệu VND, rất hợp lý cho vị trí trung tâm.
- Nội thất đầy đủ, bao gồm điều hòa, mang lại sự tiện nghi ngay khi vào làm việc.
- Nhà 2 mặt tiền rộng 18m, để xe máy thoải mái.
- Trang bị camera an ninh quanh VP đảm bảo an ninh tốt.
- Đường vào rộng 5m, dễ dàng tiếp cận bằng xe ô tô.

* Địa điểm tiện ích xung quanh.
- Trung tâm 4 trường đại học.
- Khu Trung Tâm Văn Phòng Các Tập Đoàn Lớn.
- Vin com.
- 100m đến chợ Thành Công + Hồ Thành Công.
- Bãi gửi xe.
- Gần các bệnh viện như mắt Sài Gòn và bệnh viện thận Hà Nội.
- Nhiều công viên như công viên Gandhi và công viên Indira Gandhi.
- Các siêu thị như Teekiu Mart và Winmart Trung Hòa.
- Trường học như trường tiểu học Quan Hoa và Vinastudy.",100000.0,0.005,rent,small,under_1b
175489473,131879851,Nguyễn Xiển - Triều Khúc: Cho thuê mặt bằng,11000000,90.0,Huyện Thanh Trì,Xã Tân Triều,Hà Nội,"Văn phòng, Mặt bằng kinh doanh",3.0,12 giờ trước,"Cho thuê mặt bằng làm văn phòng, kho, showroom, trung tâm dạy học…
Diện tích: tầng 1 78m2, tầng 4 90m2. Cho thuê cả 2 tầng hoặc từng tầng.
Nhà mới xây, căn góc, 2 mặt tiền dài rộng thiết kế đẹp, có thang máy, đỗ ô tô thoải mái, thuận tiện.
Địa chỉ: Làng nghề Triều Khúc, 300 Nguyễn Xiển đi vào, Thanh Liệt, HN.
Vui lòng liên hệ: ***",122222.22222222222,0.011,rent,medium,under_1b
175100924,131546044,Cho thuê 6000m làm bãi oto trung chuyển,350000,6000.0,Quận Hoàng Mai,Phường Hoàng Liệt,Hà Nội,Đất,3.0,12 giờ trước,"Em đang có ~ 6000m2 đất trống đã san phẳng, có tường rao B40, có bốt bảo vệ (ko mái che, hoặc mái lưới) khu vực Linh Đàm, Bằng Liệt, Linh đường, gần hồ Linh Đàm. 

Cần cho thuê, làm bãi để xe oto, hoặc để máy công trình, bến bãi thu trả hàng hóa xe du lịch, xe khách 50 chỗ, xe Container chạy tuyến.
 Cần tìm khách hàng hợp tác lâu dài.
Anh em cần alo ngay, giá cả hợp lý

☎☎☎: ***",58.333333333333336,0.00035,rent,very_large,under_1b
175599112,131974084,Chính chủ cần bán gấp căn hộ 9 phòng cho thuê có dòng tiền sẵn,10980000000,60.0,Quận Nam Từ Liêm,Phường Phương Canh,Hà Nội,Nhà ở,9.0,3 giờ trước,Chính chủ cần bán gấp căn hộ 9 phòng đang cho thuê có dòng tiền 35 triệu / tháng ( có thể cải tạo thành 10 phòng). Có sẵn ô làm thang máy chưa lắp. Đường rộng có thể đỗ oto trước cửa. Vị trí thuận tiện gần trường cao đẳng FPT và đại học quốc gia Hà Nội. Nhu cầu ở cao tỉ lệ kín phòng 100%. Chủ thiện chí bán để giá rẻ nhất khu vực chỉ 10 tỷ 980 triệu đồng. ,183000000.0,10.98,rent,small,over_10b
175862706,132199373,cho thuê nhà mặt phố phúc diễn 210 m2 ,25000000,210.0,Quận Bắc Từ Liêm,Phường Phúc Diễn,Hà Nội,"Văn phòng, Mặt bằng kinh doanh",3.0,14 giờ trước,"CHO THUÊ NHÀ XƯỞNG – PHÚC DIỄN
📍 Địa chỉ: Đường Phúc Diễn
📐 Diện tích: 210m²
🚗 Vị trí đẹp: 2 mặt trước – sau thông thoáng, ô tô lưu thông thuận tiện
🛣️ Đường rộng, xe công tránh nhau thoải mái
⚡ Điện 3 pha công suất lớn, nước sạch đầy đủ
🏭 Nhà mặt phố, phù hợp nhiều mô hình kinh doanh: sản xuất, kho hàng, showroom, v.v.
💰 Giá thuê: 25triệu/tháng
📞 Liên hệ: [Điền số điện thoại] để biết thêm chi tiết và xem mặt bằn",119047.61904761905,0.025,rent,large,under_1b
176045916,132357110,Chính chủ mời thuê nhà nguyên căn 5 tầng mới 3 ngủ 4wc,8000000,33.0,Quận Hoàng Mai,Phường Lĩnh Nam,Hà Nội,Nhà ở,3.0,13 giờ trước,"Diện tích sử dụng 144m2 3 ngủ 4 wc
Có điều hòa, nóng lạnh, tủ bếp
Chỉ cần chuyển đồ đến ở
Ô tô qua cửa nhà có ở hoặc thể kinh doanh online các mặt hàng sạch sẽ như bán quần áo, mỹ phẩm....",242424.24242424243,0.008,rent,small,under_1b
176055484,132365306,"Cho thuê căn hộ Đê La Thành, DT 35m2, thoáng sáng, sạch sẽ, giá tốt",4200000,35.0,Quận Đống Đa,Phường Ô Chợ Dừa,Hà Nội,Căn hộ/Chung cư,1.0,8 giờ trước,"Cho thuê căn hộ tầng 2, mặt phố 412 Đê La Thành, Đống Đa, Hà Nội:
- Diện tích: 35m2
- Căn hộ khá mới, thoáng sáng, sạch sẽ, đủ nội thất, giờ giấc thoải mái
- Chủ nhà lịch sự, thiện chí
- Liên hệ chính chủ: ***",120000.0,0.0042,rent,small,under_1b
176053120,132363268,CHO THUÊ CĂN HỘ STUDIO CỬA SỔ FULL NỘI THẤT NGAY TU HOÀNG  NAM TỪ LIÊM,3400000,31.0,Quận Nam Từ Liêm,Phường Xuân Phương,Hà Nội,Căn hộ/Chung cư,1.0,9 giờ trước,"Thiết kế hiện đại
- Cửa sổ rộng rãi thoáng mát
- Đầy đủ tiện ích như: điều hòa, tủ lạnh, giường, bàn ghế, tủ quần áo, bếp, kệ bếp trên+dưới, hút mùi,...
- Full nội thất chỉ cần xách vali vào ở
- Giờ giấc tự do, ra vào cổng vân tay
- Hệ thống PCCC đầy đủ, camera an ninh 24/7
-----------------------------------
Tiện ích xung quanh
- Xung quanh có các tiện ích như: chợ, ATM, siêu thị, khu vui chơi, quán cafe, công viên,...
- Thuận tiện di chuyển ra các đường lớn như: Cầu Diễn, Xuân Phương, Vạn Xuân,...
- Gần các trường đại học như Đại học Công Nghiệp, Đại học Tài Nguyên và Môi Trường, Công nghệ Đông Á,...",109677.41935483871,0.0034,rent,small,under_1b
176046090,132357161,Cho thuê nhà ngõ Khương Đình- Thanh Xuân- DT 40m2 x4 tầng,11000000,40.0,Quận Thanh Xuân,Phường Khương Đình,Hà Nội,Nhà ở,4.0,13 giờ trước,"Dự án: 
Thông tin chi tiết: - Mô Tả : 40m2*4  tầng 4pn3vs 
- Nội Thất : 4 điều hoà, 3 nóng lạnh 
- Phù hợp: gia đình,vp cty, kd onl,ở nhóm nữ 5-6b
- Vị Trí  : Gần 16x Khương Đình
- Thanh Toán : đóng 3 cọc 1
- HĐ 1-5 năm
- Thời gian nhận nhà: ngay
- Lh ngay để dc tư vấn và dẫn đi xem nhà miễn phí.
- Thông tin và hình ảnh chuẩn xác 100%",275000.0,0.011,rent,small,under_1b
176012821,132328491,"Chính chủ cho thuê nhà 2 mặt phố 121 Đường Nguyễn Chí Thanh, Hà Nội",40000000,62.0,Quận Đống Đa,Phường Láng Thượng,Hà Nội,"Văn phòng, Mặt bằng kinh doanh",3.0,12 giờ trước,"Thông tin mô tả:

Nhà 4 tầng hai mặt tiền: Mặt trước là 121 đường Nguyễn Chí Thanh, mặt sau là đường Láng Trung cũ (hiện đang là cửa hàng Nguyễn wine).

Diện tích mặt bằng 62m2, mặt tiền 4,2m.

Nhà vuông vắn, vỉa hè rộng rãi, để xe rộng.

Cho thuê lâu dài, phù hợp kinh doanh: Phòng khám, siêu thị, văn phòng, cửa hàng bán lẻ, trưng bày sản phẩm, phòng giao dịch, công chứng, spa...

Giá thỏa thuận.

Liên hệ: *** (Chính chủ)",645161.2903225806,0.04,rent,medium,under_1b
174812726,131304519,Chính chủ cho thuê nhà ở phố Tân Mai Hoàng Mai,2500000,25.0,Quận Hoàng Mai,Phường Tân Mai,Hà Nội,Căn hộ/Chung cư,1.0,7 giờ trước,"Mình có căn phòng tầng 2 có gác
 lửng, phòng có điều hòa nóng lạnh đầy đủ, nhà nằm gần chung cư K35
 hồ Đền lừ, đi lại thuận tiện và, có nhà để xe tầng 1... An Ninh cực tốt.. 
Giá thuê 2,5tr/tháng., điện nước có đồng hồ riêng biệt.... Rất gần bến xe giáp bát.., trường học bách Kinh Xây ngay gần..
Liên hệ mình chủ nhà. Miễn trung gian.",100000.0,0.0025,rent,very_small,under_1b
176060409,132369490,Cho thuê chung cư 55m2,9000000,55.0,Quận Long Biên,Phường Sài Đồng,Hà Nội,Căn hộ/Chung cư,2.0,4 giờ trước,"Cho thuê căn góc 55m2, nội thất cơ bản, hợp đồng năm 1, có thể vào ở ngay trong tháng 6, liên hệ trực tiếp số đt *** hoặc zalo số trên",163636.36363636365,0.009,rent,small,under_1b
176050868,132361306,Cho thuê nhà mới Thang máy 5 tầng đẹp ở Ngõ 286 Bạch Đằng,15500000,45.0,Quận Hoàn Kiếm,,Hà Nội,Nhà ở,5.0,10 giờ trước,"Gia đình tôi có căn nhà riêng mới xây nhưng chưa có nhu cầu ở.
ô tô đỗ cửa nhà
DT 45m x 5T
Gồm 5 ngủ
Nhà đủ nóng lạnh và Khu bếp, có 03 điều hòa
Nhận nhà ngay
Phù hợp ở và làm Văn Phòng",344444.44444444444,0.0155,rent,small,under_1b
176050537,132361338,Cho thuê mặt bằng giá rẻ Bách Kinh Xây,4000000,20.0,Quận Hai Bà Trưng,Phường Bách Khoa,Hà Nội,"Văn phòng, Mặt bằng kinh doanh",3.0,10 giờ trước,"Cho thuê mặt bằng làm được đa dịch vụ văn phòng, số 25 ngõ 183 Trần Đại Nghĩa, đối diện KTX Đại học kinh tế quốc dân, chỗ để xe rộng rãi, ô tô tránh nhau. khu tập trung đông sinh viên bách kinh xây.",200000.0,0.004,rent,very_small,under_1b
176055745,132365508,"CHO THUÊ NGUYÊN CĂN NGỌC THUỴ - GẦN TRƯỜNG , CHỢ  - 4PNFULL NỘI THẤT",14000000,60.0,Quận Long Biên,Phường Ngọc Thụy,Hà Nội,Nhà ở,3.0,7 giờ trước,"CHO THUÊ NGUYÊN CĂN TẠI NGỌC THUỴ - GẦN TRƯỜNG , CHỢ NGỌC THUỴ - 5PN KHÉP KÍN- FULL NỘI THẤT - CÁCH Ô TÔ TRÁNH 100M!
 + Nhà 4 tầng : 
Tầng 1: PK, bếp, WC.
Tầng 2 , 3: mỗi tầng 2PN, WC khép kín.
Tầng 4 : 1 PN, sân phơi.
+ Nội thất: 4 điều hoà, 2 nóng lạnh, 3 bộ giường tủ, máy giặt, bếp, hút mùi, tủ bếp, …
+ Nhận nhà: ngay. 
+ Hình thức thanh toán : đóng 3 cọc 1 . HĐ trên 1 năm. Cho thuê lâu dài.
LH ***",233333.33333333334,0.014,rent,small,under_1b
176055713,132365510,Cho thuê nhà,15000000,32.0,Quận Đống Đa,Phường Văn Chương,Hà Nội,Nhà ở,3.0,7 giờ trước,"Nhà trung tâm quận Đống Đa cũ, giao thông kết nối thuật tiện, gần trường học, bệnh viện, phòng rộng rãi wc khép kín, thuận tiện cho việc vừa ở vừa kinh doanh.",468750.0,0.015,rent,small,under_1b
172523752,129326280,"Chính chủ cho thuê căn hộ 136 Vũ Phạm Hàm: 30m2, full nội thất, 3,8tr",3800000,30.0,Quận Cầu Giấy,Phường Trung Hoà,Hà Nội,Căn hộ/Chung cư,1.0,8 giờ trước,"Chính chủ cho thuê căn hộ 136 Vũ Phạm Hàm, Trung Hoà, Cầu Giấy: Diện tích 30m2, full nội thất chỉ việc vào ở, ngay trung tâm giao thông thuận tiện, giá cho thuê 3,8tr",126666.66666666667,0.0038,rent,very_small,under_1b
175309087,131724609,Cho thuê phòng trọ,3000000,25.0,Quận Hà Đông,Phường Kiến Hưng,Hà Nội,Phòng trọ,3.0,10 giờ trước,"Chính chủ cho thuê phòng trọ. Nhà mặt đường, phòng 20-25m2, nội thất đầy đủ, phòng tắm, vs riêng biệt,  giá phòng từ 2.000.000, 3.000.0000 tuỳ phòng lớn nhỏ, ở luôn, không gian thoáng thuận tiện, tầng 2, thanh toán tháng một lần,",120000.0,0.003,rent,very_small,under_1b
175587792,131964304,Chính chủ tôi cần cho thuê 9tr/tg căn 1N+ đẹp và đủ đồ Vinsmart city,9000000,48.0,Quận Nam Từ Liêm,Phường Tây Mỗ,Hà Nội,Căn hộ/Chung cư,1.0,11 giờ trước,"Do chưa có nhu cầu sử dụng tôi cần cho thuê nhanh căn hộ 1N+ phân khu Sakura Vinsmart, đầy đủ đồ , nội thất thiết thiết kế cực kỳ đẹp .
- Diện tích: 43m² -- Được thiết kế thành 1N , 1 vs và thêm 1 ô cộng linh hoạt cho công năng sử dụng
- Giá thuê: 9tr có thương lượng cho khách nhiệt tình
- Nội thất tôi hoàn thiện đẹp và đủ đồ, gia đình sử dụng nội thất nhập khẩu xịn và được thiết kế với tông màu trang nhã.
- Tiện ích xung quanh có bể bơi 4 mùa lớn nhất , nội khu rộng đc thiết kế như 1 vườn Nhật thu nhỏ, cạnh trường tiểu học Vin, xung quanh có rất nhiều trường mầm non, giáp với khu biệt thự liền kề Geleximco nên đầy đủ tiện ích ăn uống và giải trí..
Liên hệ: *** để được xem nhà và thương lượng về giá",187500.0,0.009,rent,small,under_1b
176053607,132363689,Chính chủ cho thuê nguyên căn liền kề tại dự án Him Lam Vạn Phúc,60000000,91.0,Quận Hà Đông,Phường Vạn Phúc,Hà Nội,"Văn phòng, Mặt bằng kinh doanh",3.0,9 giờ trước,"CHO THUÊ SHOPHOUSE 7 TẦNG THÔNG SÀN
HIM LAM VẠN PHÚC – HÀ ĐÔNG
Mặt tiền 6.5m  |  Hai mặt tiền  |  Vị trí kinh doanh đắc địa
THÔNG TIN BẤT ĐỘNG SẢN:
•	Diện tích: 91m² sàn
•	Quy mô: 7 tầng hoàn thiện, thiết kế thông sàn
•	Mặt tiền: 6.5m, vỉa hè rộng rãi
•	Vị trí: Hai mặt tiền tại Khu đô thị Him Lam Vạn Phúc, Hà Đông
•	Tiện ích: Thang máy, hệ thống điện ,nước hoàn chỉnh.
ĐIỂM NỔI BẬT – THIẾT KẾ TỐI ƯU CHO KINH DOANH:
Chủ nhà đã chủ động cải tạo và tối ưu lại toàn bộ thiết kế theo hướng thông sàn, không gian mở linh hoạt, sẵn sàng đáp ứng đa dạng loại hình kinh doanh mà không cần đầu tư cải tạo thêm:
•	Spa, thẩm mỹ viện, phòng khám
•	Văn phòng công ty, chi nhánh ngân hàng
•	Showroom trưng bày, cửa hàng thời trang
•	Trung tâm đào tạo, lớp học, học viện
LỢI THẾ VỊ TRÍ:
•	Tọa lạc tại trung tâm Hà Đông, khu dân cư đông đúc, dân trí cao
•	An ninh đảm bảo 24/7, hoạt động kinh doanh sầm uất
•	Giao thông thuận tiện, dễ dàng kết nối các quận trung tâm Hà Nội
Giá thuê: 60tr/tháng có thương lượng 
Liên hệ : ***
",659340.6593406594,0.06,rent,medium,under_1b
175860798,132197807,"Cho thuê căn hộ GS1 Diện tích 82m2 gồm 3PN, 2WC đã có đồ cơ bản 12tr",12000000,82.0,Quận Nam Từ Liêm,Phường Tây Mỗ,Hà Nội,Căn hộ/Chung cư,3.0,13 giờ trước,"Chính chủ cần cho thuê căn hộ chung cư Vinhomes Smars City tòa GS1 căn góc  Diện tích 82m2 gồm 3 phòng ngủ , 2 phụ , phòng khách rộng , có đồ cơ bản ( giao nhà ngay)  Giá : 12 triệu / tháng Ai quan tâm vui lòng liên hệ : *** để xem nhà trực tiếp,",146341.46341463414,0.012,rent,medium,under_1b
176056043,132365753,CHO THUÊ CĂN HỘ CHUNG CƯ 2PN TẠI NGỌC THUỴ - VỈA HÈ - FULL NỘI THẤT,9000000,80.0,Quận Long Biên,Phường Ngọc Thụy,Hà Nội,Căn hộ/Chung cư,2.0,7 giờ trước,"☘️CHO THUÊ CĂN HỘ CHUNG CƯ 2PN TẠI NGỌC THUỴ - VỈA HÈ - Ô TÔ TRÁNH - FULL NỘI THẤT - KHÁCH CHỦ SÁCH VALY VỀ Ở - SÁT TRƯỜNG VIỆT PHÁP!
✅Giá 9tr. Nhận nhà ngay
+ Thiết kế 2 ngủ riêng biệt thoán😆 sáng , 1 khách , 1 bếp, 1 vs , khu phơi riêng. 
+ Nhà mặt phố Gia Thượng 4 ô tô tránh nhau. 
+ Nhà thang máy, thoáng. 
+ Có máy giặt riêng,khu phơi riêng. không nuôi Pet. 
+ Dịch vụ: 250k (internet, dọn vs khu vực chung 1 tuần/lần, thang máy); Điện 3,8k/số; Nước 25k/khối.
+ LH:***",112500.0,0.009,rent,medium,under_1b
175440235,131837373,Cho Thuê Phòng Phú Đô - Khép Kín - Không Chung Chủ - Giá Sinh Viên,3400000,28.0,Quận Nam Từ Liêm,Phường Phú Đô,Hà Nội,Phòng trọ,3.0,5 giờ trước,"Dự án: 
Thông tin chi tiết: Mình còn 1 phòng ở số 7A ngách 191 ngõ 8 Lê Quang Đạo.

- Phòng đầy đủ đồ mang quần áo đến là ở

- Khoá Vân Tay, giờ giấc tự do, có máy giặt máy sấy

- Lh chính chủ, xem phòng thoải mái.",121428.57142857143,0.0034,rent,very_small,under_1b
175982157,132302286,TỔNG HỢP CĂN HỘ CHO THUÊ VINHOME SMART CITY GIÁ TỐT FULL ĐỒ TỪ 6TR,6000000,54.0,Quận Nam Từ Liêm,Phường Tây Mỗ,Hà Nội,Căn hộ/Chung cư,2.0,11 giờ trước,"🔥 TỔNG HỢP CĂN GIÁ TỐT VINHOMES SMART CITY – CHỌN LÀ CÓ

Không cần tìm nhiều, bên mình có sẵn rất nhiều căn hộ theo từng mức giá: nhắn tin ngay cho mình qua zalo . *** để xem

💰 Studio: 5,5 – 7tr
💰 1PN: 6,5 – 8tr
💰 1PN+: 7 – 8,5tr
💰 2PN: 8 – 9tr
💰 2PN+: 10 – 11tr
💰 3PN: 10 – 13tr

✔ Nhiều căn đẹp – giá tốt theo từng thời điểm
✔ Có thể vào ở ngay
✔ Gửi video thực tế từng căn

👉 Chỉ cần nhắn nhu cầu – gửi đúng căn phù hợp,

📲 Zalo: ***",111111.11111111111,0.006,rent,small,under_1b
176055039,132365776,Chính chủ cho thuê phòng ở ngõ 198 Xã Đàn ,3000000,20.0,Quận Đống Đa,Phường Phương Liên,Hà Nội,Phòng trọ,3.0,7 giờ trước,"Mình có phòng 3tr ở ngõ 198 Xã Đàn cách bách Kinh Xây tầm 1km.
Không chung chủ. 2 phòng chung 1 nhà vệ sinh
Điện 3.5k/ số 
Nước 100k/ người
Internet 50k/ người
Phòng có cửa sổ thoáng, có điều hòa, bình nóng lạnh 
Có máy giặt chung
Có chỗ nấu ăn
Có camera an ninh 
Xe free",150000.0,0.003,rent,very_small,under_1b
175745820,132099576,Chính chủ cho thuê nhà 2 tầng DTSD 40 m2 ngõ Bách Thảo HN,10500000,20.0,Quận Ba Đình,Phường Ngọc Hà,Hà Nội,Nhà ở,1.0,4 giờ trước,"Dự án: 
Thông tin chi tiết: Gia đình cần cho thuê nhà 2 tầng 20 m2x2 tầng nội thất đầy đủ , khu vực đắc địa, trung tâm Ba Đình Hà Nội,  ngõ rộng , Ô tô tránh nhau, sát công viên bách thảo,  sau lưng nhà khách chính phủ, môi trường xanh sạch đẹp, an ninh tốt, nhiều tiện ích phố cổ vượt trội. 
Có chỗ để xe ô tô và xe máy miễn phí.
giá thuê 10.500.000 vnd/tháng ￼￼￼
Miễn trung gian và báo mạng￼",525000.0,0.0105,rent,very_small,under_1b
176053752,132363812,"CHO THUÊ CĂN HỘ 1N1K , BAN CÔNG SIÊU RỘNG - NẰM NGAY LÊ ĐỨC THỌ",5700000,35.0,Quận Nam Từ Liêm,Phường Mỹ Đình 2,Hà Nội,Căn hộ/Chung cư,1.0,9 giờ trước,"Tiện ích bao gồm như: bàn ghế, điều hòa, tủ quần áo, bếp, kệ bếp trên+dưới, hút mùi,..
- Căn hộ ban công siêu thoáng, rộng rãi 
- Giờ giấc tự do, ra vào bằng cửa cổng vân tay 
- Hệ thống PCCC đầy đủ, an ninh 24/7
 
-------------------------------
- Toà nhà nằm ngay đường lớn, oto ra vào thoải mái
- Toà nhà nằm ngay khu vực an ninh, gần nhiều tiện ích như quán ăn, cafe, chợ, ATM, trạm metro, aeon,...
- Gần đường lớn Trần bình, Lê đức thọ, Mỹ đình, Tôn thất thuyết, Hồ tùng mậu,...
-  Xung quanh có các trường Đại học Thương Mại, Sư phạm Hà Nội, Tài Nguyên và Môi Trường, Mỏ Địa Chất,...",162857.14285714287,0.0057,rent,small,under_1b
175903967,132234789,Cho thuê phòng trọ ngõ 144 Quan Nhân,5000000,40.0,Quận Thanh Xuân,Phường Nhân Chính,Hà Nội,Phòng trọ,3.0,13 giờ trước,"⏰Còn Phòng Ngõ 144 Quan Nhân,Thanh Xuân 

⏰Trống 1p Tầng 6

👉Thang Máy, điều hoà, tủ lạnh.

🍀Nội thất : Full đồ VSKK ( máy giặt chung )",125000.0,0.005,rent,small,under_1b
173299701,129996331,"Cho thuê nhà riêng 3 tầng 3 ngủ thoáng mát Đồng Nhân, Đông La",5000000,37.0,Huyện Hoài Đức,Xã Đông La,Hà Nội,Nhà ở,3.0,9 giờ trước,"Nhà 3 tầng 3 phòng ngủ
- Nội thất cơ bản: Điều hòa, nóng lạnh, bình lọc nước, giường, tủ quần áo, tủ bếp, bàn ăn
- Điện nước giá dân dùng bao nhiêu trả bấy nhiêu
- Nhà hướng Đông Nam thoáng mát
- Ngõ thông công nông chạy qua
Anh chị em nào cho nhu cầu liên hệ Mrs Loan: ***",135135.13513513515,0.005,rent,small,under_1b
175743638,132097580,cho thuê phòng 199 hồ tùng mậu,3000000,18.0,Quận Bắc Từ Liêm,Phường Phú Diễn,Hà Nội,Phòng trọ,3.0,12 giờ trước,"Dự án: 
Thông tin chi tiết: phòng đầy đủ full đồ từ a-z , chỉ việc xách vali vào ở , có đầy đủ máy giặt máy sấy tiện lợi , có nhận để xe máy xe điện free , pccc đầy đủ , quan tâm liên hệ *** or zalo",166666.66666666666,0.003,rent,very_small,under_1b
176046667,132357732,"cho thuê chỉ ở hoặc làm văn phòng , phòng học....",3500000,25.0,Quận Long Biên,Phường Gia Thụy,Hà Nội,"Văn phòng, Mặt bằng kinh doanh",3.0,13 giờ trước,"Dự án: 
Thông tin chi tiết: Nằm ở tầng 2 mặt phố 636 Ngọc Lâm, khu vực sầm uất nhất Long Biên",140000.0,0.0035,rent,very_small,under_1b
176058213,132368006,Cho thuê p trọ,2400000,25.0,Quận Tây Hồ,Phường Bưởi,Hà Nội,Phòng trọ,3.0,5 giờ trước,"Cho thuê p trọ tại ngõ 81 Lạc Long Quân (hoặc ngõ 28 Võ Chí Công).
Đầy đủ điều hòa + nóng lạnh; vệ sinh, bếp khép kín.
Giờ giấc tự do.
Không chung chủ.
Khu vực an ninh tốt, đảm bảo PCCC, để xe tầng 1.
Gần chợ và nhiều dịch vụ khác.
Điện: 4k/số.
Nước 40k/số.
Add zalo hoặc nhắn tin nếu không gọi được.",96000.0,0.0024,rent,very_small,under_1b
176050850,132361895,"Phòng trọ cho thuê Khu vực Quan Hoa, Cầu giấy, HN",3500000,25.0,Quận Cầu Giấy,Phường Quan Hoa,Hà Nội,Phòng trọ,3.0,10 giờ trước,"Phòng trọ 20m2-25m2, giá 3,5tr đến 4 triệu/tháng (có thiện trí có thể thương lượng gia lộc); khép kín, có điều hòa, nóng lạnh, giao thông thuận lợi, vài bước chân ra đường lớn Quan Hoa, gần Đại học giao thông. Phù hợp cho cả người đi làm, người đã có gia đình… Liên hệ Ông Quang: *** (không tiếp trung gian)",140000.0,0.0035,rent,very_small,under_1b
176051589,132361926,Cho thuê phòng nhỏ 1 người,1500000,10.0,Huyện Thanh Trì,Xã Tân Triều,Hà Nội,Phòng trọ,3.0,10 giờ trước,"Nhà riêng đang trống  1 phòng tầng 3. Điều hòa riêng. Máy giặt chung tầng 1.
Ưu tiên nam sinh viên.",150000.0,0.0015,rent,very_small,under_1b
176053928,132363988,Cho thuê 5 căn ở Xuân Phường để ở và kd online 9 -11tr,9000000,55.0,Quận Nam Từ Liêm,Phường Xuân Phương,Hà Nội,Nhà ở,4.0,9 giờ trước,"cho thuê nhà ở Trịnh Văn Bô, Phương canh gần CĐ FPT, Bệnh viện Phenika
CĂN 1:  45mx4 tầng, 4 phòng ngủ giá 9tr/tháng. gần full đồ oto đỗ cách nhà 30m
Căn 2:  60mx3 tầng, 5 pn, oto đỗ cửa, giá 11tr/tháng
Căn 3:  35mx5 tầng, 4 phòng ngủ, nhà mới xây được 2 năm, giá 11tr/tháng
Căn 4:  32mx5 tầng, 3 pn, full đồ, nhà mới giá 11tr/tháng
Căn 5:  60mx4 tầng, 6 phòng ngủ, full điều hòa, giá 12tr/tháng
phù hợp ở gđ và nhóm bạn, kết hợp làm vp, kd online,...
ai có nhu cầu liên hệ mình",163636.36363636365,0.009,rent,small,under_1b
174973170,131440340,"Cho thuê nhà 132 mặt ngõ Hoàng An, Lê Duẩn - Hà Nội S 30m2x3 tầng...",8500000,30.0,Quận Đống Đa,Phường Trung Phụng,Hà Nội,Nhà ở,3.0,13 giờ trước,"Cho thuê nhà 132 ngõ Hoàng An, Lê Duẩn, Đống Đa - Hà Nội. Diện tích 30m2 x3 tầng, nhà mặt ngõ rộng, ngõ thông ra hồ Ba Mẫu, phố Khâm Thiên, phố chợ Khâm Thiên, khu trung tâm rất tiện đi lại. Giá 8tr500, ai có nhu cầu thuê xin liên hệ anh Phúc chủ nhà xin cảm ơn!",283333.3333333333,0.0085,rent,very_small,under_1b
176001643,132318942,Cho thuê 2N2WC full đồ view bể bơi 10tr5,10500000,55.0,Quận Nam Từ Liêm,Phường Tây Mỗ,Hà Nội,Căn hộ/Chung cư,2.0,10 giờ trước,"Cho thuê 2N2WC full đồ view bể bơi 10tr5, tham khảo thêm quỹ Liên hệ ***",190909.0909090909,0.0105,rent,small,under_1b
175430942,131829504,Trống 4 phòng cho thuê,5000000,50.0,Quận Hoàng Mai,Phường Giáp Bát,Hà Nội,"Văn phòng, Mặt bằng kinh doanh",3.0,9 giờ trước,"Dự án: 
Thông tin chi tiết: Hiện mình trống 4 phòng cho thuê văn phòng, lớp học, phòng tập vv..vv diện tích 40m2-55m2 wc riêng giá 5 triệu - 6 triệu (có thang máy mặt đường Kim Đồng to đẹp). Ai có nhu cầu liên hệ chính chủ.",100000.0,0.005,rent,small,under_1b
170563546,127633164,Cho Thuê Mặt Bằng Kinh Doanh Văn Phòng DT 80m² Nguyễn Khoái HBT Hà Nội,15000000,80.0,Quận Hai Bà Trưng,Phường Vĩnh Tuy,Hà Nội,"Văn phòng, Mặt bằng kinh doanh",3.0,9 giờ trước,"Chính chủ cho thuê sàn văn phòng tại Số 262 Nguyễn Khoái, Hai Bà Trưng, Hà Nội.

- Diện tích mỗi sàn văn phòng: 80m²/ sàn.
- Mặt tiền tòa nhà 6.5 mét & 2 mặt thoáng.
- Giá thuê hoàn toàn cởi mở để hai bên đàm phán. Chính sách đặc biệt ưu đãi dành cho các doanh nghiệp khởi nghiệp.

- Tiện ích: Tòa nhà mới xây hoàn thiện, thiết kế thông minh tiện nghi, trang bị thang bộ, thang máy, hầm để xe máy, nhà vệ sinh, đã hoàn thiện trần thả, hệ thống điều hòa, chiếu sáng, rèm cửa kính.
- Tòa nhà nằm trên trục đường giao thông chính thuận tiện, ô tô đỗ cửa, khu vực đảm bảo an ninh, đối diện Showroom ôtô KIA và cách dốc Minh Khai 20 mét.
- Tòa phù hợp với nhiều mục đích sử dụng: Kho hàng kết hợp văn phòng & kinh doanh online, văn phòng, gym, phòng khám, trung tâm giáo dục & đào tạo,...

Thông tin liên hệ chính chủ:
Hotline/Zalo BQL Tòa Nhà - Hotline BQL Tòa nhà",187500.0,0.015,rent,medium,under_1b
176051793,132362095,"CHO THUÊ NHÀ 3 TẦNG – BỒ ĐỀ, LONG BIÊN 4PN, FULL ĐỒ –LÔ GÓC, NGÕ ÔTÔ",20000000,95.0,Quận Long Biên,Phường Bồ Đề,Hà Nội,Nhà ở,4.0,10 giờ trước,"CHO THUÊ NHÀ 3 TẦNG – BỒ ĐỀ, LONG BIÊN – 4PN – GAZA ÔTÔ, FULL ĐỒ –LÔ GÓC, NGÕ ÔTÔ THÔNG –20M MẶT PHỐ HỒNG TIẾN, 20TR/THÁNG
* Cách mặt phố HỒNG TIẾN 20M,oto ngủ trong nhà , gần chợ, trường học,Hồ điều hòa,công viên.
* Diện tích sử dụng: 95m²,oto ngủ trong nhà
* Thiết kế: 3 tầng
+Tầng :1 khách bếp,vs+ 1 ngủ
+Tầng 2 : 2 ngủ,vs 
+Tầng 3: 1 ngủ,phòng thờ,sần phơi,
* Nội thất đầy đủ không thiếu gì khách chỉ việc về ở.
+ Điện nước giá dân. 
+ Kinh doanh mặt hàng sạch sẽ , nhà hàng, ngân hàng, văn phòng…..
+Đóng 6 cọc 1. HĐ lâu dài. 
+ Nhận nhà: ngay.
LH:***9",210526.31578947368,0.02,rent,medium,under_1b
174967804,131436409,CHÍNH CHỦ CHO THUÊ MẶT BẰNG KINH DOANH-DT 220m2 - TÂY HỒ - GIÁ RẺ,37000000,220.0,Quận Tây Hồ,Phường Xuân La,Hà Nội,"Văn phòng, Mặt bằng kinh doanh",3.0,10 giờ trước,"CHÍNH CHỦ CHO THUÊ MẶT BẰNG KINH DOANH-DT 220m2 tại Quận TÂY HỒ - GIÁ RẺ

- Tầng 1 toà đông chung cư học viện quốc phòng thuộc phường Xuân La, Quận Tây Hồ Hà Nội 
- Vị trí đắc địa giữa các tuyến đường Hoàng Quốc Việt - Nguyễn Văn Huyên 
(cách hoàng Quốc Việt 300m cách Nguyễn Văn Huyên 150mét)
Kí hiệu số căn : 106

- Tổng diện tích : 220m2 ( thông thuỷ )
- Nội thất cơ bản: 
+ Sàn lát gạch granite
+ Tường sơn bả màu trắng
+ Hệ thống điện 1pha-3pha,hệ thống ổ cắm,dây điện & Aptomat
+ Hệ thống lắp điều hòa
+ Hệ thống nước sạch,2 nhà vệ sinh 
- Thích hợp Cho mọi hình thức kinh doanh
- Cho thuê lâu dài 

- Giá cho thuê : 42 triệu/tháng ( Thương lượng nếu thiện chí )
Liên hệ chính chủ A Tuấn",168181.81818181818,0.037,rent,large,under_1b
176047133,132358077,Cho thuê nhà cấp 4 ,4200000,65.0,Quận Hà Đông,Phường Quang Trung,Hà Nội,Phòng trọ,3.0,13 giờ trước,Nhà cấp 4 gồm 2 phòng ngủ sân trước rộng sân sau có bếp,64615.38461538462,0.0042,rent,medium,under_1b
176051894,132362227,CHO THUÊ PHÒNG ĐƯỜNG DƯƠNG QUẢNG HÀM,3500000,40.0,Quận Cầu Giấy,Phường Quan Hoa,Hà Nội,Phòng trọ,3.0,10 giờ trước,"Nhà mình toàn người ở lâu cùng gia đình, nay mới có bạn lấy chồng nên chuyển đi, hiện còn 1 phòng trống muốn cho một hoặc 2 người ở. 
Cấu trúc nhà mình gồm 4 tầng, tầng 1 là nhà để xe chung và bếp, cho thuê các tầng trên, không ở với chủ, tự cầm chìa khóa. Phòng cho thuê ở tầng 4, diện tích sử dụng là 40m2, gồm phòng ở 30m2, còn lại là công trình phụ riêng biệt và sân phơi rất sạch sẽ, thoáng đãng và tiện lợi. Có wifi, nóng lạnh đầy đủ. Khu nhà mình rất tiện chợ búa, bệnh viện, trường học, các khu công cộng, an ninh tốt. Giá thuê là 3,5 triệu/tháng; điện và nước có công tơ riêng và chia đều đầu người, tính theo giá nhà nước. Nhà mình cho thuê chính chủ, không qua trung gian.",87500.0,0.0035,rent,small,under_1b
176037738,132349941,Cho thuê văn phòng tại Láng Hạ 200m2 40t vị trí cực đẹp,40000000,200.0,Quận Đống Đa,Phường Láng Hạ,Hà Nội,"Văn phòng, Mặt bằng kinh doanh",3.0,11 giờ trước,"Dự án: 
Thông tin chi tiết: 🔥NÓNG NHẤT LÚC NÀY KHÔNG PHẢI HÀ NỘI🔥 Mà em đang có văn phòng siêu đẹp Đống Đa  - Hà Nội

👉Diện tích: 200m2

👉Giá thuê: 40t /tháng

👉Bàn giao đầy đủ trần, sàn, điều hoà, rèm, PCCC,...

👉Ô góc view 2 kính rất đẹp

👉Free ngoài giờ, chỗ để ô tô thoải mái

⚡️Liên hệ ngay em Tiến để được tư vấn và hỗ trợ ***

☎️Hotline: ***

💎Chúc anh chị chốt được sàn văn phòng ưng ý",200000.0,0.04,rent,large,under_1b
176063252,132371863,Cho thuê mặt bằng kinh doanh,12000000,80.0,Huyện Chương Mỹ,Thị trấn Chúc Sơn,Hà Nội,"Văn phòng, Mặt bằng kinh doanh",3.0,14 phút trước,"🔥 CHO THUÊ MẶT BẰNG KINH DOANH – VỊ TRÍ ĐẸP, TRUNG TÂM, NHẬN DIỆN CAO 🔥

📍 Mặt bằng nằm trên trục đường lớn, khu vực đông dân cư, giao thông qua lại nhộn nhịp, cực kỳ phù hợp để xây dựng thương hiệu.

💼 ƯU TIÊN:
✔ Ngân hàng
✔ Showroom, thương hiệu lớn (thời trang, mỹ phẩm, điện máy,…)
✔ Văn phòng giao dịch, chuỗi cửa hàng chuyên nghiệp

🚫 KHÔNG cho thuê kinh doanh hàng ăn / quán nhậu

✨ Ưu điểm nổi bật:

Mặt tiền rộng, dễ nhận diện thương hiệu
Khu vực xung quanh nhiều cửa hàng, hoạt động kinh doanh sầm uất
Không gian vuông vức, dễ setup theo nhu cầu
Phù hợp làm showroom, văn phòng, cửa hàng flagship

📸 Hình ảnh thực tế bên dưới – xem là thấy tiềm năng ngay!

💰 Giá thuê: Thỏa thuận trực tiếp (ưu tiên khách thuê lâu dài, ổn định)

📞 Liên hệ ngay: *** hoặc ***",150000.0,0.012,rent,medium,under_1b
176548962,132790288,"Cho thuê mặt bằng kinh doanh, kho xưởng",22000000,180.0,Quận Bắc Từ Liêm,Phường Cổ Nhuế 1,Hà Nội,"Văn phòng, Mặt bằng kinh doanh",3.0,2 giờ trước,"Chính chủ cho thuê mặt bằng kinh doanh, kho xưởng, garaoto mặt đường Phan Bá Vành 3 ô tô tránh nhau ( ngay sau Thành Phố Giao Lưu)
+ Diện tích 180m2 (9x20m)
+ điện 3 pha
+ mặt tiền đường 9m.
Tiện làm garaoto, kho xưởng tập kết hàng hoá, kinh doanh hàng quán, văn phòng công ty đều được.
",122222.22222222222,0.022,rent,large,under_1b
176506325,132753436,"Cho Thuê Nguyên Toà MBKB 
Phù Hợp Nhà Hàng Lớn ",50000000,130.0,Quận Thanh Xuân,Phường Khương Đình,Hà Nội,"Văn phòng, Mặt bằng kinh doanh",3.0,9 giờ trước,"Cho Thuê Nguyên Toà MBKB 
Phù Hợp Nhà Hàng Lớn 
Tại ngõ 460 Khương Đình , khu ngõ nhộn nhịp tấp nập
Nhà 3 Tầng 
Hệ thống nhà tắm nhà vệ sinh thoải mái dùng rất nhiều nvs 
Tầng nào cũng có nvs vô kể 🤣
Tâng 1 thông sàn + 1 phòng 
Tầng 2 chia thành các phòng riêng 
Tâng 3 thông sàn 
Chi tiết ở video và ảnh 
",384615.3846153846,0.05,rent,large,under_1b
176539557,132782110,cc cần cho thuê cc 72m 2N 2Wc VOV Mễ Trì  Nam Từ Liêm Hà Nội,13000000,72.0,Quận Nam Từ Liêm,Phường Mễ Trì,Hà Nội,Căn hộ/Chung cư,2.0,8 giờ trước,"Dự án: 
Thông tin chi tiết: chính chủ cần cho thuê căn hộ cao cấp 72m gồm 2 phòng ngủ to ,1 phòng khách ,2Wc ,nội thất điều hoà nóng lạnh đầy đủ...
tiện ích xung quanh ,cách sân vận động Mỹ Đình 1km , bến xe Mỹ Đình 2km , siêu thi BigC 300 m 
Thuận lợi di chuyển về các hướng các quận trung tâm 
vị trí ; nằm trên đường lương thế vinh , VoV Mễ Trì Nam từ Liêm Hà Nội",180555.55555555556,0.013,rent,medium,under_1b
175319538,131733556,cho thuê phòng trọ ở,2500000,24.0,Huyện Hoài Đức,Thị trấn Trạm Trôi,Hà Nội,Nhà ở,1.0,6 giờ trước,"Gia đình mình có một phòng trọ khép kín cần cho thuê. Căn phòng khoảng 24m2, khép kín có giường, tủ, điều hòa, bình nóng lạnh và đặc biệt có khác xép Phòng trọ nằm trong khu tập thể quân đội dân trí cao, đường xá thuận tiện, oto lưu thông tránh nhau. Mình cho thuê mức giá vừa phải, mong muốn người thuê sử dụng, quản lý cho tốt. Lưu ý, phòng trọ gần nhà trẻ và các trường học, trong khu gia đình có chợ cóc, siêu thị ngay tại khu. Điện nước theo giá nhà nước người thuê tự đóng. ",104166.66666666667,0.0025,rent,very_small,under_1b
176549101,132790345,cần cho thuê nhà,9000000,32.0,Quận Tây Hồ,Phường Thụy Khuê,Hà Nội,Nhà ở,3.0,1 giờ trước,"Dự án: 
Thông tin chi tiết: Tôi cần cho thuê một ngôi nhà ngõ 460 thuỵ khuê. Có sân để xe ngoài tiện lợi, ngõ xe ba gác. Mong muốn cho hộ gia đình thuê lâu dài. Số điện thoại liên hệ xem trực tiếp: ***",281250.0,0.009,rent,small,under_1b
175835066,132175959,"Cho thuê căn hộ đầy đủ tiện nghi phố Xã Đàn, Đống Đa",4500000,35.0,Quận Đống Đa,Phường Phương Liên,Hà Nội,Căn hộ/Chung cư,1.0,12 giờ trước,"Cho thuê phòng tại địa chỉ D18 ngõ 91 Phố Ô Đồng Lầm, quận Đống Đa (đối diện Công viên Thống Nhất đường Lê Duẩn hoặc đi từ ngõ 198 phố Xã Đàn) 

- Tầng 2, diện tích 35m2.. Bếp nấu riêng ở tầng 1, không lo ám mùi chật chội.

- Khép kín, đầy đủ trang thiết bị vệ sinh cao cấp

- Đầy đủ tiện nghi: giường, tủ, điều hoà, nóng lạnh, máy giặt, wifi … chỉ cần dọn vào ở.

- Đường rộng, ô tô vào tận cửa

-  Nhà mới xây, không gian thoáng đãng, khu nhà phân lô yên tĩnh, để xe dễ dàng, thời gian thoải mái.

- Vị trí trung tâm TP, gần hồ, công viên Thống Nhất và gần nhiều cơ quan, Trường Đại học như Bách Khoa, Kinh tế quốc dân, Công đoàn, Thuỷ lợi, Học viện Ngân hàng… 
LH: chính chủ cô Thuỷ ***
",128571.42857142857,0.0045,rent,small,under_1b
176522815,132767842,CHO THUÊ NHÀ MẶT PHỐ,40000000,64.0,Quận Bắc Từ Liêm,Phường Cổ Nhuế 1,Hà Nội,"Văn phòng, Mặt bằng kinh doanh",3.0,9 giờ trước,"Bên thuê cũ hết hạn vào cuối tháng 6 này, nên em có phương án:
1. Gia chủ sẽ sửa sang lại để cho thuê 
2. Gia chủ để người thuê thiết kế theo kiến trúc mong muốn.
Với vị trí mặt tiền ở một khu trung tâm sầm uất, đối diện Học Viện chính trị quốc gia, cạnh Học viện Kỹ thuật Quân sự, Trường cao đẳng Du Lịch, Đại học điện lực… khu vực đông dân cư và mặt tiền 5m. Rất phù hợp với tất cả các loại hình kinh doanh. Nhưng nếu khách nào thuê mở phòng khám, kinh doanh về học tập,  thì gia chủ ưu tiên hơn ạ.🌺❤️
Diện tích sử dụng 64m 5 tầng, mặt tiền 5m
Cần biết thêm chi tiết cả nhà cứ liên hệ trực tiếp ",625000.0,0.04,rent,medium,under_1b
175255397,131678310,"Cho thuê BT Vườn Đào 50 triệu, 165m2, 6PN 4WC view đẹp tại Tây Hồ",50000000,165.0,Quận Tây Hồ,Phường Phú Thượng,Hà Nội,Nhà ở,6.0,11 giờ trước,"Nhà biệt thự cho thuê tại BT Vườn Đào, ngõ 689 Lạc Long Quân, Phú Thượng, Tây Hồ, Hà Nội.

Điểm đặc biệt:
- Thiết kế 4 tầng với 6PN + 4WC/PT + bếp, diện tích 165m2. (Phù hợp làm văn phòng, công ty, nhà ở).
- Mặt tiền 10m, hướng cửa chính và ban công đều hướng Nam, mang lại ánh sáng tự nhiên và không khí thoáng đãng.
- Nội thất cơ bản, sẵn sàng cho việc bố trí theo nhu cầu của khách hàng.
- Giá thuê 50 triệu VND, phù hợp cho gia đình hoặc làm văn phòng.

Tiện ích xung quanh:
- Gần bệnh viện Tim Hà Nội - cơ sở 2 và Bệnh viện Phụ sản Thiện An.
- Siêu thị Winmart + tiện lợi cho nhu cầu mua sắm hàng ngày.
- Các trường học như Học viện Thiết kế và Thời trang London, ME School Vườn Đào và Trường Tiểu học Phú Thượng.

Liên hệ ngay để được tư vấn miễn phí: Thoá tại ***.",303030.30303030304,0.05,rent,large,under_1b
176544371,132786293,cho thuê nhà nguyên căn 32 m2 xây 5 tầng giá 5.5 tr/1 tháng .,5500000,35.0,Quận Hà Đông,Phường Biên Giang,Hà Nội,Nhà ở,3.0,5 giờ trước,"Dự án: 
Thông tin chi tiết: Cho thuê nhà nguyên căn phúc thành biên giang . Nhà 5 tầng 3 pn khép kín . Dọn nhà về ở ngay giá 5.5 tr/1 tháng . Điện nước giá dân . 2 điều hoà 2 nóng lạnh .",157142.85714285713,0.0055,rent,small,under_1b
176496753,132745339,🏡CHO THUÊ NHÀ LÀM VĂN PHÒNG > DIỆN TÍCH 60M > ĐUỜNG 15M >  VỈA HÈ OTO,22000000,60.0,Quận Hoàng Mai,Phường Hoàng Văn Thụ,Hà Nội,"Văn phòng, Mặt bằng kinh doanh",3.0,8 giờ trước,"🏡CHO THUÊ NHÀ LÀM VĂN PHÒNG > DIỆN TÍCH 60M THÔNG SÀN > ĐUỜNG 15M > VỈA HÈ OTO XE MÁY TRÁNH ĐỖ THOẢI MÁI. 

- Khu Phân Lô Đền Lừ. Trung tâm kinh doanh sầm uất, tập trung nhiều công ty, doanh nghiệp lớn.

- Mô tả : 
+ Nhà 4 Tầng : 
+ T1 : Thông sàn , bếp, vs
+ T2,3 : Mỗi tầng 2 Phòng + Vskk
+ T4 : 2 Phòng ( 1 Phòng khép kín và 1 Phòng thờ + sân phơi ).

- Tiện ích đầy đủ, cạnh Hồ Đền Lừ, Hàng quán không thiếu gì.

- Giá Thuê 22 triệu. 

📞 Liên hệ : ***",366666.6666666667,0.022,rent,small,under_1b
176384104,132649085,"Cho thuê phòng Studio tại Ngõ 51 Trần Điền, Phương Liệt, Thanh Xuân",4600000,27.0,Quận Thanh Xuân,Phường Phương Liệt,Hà Nội,Phòng trọ,3.0,7 giờ trước,"•	Phòng MỚI HOÀN TOÀN – chưa qua sử dụng, vào ở ngay
•	Diện tích 27m² – rộng rãi, thoải mái cho 1-2 người
•	Full nội thất cao cấp: giường, sofa, tủ quần áo, bàn làm việc, điều hòa, nóng lạnh
•	Khu vực bếp riêng – tự nấu ăn thoải mái, tiết kiệm chi phí sinh hoạt
•	Vệ sinh khép kín – riêng tư, sạch sẽ, tiện nghi
🏢 Tiện ích tòa nhà:
•	Camera an ninh giám sát 24/7 – an toàn tuyệt đối
•	Khu để xe riêng biệt của tòa nhà – không lo mất xe
•	Tự do giờ giấc ra vào – không bị bó buộc
•	Khu vực dân cư văn minh, an ninh tốt
📍 Vị trí:
•	Ngõ 51 Trần Điền, Phương Liệt, Thanh Xuân – khu vực trung tâm, sầm uất
•	Gần các trường đại học, bệnh viện, siêu thị
•	Thuận tiện di chuyển ra trung tâm, vành đai 2-3
•	Giá thuê: 4.600.000 đ
•	📞 Liên hệ xem phòng: *** (Gọi hoặc nhắn Zalo – hỗ trợ xem phòng các ngày trong tuần)
",170370.37037037036,0.0046,rent,very_small,under_1b
176165651,132460686,Chính chủ cho thuê nhà ngõ 445 Lạc Long Quân- Tây Hồ- Hà Nội,15000000,42.0,Quận Tây Hồ,Phường Xuân La,Hà Nội,Nhà ở,4.0,7 giờ trước,"Dự án: 
Thông tin chi tiết: CHO THUÊ NHÀ NGUYÊN CĂN - LÔ GÓC ÔTÔ ĐỖ CỬA  PHỐ LẠC LONG QUÂN- XUÂN LA 
- Ngõ 445 Lạc Long Quân, thông qua Võ Chí Công-Tây Hồ - HN
- S = 42m2  x 5 tầng, 2 mặt tiền, ô tô đỗ cửa
- Tầng 2,3,4,5 mỗi tầng 1 phòng ngủ và wc riêng( 4 phòng ngủ)
- Cho thuê ở gđ, ở nhóm, hoặc vpcty
- Nội thất : 3 Điều hoà, 3 nóng lạnh, tủ bếp , bệ bếp, 4 quạt trần…
-Giá: 15tr. 3 cọc1, hđ dài hạn
- LH : ***
Phí 1/2 seles",357142.85714285716,0.015,rent,small,under_1b
176542158,132784311,"cho thuê nhà nguyên căn ngõ 89 Lạc Long Quân, Hà Nội",21000000,100.0,Quận Cầu Giấy,Phường Nghĩa Đô,Hà Nội,Nhà ở,4.0,7 giờ trước,"Cho thuê nhà nguyên căn ngõ 89 Lạc Long Quân Hà Nội
Loại hình: nhà riêng 4 tầng 1 tum, nhà trong ngõ,  ô tô vào được cổng, thông sang đường Võ Chí Công. Đầu ngõ là Đại siêu thị Fujimart.

Diện tích: 100 m2 bao gồm cả sân rộng để được ô tô nhỏ, có chỗ để xe máy riêng, điều hòa các phòng

Thiết kế: Tầng 1: sân vườn, phòng khách, bếp, WC, phòng kho

Tầng 2,3,4: 2 phòng to, wc, 1 phòng nhỏ

Nhà có sân vườn, nội thất cơ bản, nóng lạnh, tầng tum trên cùng, sân phơi

Gần chợ, trường học, siêu thị, bệnh viện...

Phù hợp hộ gia đình kết hợp kinh doanh

Liên hệ:   (Bác Điểm) 
Giá thuê 2x (x thiếu nhi) triệu/tháng (có thể thương lượng)",210000.0,0.021,rent,medium,under_1b
176549255,132790470,cho thuê căn hộ 124m2 2 ngủ 2wc tòa FLC Dương Khuê,14000000,124.0,Quận Nam Từ Liêm,Phường Mỹ Đình 2,Hà Nội,Căn hộ/Chung cư,2.0,1 giờ trước,"🔥🔥Cho thuê cc FLC DƯƠNG KHUÊ 
Diện tích 124m2 . 1k2n2vs . Giá 14tr
đủ đò điện nước giá dân
có chỗ để ô tô
nhà rộng 124m2 chủ sửa từ 3 ngủ sang 2 ngủ
phí dịch vụ 1.600k
xe máy 80k/ xe
ô tô 1700k trong hầm,1200k ngoài trời.",112903.2258064516,0.014,rent,large,under_1b
176458950,132712684,cho thuê nguyên tầng4 dt 35 m² đủ đồ,6000000,35.0,Quận Đống Đa,Phường Ngã Tư Sở,Hà Nội,Phòng trọ,3.0,11 giờ trước," Cho người đi làm thuê tầng 4 , nhà 6 tầng có thang máy , các  tầng không liên quan đến nhau xe để tầng 1 bếp và máy giặt để tầng 6 dùng chung, diện tích mỗi phòng 35 mét vuông có nhà vệ sinh bên trong nhà mới nội thất mới 1-2 người ở . cách mặt phố Trường Chinh 50 m đi bộ ra xe buýt rất gần . điện nước đóng theo giá nhà nước liên hệ số chủ ***",171428.57142857142,0.006,rent,small,under_1b
175883405,132217083,"Cho Thuê cả nhà Mặt phố Nguyễn Cảnh Dị, Hoàng Mai, Hà nội. 55m, 4 tầng",22000000,55.0,Quận Hoàng Mai,Phường Định Công,Hà Nội,Nhà ở,6.0,10 giờ trước,"- Nhà mặt phố chính, vỉa hè rộng mênh mông, đường thông thoáng, kinh doanh sầm uất. 
- Hiện trạng nhà không, vườn trống, nội thất không có gì ngoài nhà vệ sinh.
- Cầu thang giữa, vệ sinh và chia 2 phòng phía ngoài và phía trong. 
- Phía sau có khoảng thông giữa 2 nhà nên Phòng nào cũng Thoáng sáng, mát.
Liên hệ để đc xem nhà. ***
- Ưu tiên: Làm văn phòng, phòng khám Răng hàm mặt, Tai mũi Họng  và kết hợp với ở (nếu mở phòng khám Phụ Sản thì đừng gọi không cho thuê)",400000.0,0.022,rent,small,under_1b
176537419,132780300,Cho thuê văn phòng Nguyên Hồng 100m2 chỉ 13tr vuông đét mặt tiền 12m ,13000000,110.0,Quận Đống Đa,Phường Láng Hạ,Hà Nội,"Văn phòng, Mặt bằng kinh doanh",3.0,10 giờ trước,"Cho thuê văn phòng, mặt bằng Nguyên Hồng 100m2 chỉ 13tr vuông đét mặt tiền 12m

- Diện tích: 110m2/tầng đầy đủ pccc 
- GIá thuê chỉ từ 13tr/sàn cực rẻ có 102
- Thời gian làm việc thoải mái , bảo vệ 24/7
- Hầm xe máy rộng, bãi oto gần
- Cọc thanh toán linh động 
- Mặt tiền rộng full kính thoáng , vị trí thuận tiện

Liên hệ Ms Linh tư vấn free
",118181.81818181818,0.013,rent,large,under_1b
176317815,132591892,cho thuê VP tấng 3 và tầng 4,8000000,100.0,Quận Ba Đình,Phường Trúc Bạch,Hà Nội,"Văn phòng, Mặt bằng kinh doanh",3.0,11 giờ trước,"Nhà ở vị trí đẹp, đường rộng, thoáng, hè rộng thoáng để xe thoải mái. ",80000.0,0.008,rent,medium,under_1b
176434982,132692265,"Đường Văn Cao,Ba Đình cho thuê phòng",4500000,18.0,Quận Ba Đình,Phường Liễu Giai,Hà Nội,Phòng trọ,3.0,4 giờ trước,"300m đi bộ ra Hồ Tây dành cho mọi người đi dạo , đạp xe, chạy bộ.....Công việc đi lại rât thuận tiện.",250000.0,0.0045,rent,very_small,under_1b
173736151,130375985,"CHO THUÊ CHUNG CƯ VINHOMES OCEAN PARK GIÁ RẺ NHẤT, MIỄN PHÍ MÔI GIỚI",6000000,50.0,Huyện Gia Lâm,Thị trấn Trâu Quỳ,Hà Nội,Căn hộ/Chung cư,2.0,2 giờ trước,"Mô tả chi tiết
*Cam kết với toàn bộ quí khách hàng:
Hỗ trợ xem nhà 24/24h, bất kể nắng mưa, xem nhà trực tiếp trước khi thuê.
-. Miễn phí 100% chi phí môi giới.
- Cam kết thông tin rõ ràng, giá thuê đúng thực tế hiện trạng
- Tư vấn đúng nhu cầu, hợp đồng minh bạch, làm việc với chủ nhà uy tín, pháp lí rõ ràng, có thể đàm phán về giá hay chấm dứt hợp đồng
- Deal giá với chủ nhà để có một mức giá ***.
- Hỗ trợ mọi vấn đề phát sinh như tạm trú, vé xe, khuôn mặt,mạng internet,...Nói chung hỗ trợ anh chị chỉ cần đến ở, mọi thứ để em lo

*Giá thuê nhà sẽ deal được mức giá *** quĩ căn theo đúng ý anh chị tìm:
- Studio nguyên bản từ: 4tr5.
Full đồ: 6tr
- 1PN nguyên bản từ 5tr.
Full đồ từ: 7-7,5tr
- 2N1WC nguyên bản từ 5,5tr
Full đồ từ: 8-8,5tr
- 2N2WC nguyên bản từ 6tr5.
Full đồ từ: 8,5-9tr
- 3N2WC nguyên bản từ 8-8,5tr
Full đồ từ: 10-12tr

Sdt/Zalo : ***",120000.0,0.006,rent,small,under_1b
176518280,132763955,CHO THUÊ CHUNG CƯ LOTUS SÀI ĐỒNG – FULL NỘI THẤT CAO CẤP – VIEW ĐẸP,13000000,87.0,Quận Long Biên,Phường Việt Hưng,Hà Nội,Căn hộ/Chung cư,3.0,8 giờ trước,"Dự án: 
Thông tin chi tiết: CHO THUÊ CĂN HỘ TSG LOTUS - 190 SÀI ĐỒNG - LONG BIÊN

Căn hộ diện tích 87m², thiết kế tối ưu không gian với:

✅ 2 phòng ngủ rộng

✅ 1 phòng làm việc riêng

✅ 2 phòng vệ sinh

✅ Phòng khách rộng rãi thoáng thoáng mát

✅ Bếp và bàn ăn riêng biệt

✅ Full nội thất cao cấp đóng đồng bộ

✅ Tủ âm tường và hệ lưu trữ lớn

✅ Tầng cao, view thoáng

⸻

📍 Vị trí đẹp tại TSG Lotus - 190 Sài Đồng

* Cách Vincom Long Biên chỉ vài phút
* Gần Vinhomes Riverside
* Thuận tiện di chuyển cầu Vĩnh Tuy, cầu Chương Dương
* Khu dân cư văn minh, an ninh tốt

⸻

✨ Phù hợp:

✔ Chuyên gia nước ngoài

✔ Gia đình trẻ

✔ Quản lý doanh nghiệp

✔ Người làm việc tại nhà cần không gian riêng",149425.28735632185,0.013,rent,medium,under_1b
176539910,132782392,Cho thuê phòng chính chủ ngõ 530 Thụy Khuê ,5500000,35.0,Quận Tây Hồ,Phường Thụy Khuê,Hà Nội,Phòng trọ,3.0,8 giờ trước,"Cho thuê phòng chính chủ ngõ 530 Thụy Khuê, Cầu Giấy, Hà Nội 
✅Phòng 30m có cửa sổ thoáng , thang bộ , ánh sáng tự nhiên.
✅Trống tầng 3 vệ sinh khép kín 
✅Nội thất : full đồ -  Giường , tủ , điều hoà , nóng lạnh, bếp , máy giặt, máy sấy, tủ lạnh
Nhờ các bạn môi giới hỗ trợ phí sale 70% / tháng đầu. ",157142.85714285713,0.0055,rent,small,under_1b
168041805,125446517,CHO THUÊ PHÒNG KHÉP KÍN,3500000,24.0,Quận Hoàng Mai,Phường Thịnh Liệt,Hà Nội,Phòng trọ,3.0,2 giờ trước,"Phòng khép kín có bếp và khu vệ sinh riêng biệt, sạch sẽ, sáng, thoáng bởi nhà ở lô góc, đầy đủ tiện nghi điều hòa, quạt, nóng lạnh, tủ. Internet miễn phí.  Gần chợ. Nhiều hàng ăn. Đi lại thuận tiện rộng rãi. Không ở chung với chủ. Tự do đi khóa về mở. Điện, nước trả theo giá nhà nước, không mất thêm phí gì nữa.",145833.33333333334,0.0035,rent,very_small,under_1b
176549468,132790651,còn 2 phòg cho thuê ,2800000,22.0,Quận Cầu Giấy,Phường Trung Hoà,Hà Nội,Phòng trọ,3.0,1 giờ trước,"còn 2 phòg 1 phòng 2tr3 1 phòg 2tr8 phòg 2t8 thì full đồ ko thiếu gì. chỉ việc đến ở , phòg 2t3 có giường ,điều hòa, nóng lạnh. khóa cửa vân tay hết . đảm bảo an toàn. mìh là chủ nhà đăng tin lên ko tiếp môi giới đâu nhé",127272.72727272728,0.0028,rent,very_small,under_1b
176544702,132786575,chính chủ cho thuê nhà c4 kinh doanh tốt,3300000,50.0,Huyện Thanh Trì,Xã Ngọc Hồi,Hà Nội,Nhà ở,2.0,5 giờ trước,"Cơ hội cực tốt. Giá rẻ 3,3tr
 Cho thuê mặt bằng kinh doanh tại đầu chợ Tự Khoát - Ngọc Hồi_ thanh trì
 - Diện tích : 50m2
 - Mặt tiền rộng : 6m. 
 - Điện nước giá dân
 - Mật độ dân cư cao, lưu lượng người qua lại rất ổn định từ sáng đến tối. 
 - Nhà ở chính giữa ngã 3 ra đầu chợ Tự Khoát, gần trường Tiểu Học Ngũ Hiệp, THCS Ngũ Hiệp, THPT Lê Thánh Tông. 
 - Có thể vừa ở vừa kinh doanh nhỏ
Liên hệ xem nhà",66000.0,0.0033,rent,small,under_1b
176498174,132747666,"Cho thuê căn hộ 40m2 sang trọng tại 189 Hoàng Hoa Thám, giá siêu rẻ",7000000,40.0,Quận Ba Đình,Phường Liễu Giai,Hà Nội,Căn hộ/Chung cư,1.0,6 giờ trước,"Chính chủ cần cho thuê căn hộ dịch vụ dạng Studio cao cấp vừa mới hoàn thiện, thiết kế cực kỳ trẻ trung, hiện đại đáp ứng đầy đủ mọi tiện nghi cho cuộc sống.
•	📍 Vị trí đắc địa: Số 11A ngõ 189 phố Hoàng Hoa Thám, phường Liễu Giai, quận Ba Đình. Khu vực an ninh, dân trí cao, yên tĩnh.
•	📐 Diện tích: 40 M2, rộng rãi, thiết kế Studio thông minh, tối ưu không gian và ngập tràn ánh sáng.
•	🛋 Nội thất mới 100% - Cao cấp & Tiện nghi:
o	Giường ngủ lớn, tủ quần áo lớn thiết kế kịch trần tối giản.
o	Khu bếp hiện đại, tiện nghi.
o	Trang bị đầy đủ thiết bị cao cấp: Tivi, Tủ lạnh, Điều hòa nhiệt độ, Bình nóng lạnh... Chỉ việc xách vali về ở!
o	Hệ thống PCCC hiện đai, camera an ninh 24/7
•	🌳 Môi trường xung quanh & Tiện ích đỉnh cao (Bán kính 5-10 phút di chuyển):
o	Thư giãn & Di tích: Gần ngay Hồ Tây, Lăng Bác, công viên Bách Thảo và làng hoa Ngọc Hà cổ kính.
o	Mua sắm & Giải trí: Gần Trung tâm thương mại Lotte Mall hiện đại.
o	Y tế & Sức khỏe: Gần các bệnh viện lớn uy tín như Viện Phổi Trung ương, Viện Quân y 354, Bệnh viện Đa khoa Quốc tế Thu Cúc.
o	Giáo dục: Hệ thống trường học danh tiếng vây quanh: Trường Chu Văn An, Hoàng Hoa Thám, Ba Đình, Trường mầm non ME... cực kỳ thuận tiện cho các gia đình hoặc giáo viên nước ngoài.
•	💰 Giá thuê: 8 – 10 triệu/tháng (Có thương lượng tốt cho khách ở lâu dài, văn minh).
🔒 Giờ giấc tự do, khóa vân tay, an ninh đảm bảo tuyệt đối.
📞 Liên hệ chính chủ xem phòng ngay: *** (Zalo/Call).

",175000.0,0.007,rent,small,under_1b
176547116,132788641,"Chính chủ cho thuê nhà trọ,ccmn đầy đủ nội thất gần học viện tài chính",3900000,25.0,Quận Bắc Từ Liêm,Phường Cổ Nhuế 2,Hà Nội,Phòng trọ,3.0,4 giờ trước,"🏠 CHÍNH CHỦ CHO THUÊ PHÒNG TRỌ- CẠNH HỌC VIỆN TÀI CHÍNH - ĐH MỎ ĐỊA CHẤT- CĐ Y TẾ CỘNG ĐỒNG ...  (CÓ THANG MÁY - NỘI THẤT ĐẸP)
- CHÍNH CHỦ KHÔNG QUA MÔI GIỚI TRUNG GIAN -
✅ Cách trường Mỏ - HỌC VIỆN TÀI CHÍNH - 100m, Đi bộ ra trường
✅ Ngõ cửa Rộng 2 oto tải tránh nhau , Thông thoáng, Thoáng mát, tự do giờ giấc, Nội Thất đẹp
📍 Địa chỉ: Số 5, Ngõ 446 Cổ Nhuế 2, Hà Nội.
✅ Phòng rộng 20-30m², nội thất đẹp, vào ở ngay.
✅ Giá từ 3,xtr (Chính chủ, không môi giới).
Liên Hệ :
📞 SĐT *** - *** (Ms Mai)",156000.0,0.0039,rent,very_small,under_1b
176540054,132782518,Cho thuê Căn hộ khép kín - SN 48 Phố Chính Kinh - Thanh Xuân - Hà Nội,3000000,22.0,Quận Thanh Xuân,Phường Nhân Chính,Hà Nội,Căn hộ/Chung cư,1.0,8 giờ trước,"- Tòa nhà 48 Phố Chính Kinh gồm 6 tầng : Có nhiều căn hộ mini - Cách đường Nguyễn Trãi – Hà Nội 500 m, Cách trung tâm thương mại Royal City, Siêu thị PICO 1km, cạnh Chợ Thượng Đình và nhà Ga Metro đường sắt Cát Linh – Hà Đông, gần Chợ Gã Tư Sở rất thuận tiện cho việc mua bán và sinh hoạt
- Diện tích phòng P 301: 22m2+ 5m2 gác xép 
- 02 Ban công –mỗi ban công 3m2 
- 02 Cửa sổ nên rất thoáng
- 01 Tủ lạnh 
- 01 Máy giặt 7 kg
-01 Lò vi song

- 01 Điều hòa 12 BTU
- Tủ quần áo trên gác xép + Tủ kệ bếp đầy đủ.
- Trong nhà đầy đủ đồ dung trang thiết bị đủ để cho một hộ gia đình sinh hoạt.
- Nhà vệ sinh khép kín.
- Có nhà để xe riêng ở tầng 1 (không thu phí)
- Chỉ cho hộ gia đình thuê.
- Giá thuê: 3.000.000 vnđ/tháng.
- Điện: 3.400đ/kw.
- Nước: 27.000đ/m3.
- Internet cáp quang: Chỉ thu 50.000đ/tháng/hộ
Nếu ai có nhu cầu xin vui lòng liên hệ tới số điện thoại: Miễn trung gian
",136363.63636363635,0.003,rent,very_small,under_1b
176544768,132786623,cho thuê nhà 2 tầng,7000000,30.0,Quận Cầu Giấy,Phường Nghĩa Đô,Hà Nội,Nhà ở,1.0,5 giờ trước,"Dự án: 
Thông tin chi tiết: Cho thuê gia đình ở, bán hàng online
2 tầng tổng 50m2
Đầy đủ đồ cơ bản
Điện nước giá dân",233333.33333333334,0.007,rent,very_small,under_1b
176511450,132757961,CHO THUÊ Căn Studio CẦU GIẤY / Chính Chủ Full ĐỒ từ 4tr8,4800000,32.0,Quận Cầu Giấy,Phường Dịch Vọng,Hà Nội,Phòng trọ,3.0,12 giờ trước,"CHO THUÊ Căn Studio CẦU GIẤY
Địa Chỉ : 11a , Ngõ 329 , Đường Cầu Giấy
Loại phòng 32m2 : Studio + 1 gác xếp
-	FULL Đầy Đủ Nội Thất/ Thang Máy / An Ninh - PCCC đầy đủ ….
( Giường , Tủ, Bàn Ghế , ĐH , NL , Tủ Lạnh , Máy Giặt …..
-	Gần Ga Metro Chùa Hà, Bus , ĐHQG , Sư Phạm , Báo Chí , GTVT ….
𝑮𝒊𝒂́ 𝒕𝒉𝒖𝒆̂ : 
- 4tr8 Tầng 3 ( cơ bản ) 
- 5tr Tầng 5 ( Full Đồ ) 
𝐂𝐚𝐥𝐥𝐋 *** ( chính chủ )
",150000.0,0.0048,rent,small,under_1b
176518440,132764152,CHO THUÊ TRỌ KHU VỰC GIẢI PHÓNG,2400000,15.0,Quận Hoàng Mai,Phường Giáp Bát,Hà Nội,Phòng trọ,3.0,9 giờ trước,"Hiện tại mình đang còn phòng trống tại địa chỉ 815 Giải Phóng
 Giá phòng 2400k (phòng ở tầng 3 trong nhà 6 tầng).
 Phòng có nhà vệ sinh khép kín, điều hoà, nóng lạnh, máy giặt chung đầy đủ.
Chỗ để xe dưới tầng 1, phơi đồ trên tầng 6. Camera an ninh 24/7, giờ giấc thoải mái không chung chủ.
 Chi phí khác gồm:
• Điện khoảng: 2,6k/số (các phòng đều trang bị đồng hồ điện riêng)
• Nước: 100k/người
• Mạng: 50k/người
 Hợp đồng 1 năm, đóng 1 cọc 1.
Bạn nào có nhu cầu LH zalo số: *** để qua xem trực tiếp.",160000.0,0.0024,rent,very_small,under_1b
169603342,126800399,Chính chủ cho thuê phòng đơn full đồ Trần Quang Diệu. Đống Đa. Hà Nội.,1700000,12.0,Quận Đống Đa,Phường Ô Chợ Dừa,Hà Nội,Phòng trọ,3.0,9 giờ trước,"Chính chủ cho thuê phòng đơn full đồ Trần Quang Diệu. Đống Đa. Hà Nội. Chỉ từ 1.7tr. Khoá vân tay. Giờ tự do

Địa chỉ Ngõ 1V. Nhà 5 Trần Quang Diệu. Đống Đa Hà Nội. Phân lô. Ô tô tránh nhau. Cạnh Uỷ Ban Quận. Cạnh Hồ Hoàng Cầu. Và vô vàn Trường Đại Học Cao Đẳng. Dân trí cao. An ninh tuyệt đối. Hệ thống phòng cháy đầy đủ. Để xe miễn phí. Có không gian riêng. Không chung đụng ai. Giờ tự do khoá từ vân tay. Không chung chủ. Phòng nào cũng tràn ngập ánh sáng. Full cửa sổ 

Cạnh Ô Chợ Dừa. Tây Sơn. Hoàng Cầu. Xã Đàn. Yên Lãng. Tôn Đức Thắng. Nguyễn Lương Bằng. Ngã tư Sở. Thái Hà. Chùa Bộc ... 

LH. ***/ *** C Thương",141666.66666666666,0.0017,rent,very_small,under_1b
175591409,131967504,"Cho thuê căn full đồ, mặt phố Thụy Khuê, Tây Hồ 4 triệu/tháng",4000000,25.0,Quận Tây Hồ,Phường Thụy Khuê,Hà Nội,Căn hộ/Chung cư,1.0,2 giờ trước,"Căn hộ full đồ - nhà mặt phố Thụy Khuê - Tây Hồ - Oto đỗ cửa

Vị trí trung tâm thuận tiện di chuyển. Dễ dàng kết nối các tuyến phố chính.
Diện tích: 25m² thiết kế 1 ngủ + 1 khách và bếp riêng.
Trống căn hộ tầng 3 vào ở được luôn.
Giá thuê: 4 triệu/tháng (đóng 1 cọc 1).
Liên hệ xem phòng: Nguyễn Giang 90",160000.0,0.004,rent,very_small,under_1b
176542420,132784669,Chính chủ cho thuê văn phòng,8000000,50.0,Quận Đống Đa,Phường Phương Liên,Hà Nội,"Văn phòng, Mặt bằng kinh doanh",3.0,7 giờ trước,"•	Cho thuê văn phòng tầng 4 tại số 77 phố Xã Đàn, phường Kim Liên, Hà Nội.
•	Diện tích: 50 m2.
•	Giá thuê: 8 triệu đồng/tháng
•	Phù hợp với làm văn phòng  công ty, văn phòng đại diện…
•	Vị trí mặt đường Xã Đàn, giao thông thuận lợi, dễ dàng kết nối các phường trung tâm.
•	Khu vực đông dân cư, nhiều văn phòng và cơ sở kinh doanh.
•	Không gian riêng biệt, yên tĩnh, phù hợp với làm việc
•	Có thể sử dụng ngay
Khách thuê quan tâm vui long liên hệ số điện thoại: *** để xem mặt bằng trực tiếp
",160000.0,0.008,rent,small,under_1b
176513087,132760112,"Cho thuê phòng tại Thiên Hiền, Mỹ Đình, Từ Liêm, Hà Nội",3000000,20.0,Quận Nam Từ Liêm,Phường Mỹ Đình 1,Hà Nội,Phòng trọ,3.0,9 giờ trước,"Cho thuê nhà tại số nhà 14, ngách 87/2 Phố Thiên Hiền, Từ Liêm, Hà Nội.
Phòng diện tích ~ 20 m2, nội thất cơ bản, vệ sinh đầy đủ.
Gần ngay các trường học, chợ và bến xe
Liên hệ: cô Khen ***",150000.0,0.003,rent,very_small,under_1b
175100510,131549751,CHÍNH CHỦ CHO THUÊ NHÀ NGUYÊN CĂN 4 TẦNG MẶT PHỐ YÊN LÃNG,32000000,40.0,Quận Đống Đa,Phường Thịnh Quang,Hà Nội,Nhà ở,2.0,11 giờ trước,"- Nhà diện tích: 40m2/sàn, xây dựng kiên cố 4 tầng - Cầu thang cuối nhà.

- Các tầng thiết kế thông sàn, Thiết kế mỗi tầng là 1 sàn lớn, không vách ngăn, dễ setup theo nhu cầu Có 1 WC riêng.

- Nhà mặt phố rộng thông thoáng ôtô dừng đỗ, vỉa hè rộng để xe máy. Khu phố đông dân cư, kinh doanh sầm uất.

- Khu an ninh tốt, dân trí cao - Giao thông thuận tiện liên thông giữa các quận trong nội thành Hà Nội.

- Mặt tiền rộng, dễ nhận diện, có thể treo biển cửa hàng, quảng cáo thu hút người đi đường.

- Giá điện nước tính theo hóa đơn nhà nước.

- Phù hợp cho thuê làm văn phòng công ty, Showroom trưng bày sản phẩm, cửa hàng bán nhiều loại hình kinh doanh...(Có cho thuê làm hàng ăn yêu cầu phải sạch sẽ)

- Liên hệ chính chủ: ***.",800000.0,0.032,rent,small,under_1b
174650680,131166782,"Cho thuê nhà 25m2 x 4,5 Đủ Đồ  – Ngõ 140 Trung Phụng Văn Miếu, Hà Nội",12000000,25.0,Quận Đống Đa,Phường Văn Miếu,Hà Nội,Nhà ở,3.0,11 giờ trước,"🏠 Cho thuê nhà full nội thất – Ngõ 140 Trung Phụng, Đống Đa, Hà Nội
• Diện tích: 25m² × 4,5 tầng
• Thiết kế:
• Tầng 1: Phòng khách + bếp
• Tầng 2 – 4: Mỗi tầng 1 phòng ngủ, vệ sinh khép kín
• Tầng 5 (tum): Sân phơi thoáng mát
• Tổng cộng: 3 phòng ngủ – 3 vệ sinh khép kín
• 💎 Nhà mới, thiết kế hiện đại – nội thất đầy đủ, sang trọng: điều hòa, nóng lạnh, giường, tủ, bếp, sofa…
• 🌿 Ưu điểm: Có ban công, cửa sổ thoáng, mỗi phòng đều tràn ngập ánh sáng tự nhiên
• Ưu tên hộ gia đình
• 📍 Vị trí:
• Cách mặt đường 150m, ngõ rộng, khu dân trí cao, an ninh tốt
• Giao thông thuận tiện, gần Văn Miếu – Quốc Tử Giám, bệnh viện lớn và nhiều trường học uy tín
• 💰 Giá thuê: 12.000.000đ/tháng MTG liên hệ ***",480000.0,0.012,rent,very_small,under_1b
176549736,132790857,"CĂN HỘ FULL NỘI THẤT- AEON MALL-CÓ NHẬN KHÁCH THUÊ NGẮN HẠN, DÀI HẠN",7000000,30.0,Quận Long Biên,Phường Thạch Bàn,Hà Nội,Căn hộ/Chung cư,1.0,50 phút trước,"🔥 HOMESTAY FULL NỘI THẤT NGAY AEON MALL LONG BIÊN – KHÔNG CẦN CỌC - CÓ NHẬN KHÁCH THUÊ NGẮN HẠN, DÀI HẠN - CHỈ XÁCH VALI VÀO Ở! 🔥

📍 Ngọc Trì – Thạch Bàn – Long Biên
✅ Thuê ngắn hạn / dài hạn
✅ Nhận khách 24/7
✅ Thang máy
✅ Bao phí
✅ Không cần đặt cọc

🏠 Phòng riêng khoảng 25m², vệ sinh khép kín, đầy đủ nội thất từ A-Z:
🛏️ Giường, tủ, điều hòa...
🍳 Bếp, bát đũa, xoong nồi đầy đủ
🧺 Máy giặt + máy sấy dùng chung tại tầng 1

💯 Chỉ cần mang quần áo đến ở, không thiếu bất cứ thứ gì!

🧹 Có dịch vụ dọn phòng theo yêu cầu

💰 Thanh toán cực đơn giản:
Khách chỉ cần báo ngày Check-in / Check-out và thanh toán 100%, KHÔNG CẦN ĐẶT CỌC.

📍 Vị trí thuận tiện, gần AEON Mall Long Biên, di chuyển dễ dàng vào trung tâm và các khu vực lân cận.

📩 Inbox ngay để giữ phòng đẹp – số lượng có hạn!",233333.33333333334,0.007,rent,very_small,under_1b
176185574,132477539,Cho thuê văn phòng 115m2 Trần Quang Diệu giá chỉ 18tr trần cao lô góc,18000000,115.0,Quận Đống Đa,Phường Ô Chợ Dừa,Hà Nội,"Văn phòng, Mặt bằng kinh doanh",3.0,10 giờ trước,"Cho thuê văn phòng 115m2 phố Trần Quang Diệu giá cực rẻ chỉ từ 18tr vuông vắn trần cao, lô góc

- Toà văn phòng lô góc đầy đủ tiện ích , thang máy , điều hoà
- Hầm xe siêu rộng rãi , oto đỗ cửa🍃
- Sàn thông vuông vắn , trần cao , 2 mặt thoáng , wc riêng biệt từng tầng 
- Phù Hợp Mọi Mô Hình Văn Phòng,Studio,Spa,...vv

Liên hệ Ms Linh tư vấn free.
",156521.73913043478,0.018,rent,large,under_1b
176540278,132782698,CHO THUÊ CĂN HỘ 83M2 KHU ĐÔ THỊ MỸ ĐÌNH 2 LÊ ĐỨC THỌ - GIÁ 12 TRIỆU,12000000,83.0,Quận Nam Từ Liêm,Phường Mỹ Đình 2,Hà Nội,Căn hộ/Chung cư,3.0,8 giờ trước,"🌹🌹CHO THUÊ CĂN HỘ 83m² TẠI KĐT MỸ ĐÌNH  2 – GIÁ 12 TRIỆU/THÁNG
🍁Diện tích: 83m²

🍁Thiết kế: 3 phòng ngủ – 2 WC – phòng khách + bếp rộng, thoáng

🍁Tầng: Trung, view đẹp, không gian yên tĩnh

🌹Nội thất:

🍁Trang bị sẵn nội thất cơ bản gắn tường: điều hoà, bình nóng lạnh, tủ bếp…

🍁Phù hợp cho gia đình hoặc người đi làm lâu dài

👉Vị trí thuận tiện:

🍁Gần các trường: Đoàn Thị Điểm, Lomonoxop - ĐH Thương mại - Bến xe Mỹ Đình ...

👉Khu dân cư văn minh, tiện ích đầy đủ

🌹Hình thức thuê:

👉Hợp đồng dài hạn, ổn định

💰💰💰Giá thuê: 12 triệu/tháng

📞 Liên hệ: Mr. Hoài – *** (Zalo)
",144578.31325301205,0.012,rent,medium,under_1b
176544844,132786796,"Cho thuê nhà mặt phố Thịnh Liệt, Trương Định, Hoàng Mai",35000000,60.0,Quận Hoàng Mai,Phường Thịnh Liệt,Hà Nội,"Văn phòng, Mặt bằng kinh doanh",3.0,5 giờ trước,"Dự án: 
Thông tin chi tiết: Diện tích 60m x 6 tầng THANG MÁY nhà mới
thông sàn
Kinh doanh sầm uất
Phù hợp kinh doanh spa, tóc siêu thị, văn phòng công ty
Giá thuê 35 triệu, có cho thuê tách lẻ theo tầng
Vào được luôn
Lh ***",583333.3333333334,0.035,rent,small,under_1b
176202154,132491898,"Cho thuê phòng trọ mặt đất ở hoặc làm kho phòng kép kín giá chỉ 2,5t",2500000,25.0,Quận Cầu Giấy,Phường Dịch Vọng Hậu,Hà Nội,Phòng trọ,3.0,11 giờ trước,"Dự án: 
Thông tin chi tiết: Cho thuê phòng trọ mặt đất ở hoặc làm kho giá hợp lý vệ sinh khép kín không trung chủ giờ giấc thoải mái có chỗ để xe sạc xe điện phù hợp cho người đi làm hoặc chạy xanh sm
Điện nước công tơ riêng",100000.0,0.0025,rent,very_small,under_1b
174700624,131209858,Cho thuê nhà nguyên căn. Trần Quang Diệu. Đống Đa. HN. 60m x 4 tầng 25,25000000,60.0,Quận Đống Đa,Phường Ô Chợ Dừa,Hà Nội,Nhà ở,7.0,9 giờ trước,"Dự án: 
Thông tin chi tiết: Cho thuê nhà nguyên căn. Trần Quang Diệu. Đống Đa. HN. 60m x 4 tầng 25tr/tháng

Nhà cho thuê mọi mô hình. Chdv. Homstay. Kinh doanh online. Lớp học. ...  nhóm bạn ở. Phân lô. Ô tô 7 chỗ đỗ cửa. Phân lô. Cạnh 61 Hoàng Cầu. Sau Quận Uỷ Đống Đa. 

Cạnh các tuyến phố lớn. Thái Hà. Chùa Bộc. Ô Chợ Dừa. Xã Đàn. Hào Nam. Đê La Thành. Tôn Đức Thắng. Nguyễn Lương Bằng. 

DT ***/***. Bùi Thương",416666.6666666667,0.025,rent,small,under_1b
176537874,132780677,Thuê phòng cho hssv- người lao động,3000000,30.0,Quận Hà Đông,Phường Kiến Hưng,Hà Nội,Phòng trọ,3.0,9 giờ trước,"Dự án: 
Thông tin chi tiết: Cần cho thuê phòng nha khu liền kề mậu lương
An ninh tốt- 
Gần chợ - hàng quán 
Có chỗ để xe - phòng vệ sinh 
Ban công - wifi
Bếp- điều hoà - máy giặt
Sân thượng - bóng bàn

Giá 3tr /1 tháng 
Địa chỉ: 2lk4 khu đấu giá mậu lương- hà đông- hà nội",100000.0,0.003,rent,very_small,under_1b
176544964,132786822,"căn hộ đẹp ,nội thất đầy đủ cho thuê",7000000,55.0,Quận Thanh Xuân,Phường Nhân Chính,Hà Nội,Căn hộ/Chung cư,2.0,5 giờ trước,"Dự án: 
Thông tin chi tiết: Cho thuê căn hộ ccmn phố giáp nhất phường thanh xuân .55m2 ,phòng khách +bếp ,2phòng ngủ,1wc.thiết bị nội thất cao cấp đầy đủ giường tủ,máy giặt,tủ lạnh ,điều hòa.bếp từ .khách thuê chỉ việc sách va ly tới ở. giá cho thuê 7tr/tháng,cọc 2 tháng.đóng tháng một.lh***",127272.72727272728,0.007,rent,small,under_1b
176535470,132778649,"CHO THUÊ VĂN PHÒNG LẠC LONG QUÂN, XUÂN LA, VÕ CHÍ CÔNG CÓ ĐỦ DIỆN TÍCH",6500000,40.0,Quận Tây Hồ,Phường Xuân La,Hà Nội,"Văn phòng, Mặt bằng kinh doanh",3.0,11 giờ trước,"🏢 **CHO THUÊ VĂN PHÒNG KHU VỰC LẠC LONG QUÂN – XUÂN LA – VÕ CHÍ CÔNG**

📍 Vị trí đẹp, giao thông thuận tiện, kết nối nhanh Tây Hồ – Cầu Giấy – Nội Bài.

🔹 Các diện tích còn trống:
✅ 25m² – Giá chỉ **4.500.000đ/tháng**
✅ 40m² – Giá chỉ **6.500.000đ/tháng**
✅ 65m² – Giá chỉ **11.000.000đ/tháng**
✅ 80m² – Giá chỉ **15.000.000đ/tháng**

✨ Tiện ích:

* Thang máy hiện đại
* Điều hòa đầy đủ
* Internet tốc độ cao
* Chỗ để xe thuận tiện
* Ra vào linh hoạt
* Môi trường làm việc chuyên nghiệp
* Phù hợp văn phòng công ty, kinh doanh online, thiết kế, IT, logistics, đào tạo...

⭐ Khách thuê sớm được ưu tiên lựa chọn diện tích phù hợp với nhu cầu.
⚠️ Mỗi diện tích chỉ còn **01 phòng *****, số lượng có hạn.

📞 Liên hệ ngay để xem phòng thực tế và giữ chỗ trước khi hết diện tích phù hợp.

#vanphongtayho #vanphongxuanla #vanphongvchicong #chothuevanphong #vanphonghanoi #vanphonggiare #vanphong25m2 #vanphong40m2 #vanphong65m2 #vanphong80m2
",162500.0,0.0065,rent,small,under_1b
176549832,132790953,"Cho thuê phòng trọ 40m2 , Tập thể Tô Hiệu, Hà Đông",3500000,40.0,Quận Hà Đông,Phường Nguyễn Trãi,Hà Nội,Phòng trọ,3.0,43 phút trước,"Dự án: 
Thông tin chi tiết: Cho thuê tầng 5, diện tích 40m2, tiện nghi đầy đủ gồm: điều hoà, máy giặt, tủ lạnh, bình nóng lạnh, quạt trần, tủ gỗ 5 buồng, giường đôi, tủ bếp, wc khép kín, điện, nước ổn định. Điện 3700₫/kw, nước 20.000₫/m3; mạng 60.000₫/tháng. Sân phơi có mái che trên tầng tum,. Tầng 1 để xe miễn phí. An ninh đảm bảo. Đi lại tự do",87500.0,0.0035,rent,small,under_1b
176409190,132670135,Chính chủ cho thuê nhà nguyên căn tại Thanh Lân - Thanh Đàm,9500000,35.0,Quận Hoàng Mai,Phường Vĩnh Hưng,Hà Nội,Nhà ở,3.0,8 giờ trước,"Chính chủ cho thuê nhà nguyên căn tại Thanh Lân - Thanh Đàm
Nhà mới xây hiện đại và sạch sẽ
Diện tích 35m2 - 5 tầng - 1 phòng khách - 3 phòng ngủ WC khép kín - 1 sân phơi rộng rãi có thể làm bàn trà ngắm view cực chill
Ngõ to có chỗ để oto cách nhà 20m
Chợ dân sinh, trường học đầy đủ tiệc ích, nhà thoáng đáng view sân vườn trước cửa. Có mái che để xe máy trước cửa nhà không lo mưa nắng
Căn nhà đặc biệt phù hợp với hộ gia đình đông con
Giá thuê: 9,5tr/tháng ( tt 3 cọc 1 )
Điện nước theo giá nhà nước dùng bao nhiêu trả bấy nhiêu, không thu thêm bất kì chi phí phát sinh nào !!!",271428.5714285714,0.0095,rent,small,under_1b
176545061,132786877,Cần cho thuê 1 phòng chính chủ tại Ngõ 214 đội cấn. Nhà gần trường chợ,5000000,50.0,Quận Ba Đình,Phường Ngọc Hà,Hà Nội,Phòng trọ,3.0,5 giờ trước,"Dự án: 
Thông tin chi tiết: Cần cho thuê 1 phòng chính chủ tại Ngõ 214 đội cấn. Nhà gần trường chợ, tiện đi lại. LH 84-***

🇻🇳Địa chỉ:  214 đội cấn
❤️ Nội thất: Giường tủ, đệm, bàn ghế, bàn trang điểm, tủ lạnh, máy giặt máy sấy
❤️đóng 1 cọc 1
LH:  +84-888228008  

- Nội thất Full đồ: Giường ,tủ quần áo, điều hòa, nóng lạnh, tủ lạnh, máy giặt sấy, bàn trang điểm, tủ bếp riêng ban công siêu thích


214 Đội Cấn ***",100000.0,0.005,rent,small,under_1b
176549854,132790975,Cực đẹp! Cho thuê nhà Cổ Linh - 80m - 4PN - Mặt phố kinh doanh- Vỉa hè,10000000,80.0,Quận Long Biên,Phường Thạch Bàn,Hà Nội,Nhà ở,4.0,41 phút trước,"CHO THUÊ MẶT BẰNG KINH DOANH PHỐ CỔ LINH - LONG BIÊN- VỈA HÈ - Ô TÔ TRÁNH , ĐỖ CỬA - LÔ GÓC - LÀM VĂN PHÒNG , KINH DOANH CÁC MẶT HÀNG SẠCH SẼ  KẾT HỢP Ở - GẦN TRƯỜNG , CHỢ , CÁCH AEON MALL 200M !
+ DT: 80m
+ TK :  
Tầng 1 : MBKD, WC 
Tầng 2: PK, bếp, WC 
Tầng 3,4: mỗi tầng 2PN, WC. 
Tầng 5: phòng thờ, sân phơi. 
+ Nội thất: 4 điều hoà, nóng lạnh, bàn ăn , quạt Trần. 
+ Gần Aeon Mall Long Biên , xung quanh có trường học mầm non cấp 1 2 3, trạm y tế bệnh viện, UBND .
+ Ngày nhận nhà : ngay. 
+ Hình thức thanh toán : đóng 3 cọc 1.  HĐ trên 1 năm. Cho thuê lâu dài. 
LH ngay để xem nhà trực tiếp!",125000.0,0.01,rent,medium,under_1b
176346818,132616911,"Cho thuê nhà homestay giá 1.7tr/th, Hồ Đền Lừ, Hoàng Mai",1700000,100.0,Quận Hoàng Mai,Phường Tương Mai,Hà Nội,Phòng trọ,3.0,11 giờ trước,"Chính chủ có phòng homestay cho thuê tại Hồ Đền Lừ - Hoàng Mai
* Diện tích: 100m².
- Phòng rộng thoáng đầy đủ tiện nghi;
- Nội thất cơ bản: Có bình nóng lạnh, giường tủ, có điều hòa, máy giặt, tủ lạnh, bình lọc nước;
- Thời gian tự quản;
- Vệ sinh vào dọn hàng tuần, gọn gàng sạch sẽ;
- Có PCCC đầy đủ, an ninh tốt;
- Đơn giá đã bao gồm trọn gói;
- Khu vực đông dân, thuận tiện đi lại, xung quanh nhiều tiện ích: Trung tâm phường Tương Mai, chỉ mất 5 - 10 phút đến ĐH học Kinh tế, ĐH Bách Khoa, ĐH Xây Dựng. Gần hồ Đền Lừ, chợ đầu mối, khu vui chơi giải trí
- Phòng trọ này rất phù hợp cho những ai muốn tận hưởng cuộc sống thoải mái mà không lo về chi phí. Không gian rộng rãi, nội thất full, chỉ việc xách vali vào ở. Khu vực yên tĩnh, dễ chịu, tạo cảm giác như ở nhà;
- Cho thuê chính chủ, không qua môi giới.",17000.0,0.0017,rent,medium,under_1b
176537912,132780778,cho thuê căn 2n2vs 7tr5/1tháng đóng 1 cọc 1,7500000,80.0,Huyện Gia Lâm,Thị trấn Trâu Quỳ,Hà Nội,Căn hộ/Chung cư,2.0,9 giờ trước,"Dự án: 
Thông tin chi tiết: Nhượng lại căn 2n2vs nội thất đầy đủ giá thuê 7tr5/tháng đóng 1 cọc 1,5 xem nhà liên hệ 0369248683 có thể vào ở đc luôn tiền nhà đã đóng còn thửa tháng tiền nhà",93750.0,0.0075,rent,medium,under_1b
176495101,132743948,Cho thuê cửa hàng,39000000,100.0,Quận Cầu Giấy,Phường Nghĩa Tân,Hà Nội,"Văn phòng, Mặt bằng kinh doanh",3.0,6 giờ trước,"Mặt đường Hoàng Quốc Việt, vỉa hè rộng, 1 tầng. Mặt tiền 5m, dài 20m.
Cho thuê lâu dài.
Liên hệ: Anh Thắng - ***",390000.0,0.039,rent,medium,under_1b
174066343,130665230,"CHO THUÊ CĂN HỘ VINHOMES OCEAN PARK GIÁ TỐT, HỖ TRỢ MIỄN PHÍ",6000000,40.0,Huyện Gia Lâm,Thị trấn Trâu Quỳ,Hà Nội,Căn hộ/Chung cư,2.0,11 giờ trước,"Mô tả chi tiết
*Cam kết với toàn bộ quí khách hàng:
Hỗ trợ xem nhà 24/24h, bất kể nắng mưa, xem nhà trực tiếp trước khi thuê.
-. Miễn phí 100% chi phí môi giới.
- Cam kết thông tin rõ ràng, giá thuê đúng thực tế hiện trạng
- Tư vấn đúng nhu cầu, hợp đồng minh bạch, làm việc với chủ nhà uy tín, pháp lí rõ ràng, có thể đàm phán về giá hay chấm dứt hợp đồng
- Deal giá với chủ nhà để có một mức giá ***.
- Hỗ trợ mọi vấn đề phát sinh như tạm trú, vé xe, khuôn mặt,mạng internet,...Nói chung hỗ trợ anh chị chỉ cần đến ở, mọi thứ để em lo
Sdt/Zalo : ***",150000.0,0.006,rent,small,under_1b
176545173,132786959,CHO THUÊ LÔ VĂN PHÒNG OF03-13 diện tích 150m2 tại Vinhomes West Point,74000000,150.0,Quận Nam Từ Liêm,Phường Mễ Trì,Hà Nội,"Văn phòng, Mặt bằng kinh doanh",3.0,5 giờ trước,"🇻🇳🇻🇳🇻🇳CẦN CHO LÔ SÀN VĂN PHÒNG OF03-13 diện tích 150m2 tại Vinhomes West Point 

Cho thuê sàn văn phòng nội thất cấp tại lô OF0313 Tầng 3 thuộc khối đế của toà W1 và W2 – Dự án Vinhomes West Point.

- Tổng diện tích Mặt Bằng Thuê: 150m2
- Giá thuê nét là 19 usd/1m2
- ( giá thuê chưa gồm VAT, có thể xuất đc hoá đơn GTGT) 

- Cọc 3 tháng + thanh toán 3 tháng.

- Phí dịch vụ, điện nước, internet tính theo khung giá CĐT và nhà cung cấp theo hoá đơn hàng tháng.
- Nội thất hoàn thiện cơ bản trần, tường, sàn + full nội thất chìa khoá trao tay. Đã có nghiệm thu PCCC
- Bắt đầu bàn giao mặt bằng và thuê được từ đầu tháng 05/2026
- Phí 1 tháng thanh toán theo tiến độ

- Call: ***

- Link ảnh và video *** ",493333.3333333333,0.074,rent,large,under_1b
176538070,132780857,"🔥 CHÍNH CHỦ CHO THUÊ STUDIO FULL NỘI THẤT – VƯƠNG THỪA VŨ - 5,3tr 🔥",5300000,25.0,Quận Thanh Xuân,Phường Khương Trung,Hà Nội,Phòng trọ,3.0,9 giờ trước,"Dự án: 
Thông tin chi tiết: 🔥 CHÍNH CHỦ CHO THUÊ STUDIO FULL NỘI THẤT – VƯƠNG THỪA VŨ 🔥

📍 Địa chỉ: Số 6, ngách 164/85 Vương Thừa Vũ

💰 Giá thuê: 5,3 triệu/tháng

🏠 Studio sạch đẹp, đầy đủ tiện nghi, chỉ cần xách vali đến ở:

✅ Điều hòa
✅ Bình nóng lạnh
✅ Tủ lạnh
✅ Máy giặt riêng
✅ Giường ngủ + chăn ga gối đệm
✅ Tủ quần áo
✅ Bàn ghế làm việc/học tập
✅ Gương
✅ Kệ sách
✅ Bếp từ
✅ Máy hút mùi

🌿 Ban công riêng cực thoáng

* Máy giặt đặt ngoài ban công
* Phơi đồ thuận tiện
* Nhiều ánh sáng và gió tự nhiên

🏡 Sân thượng tầng 7 sử dụng chung

* Có bàn ghế ngồi thư giãn, uống trà
* Không gian thoáng mát, sạch sẽ

🔐 Khóa cửa vân tay an toàn
🚗 Ô tô đỗ ngay trước cửa nhà
🛗 Có thang máy

💵 Chi phí:

* Điện: 4.000đ/số
* Nước: 35.000đ/m³
* Internet: 100.000đ/phòng
* Dịch vụ: 200.000đ/người (thang máy, vệ sinh, đổ rác)

🛵 Gửi xe:

* Miễn phí xe đầu tiên
* Xe thứ 2: 100.000đ/tháng
* Xe điện: 150.000đ/xe/tháng

📄 Hợp đồng tối thiểu 6 tháng.

🎁 Ký hợp đồng 12 tháng giảm ngay 500.000đ khi nhận phòng.

✨ Phù hợp cho người đi làm, sinh viên, cặp đôi trẻ muốn ở lâu dài trong khu dân cư yên tĩnh, an ninh tốt.

📌 Nhận phòng ngay.

📞 Liên hệ chính chủ:
Zalo/Điện thoại: ***
Hoặc inbox Facebook để xem thêm ảnh và hẹn lịch xem phòng.

#chothuephong #chothuestudio #vuongthuavu #thanhxuan #phongtrohanoi #chinhchu #fullnoithat",212000.0,0.0053,rent,very_small,under_1b
176542896,132784964,CHO THUÊ CĂN STUDIO TẦNG 2 – NGAY SÁT IMPERIA SKY GARDEN 423 MINH KHAI,4500000,45.0,Quận Hai Bà Trưng,Phường Vĩnh Tuy,Hà Nội,Căn hộ/Chung cư,1.0,6 giờ trước,"Tôi thuê nhà này cho mẹ tôi, nhưng hiện bà chưa thu xếp được công việc nên phòng còn trống, cần cho thuê lại gấp.
Vị trí: Nhà nằm ngay cạnh Imperia Sky Garden 423 Minh Khai, đối diện cổng chính Times City, giao thông thuận tiện, bến xe buýt ngay đầu ngõ.
Có 2 lối đi: ngõ 349 Minh Khai (ngõ rộng khoảng 3 m, xe máy tránh nhau thoải mái) hoặc lối đi từ khu Imperia. 
Tầng 2 riêng biệt trong nhà 5 tầng, Cầu thang đi riêng, thuận tiện sinh hoạt
Phòng rộng rãi, thoáng mát, có ban công đón gió và ánh sáng tự nhiên
Khu dân cư văn minh, an ninh tốt. 
Nội thất: Giường mới 1,2 m x 1,9 m, Đệm mới, Tủ quần áo 2 cánh mới. Ngoài ra, điều hòa, bếp nấu ăn riêng, bình nóng lạnh, khu vệ sinh khép kín...
Tiện ích xung quanh: Sát Imperia Sky Garden, đối diện Times City, gần trường mầm non, siêu thị, nhà thuốc, cửa hàng tiện lợi, nhiều hàng quán ăn uống, cà phê, gym, bể bơi... Thuận tiện di chuyển đến Bách Khoa, Kinh tế Quốc dân, Xây dựng, Hai Bà Trưng, Hoàn Kiếm...
Ưu tiên: gia đình nhỏ từ 2 – 3 thành viên; nhân viên văn phòng; sinh viên nữ từ 1 – 2 người. 
Phòng đẹp, sạch sẽ, nội thất mới, vị trí hiếm có ngay trung tâm Minh Khai – Hai Bà Trưng. Có thể vào ở ngay. Ưu tiên thuê lâu dài. Giá: 4.500.000 đ/tháng, cọc 1 tháng, trả tiền thuê 3 tháng.
Liên hệ: Cô Oanh ***",100000.0,0.0045,rent,small,under_1b
175855341,132193119,Chính chủ cho thuê chdv đầu Khâm Thiên Xã Đàn,8000000,40.0,Quận Đống Đa,Phường Thổ Quan,Hà Nội,Căn hộ/Chung cư,1.0,10 giờ trước,"Dự án: 
Thông tin chi tiết: Căn hộ tầng 3 nằm trong không gian thoáng mát, có thang máy, để xe tầng 1. Hết tháng 5 có thể chuyển vào ở.",200000.0,0.008,rent,small,under_1b
176485873,132735914,Cho thuê văn phòng tại phố Dương Khuê sàn 60m2 nhà xây mới ,12000000,60.0,Quận Nam Từ Liêm,Phường Mỹ Đình 2,Hà Nội,"Văn phòng, Mặt bằng kinh doanh",3.0,9 giờ trước,"Cho thuê văn phòng tại phố Dương Khuê - Lê Đức Thọ
+ Tòa văn phòng xây 7 tầng mới 100% chuẩn office chuyên nghiệp.
+ Diện tích 60m2 có sẵn 1 phòng giám đốc cực đẹp
+ Diện tích trống : Tầng 1, 2, 3, 4, 5.
+ Nội thất mới 100%, tường - trần - sàn trắng đẹp, có điều hòa âm trần và thang máy hiện đại, sàn gỗ
+ Có nhà vệ sinh riêng biệt từng tầng.
+ Có hầm để xe, có bãi đỗ xe ô tô rộng ngay cạnh nhà, đường trước nhà 12m ô tô tránh nhau.
+ Giá thuê chỉ 12tr/th.
+ Có xuất hóa đơn và đăng kí kinh doanh.
+ Phù hợp nhiều mô hình kinh doanh như: Văn phòng, spa, thẩm mỹ... V. V.
Liên hệ ngay để được tư vấn và xem văn phòng.",200000.0,0.012,rent,small,under_1b
176545125,132787127,Chính chủ cho thuê VP Khu vực Pháo Đài Láng,15000000,120.0,Quận Đống Đa,Phường Láng Thượng,Hà Nội,"Văn phòng, Mặt bằng kinh doanh",3.0,5 giờ trước,"Cho thuê 2 tầng 1+2, DT 60m2/sàn có cầu thang ngoài
Mặt ngõ rộng, ô tô tránh
Điện nước theo giá Nhà nước
Phù hợp làm văn phòng đại diện, lớp học, mô hình kinh doanh sạch… (không hàng ăn, gội đầu, spa… CHỈ CHO THUÊ LÀM VP KHÔNG Ở LẠI)
Ưu tiên khách thuê lâu dài",125000.0,0.015,rent,large,under_1b
175953223,132277201,Cho Thuê Trọ chính Chủ 38m2 Full Đồ,4000000,38.0,Quận Nam Từ Liêm,Phường Mễ Trì,Hà Nội,Phòng trọ,3.0,7 giờ trước,"Cho thuê phòng dạng căn studio Mễ Trì chính chủ.
Địa chỉ: Số 7, ngõ 59, ngách 21, đường Mễ Trì.
- Loại phòng 38m2 studio.
- Đầy đủ nội thất / an ninh - PCCC đầy đủ.
(Giường, tủ, bàn ghế, đh, nl, tủ lạnh, máy giặt... ).
Giá từ : 4tr-4tr3tr
Chính chủ LH: (Chị Thu). ***",105263.15789473684,0.004,rent,small,under_1b
174391061,130943961,BÁN DÒNG TIỀN CHO THUÊ FULL NỘI THẤT PHỐ MINH KHAI SAU NHÀ MẶT PHỐ,9300000000,45.0,Quận Hai Bà Trưng,Phường Vĩnh Tuy,Hà Nội,Nhà ở,8.0,11 giờ trước,"🏣Tuyệt phẩm căn hộ dịch vụ dòng tiền, ngõ nông, rộng - trước nhà xe ba gác quay đầu, gần ôtô tránh phố Minh Khai 5tầng*35m = 8 phòng khép kín, tầng nào cũng có bán công thoáng sáng phơi đồ tiện lợi, công năng tiện ích đầy đủ - PCCC, hệ thống báo cháy khói, cửa khóa từ ra vào tự động, điều khiển cửa đóng mở khóa từ xa tiện ích, an ninh an toàn tuyệt đối.

🚌Khu vực hiếm nhà bán, thanh khoản tốt về nhu cầu thuê ở, gần nhiều trường học các cấp, đại học, bệnh viện, TTTM Time city, siêu thị chợ dân sinh không lo thiếu 1 thứ gì. Hiện chủ đang cho bên thứ 3 thuê vận hành full kín phòng📌Doanh thu 50triệu/tháng cực ổn định.

📕Sổ đẹp nở hậu, chính chủ nét căng sang tên nhanh chóng - Nhà đẹp sau quy hoạch ra mặt phố quyền năng.",206666666.66666666,9.3,rent,small,5_10b
176540649,132783096,"Cho thuê văn phòng lô góc Phố Phạm Tuấn Tài 75m2, giá chỉ 16tr",16000000,80.0,Quận Cầu Giấy,Phường Nghĩa Đô,Hà Nội,"Văn phòng, Mặt bằng kinh doanh",3.0,8 giờ trước,"Chính chủ cho thuê Văn phòng 75m2 lô góc cực thoáng sáng – mặt phố Phạm Tuấn Tài ô tô đỗ cửa – 16tr
Bạn đang tìm văn phòng vừa đẹp vừa dễ làm việc?
	•	Lô góc 2 mặt thoáng, cực nhiều ánh sáng
	•	Không gian mở, không bí bách
	•	Sàn vuông vắn, dễ set up
Ô tô đỗ cửa tiện giao dịch, treo biển công ty
Full điều hoà, đèn LED trần thạch cao
Giá chỉ: 16 triệu/tháng
Liên hệ ngay Call/Zalo📲 Mr Tiến: ***",200000.0,0.016,rent,medium,under_1b
176485881,132736017,Cho thuê nhà nguyên căn ngõ 435A Giải Phóng,8000000,40.0,Quận Thanh Xuân,Phường Phương Liệt,Hà Nội,Nhà ở,2.0,11 giờ trước,"Dự án: 
Thông tin chi tiết: Dự án: 
Thông tin chi tiết: Chính chủ cho thuê nhà nguyên căn trong ngõ 435A Giải Phóng, ngõ rộng ô tô tải vào ngõ. Nhà 3 tầng, 2 phòng ngủ (1 phòng rộng), 2 vsinh, có gác lửng. Không chung chủ, điện nước giá dân. Có công tơ riêng. Đóng tiền 1 hoặc 2 tháng, cọc 1 tháng thoải mái. Liên hệ để xem nhà",200000.0,0.008,rent,small,under_1b
176545514,132787227,"Cho thuê phòng làm việc giá chỉ 3,7 triệu tại trung tâm Hai Bà Trưng",3700000,18.0,Quận Hai Bà Trưng,Phường Đồng Nhân,Hà Nội,"Văn phòng, Mặt bằng kinh doanh",3.0,5 giờ trước,"CHO THUÊ PHÒNG LÀM VIỆC TẠI 100 LÒ ĐÚC

✔ Diện tích 18m²/phòng
✔ Giá thuê chỉ 3,7 triệu/tháng (đã gồm VAT)
✔ Vị trí trung tâm quận Hai Bà Trưng
✔ Không gian yên tĩnh, phù hợp làm việc lâu dài

Phù hợp:

Văn phòng đại diện
Startup
Kế toán dịch vụ
Luật sư, tư vấn doanh nghiệp
Kinh doanh online

Liên hệ để xem phòng trực tiếp.",205555.55555555556,0.0037,rent,very_small,under_1b
175530009,131914798,Cần cho thuê căn hộ 1 tầng 40m2 đủ đồ tại Xuân Đỉnh,3500000,40.0,Quận Bắc Từ Liêm,Phường Xuân Đỉnh,Hà Nội,Nhà ở,1.0,12 giờ trước,"Dự án: 
Thông tin chi tiết: Cần cho thuê cân hộ 40m2 đã có giường tủ, tủ bếp tủ áo, điều hoà nóng lạnh, nhà ngõ Ô tô như ảnh chụp, nhà mới 100%, giá rẻ, có thể vào ở luôn tại Xuân Đỉnh, anh chị có nhu cầu liên hệ em Sơn, Cảm ơn đã xem tin",87500.0,0.0035,rent,small,under_1b
176535977,132779069,Cho thuê sàn văn phòng Nguyễn Hoàng 60m2 giá 11tr vuông vắn full kính,11000000,60.0,Quận Nam Từ Liêm,Phường Mỹ Đình 2,Hà Nội,"Văn phòng, Mặt bằng kinh doanh",3.0,10 giờ trước,"Cho thuê sàn văn phòng Nguyễn Hoàng 60m2 giá từ 11tr nhà vuông vắn full kính
- Sàn full kính, gửi xe free
- Vuông vức như bánh chưng
- Bãi để xe rộng rãi
- Trong ngõ rộng yên tĩnh sạch sẽ
- Thời gian làm việc thoải mái
- Xung quanh nhiều cafe, quán ăn, siêu thị,...
Liên hệ Ms Linh xem ngay 
",183333.33333333334,0.011,rent,small,under_1b
176473968,132725825,CHÍNH CHỦ CHO THUÊ NHÀ RIÊNG CẤP 4 CÓ SÂN – ĐIỆN NƯỚC GIÁ DÂN,4500000,30.0,Quận Thanh Xuân,Phường Khương Trung,Hà Nội,Phòng trọ,3.0,11 giờ trước,"Chính chủ cho thuê nhà cấp 4  riêng biệt, diện tích sử dụng 40m² (Sàn 30m² + Gác xép 10m²). 
Địa chỉ: Số 36 ngách 6 ngõ 271 Bùi xương trạch
Thiết kế: WC khép kín, có sân rộng rãi để xe, phơi đồ thoáng mát
Ưu điểm: Điện nước công tơ riêng, tính theo giá nhà nước. Không chung chủ, giờ giấc tự do, an ninh đảm bảo.

Phù hợp: Hộ gia đình nhỏ, người đi làm, nhóm sinh viên.

☎️ Liên hệ chính chủ:***.",150000.0,0.0045,rent,very_small,under_1b
176543200,132785226,cho thuê phòng trọ full đồg mới tinh.,4000000,25.0,Quận Cầu Giấy,Phường Dịch Vọng Hậu,Hà Nội,Phòng trọ,3.0,6 giờ trước,"Dự án: 
Thông tin chi tiết: Nhà mới diện tích 25m2, full nội thất, máy giặt chung. Gần các trường đại học lớn có thể đi bộ đi học, di chuyển thuận lợi, ngõ rộng",160000.0,0.004,rent,very_small,under_1b
176500400,132748372,Cho thuê CCMN Full đồ,3500000,20.0,Quận Cầu Giấy,Phường Yên Hoà,Hà Nội,Phòng trọ,3.0,11 giờ trước,"Dự án: 
Thông tin chi tiết: Cho thuê cư mini full đồ rẻ nhất Cầu Giấy, nội thất đầy đủ, giờ giấc tự do, vào ở ngay, giá chỉ 3tr5",175000.0,0.0035,rent,very_small,under_1b
176186147,132478041,Cho thuê văn phòng Phương Liệt 250m2 35tr thoáng trước sau oto đỗ cửa ,35000000,250.0,Quận Thanh Xuân,Phường Phương Liệt,Hà Nội,"Văn phòng, Mặt bằng kinh doanh",3.0,10 giờ trước,"Cho thuê sàn văn phòng tầng 1 tại  Phương Liệt - Thanh Xuân 250m2 35tr thoáng trước sau full kính oto đỗ cửa free

- Nhà xây mới đẹp, hầm để xe cực rộng
- Nội thất sang trọng
- Nhà full kính thoáng đẹp
- Oto đỗ cửa free
- 2 thang máy tốc độ cao
- Nhà thông sàn toàn bộ

Liên hệ Ms Linh để được tư vấn free

#cho_thuê_văn_phòng #văn_phòng_Thanh_Xuân
#văn_phòng_giá_rẻ #văn_phòng_đẹp
",140000.0,0.035,rent,large,under_1b
175675926,132039781,Cho thuê phòng trọ - SN 4 - ngách 208 - Ngõ 8 - Lê Quang Đạo - Hà Nội,2500000,20.0,Quận Nam Từ Liêm,Phường Phú Đô,Hà Nội,Phòng trọ,3.0,8 giờ trước," Số nhà 4–Ngách 208/8 – Phố Lê Quang Đạo – Tổ 1 – Phú Đô – Nam Từ Liêm – Hà Nội : gồm 4 tầng : Có nhiều căn hộ mini -  Cách Sân Vận động Mỹ Đình - Hà Nội 500 m, đối diện cây xăng Mỹ Đình, gần chợ rất thuận tiện cho việc mua bán và sinh hoạt.
- Diện tích phòng P401: 20 m2.
- 01 Bình nóng lạnh 20L.
- 01 Điều hòa 9.000 BTU.
- Nhà vệ sinh khép kín.
- Trong nhà có tủ quần áo 2 buồng.
- Gác xép 3 m2.
- Có giường đôi 1.6m.
- Có nhà để xe riêng ở tầng 1 (không thu phí).
- Chỉ cho hộ gia đình hoặc người đã đi làm thuê.
- Giá thuê: 2.500.000 vnđ/tháng.
- Điện: 2.700đ/kw.
- Nước: 22.000đ/m3.
- Internet cáp quang: Chỉ thu 50.000đ/tháng/hộ.
Nếu ai có nhu cầu xin vui lòng liên hệ tới số điện thoại: *** - ***.
 Miễn trung gian.






",125000.0,0.0025,rent,very_small,under_1b
176533632,132777060,"Cho thuê căn hộ tại Số 17, Ngõ 416 Lạc Long Quân, 30m2, giá ưu đãi",8800000,73.4,Quận Tây Hồ,Phường Nhật Tân,Hà Nội,Căn hộ/Chung cư,11.0,12 giờ trước,"Căn hộ cho thuê nằm tại Số 17, Ngõ 416, đường Lạc Long Quân, phường Hồng Hà, Hà Nội (quận Tây Hồ, Hà Nội cũ) là một chung cư mini với diện tích 30m2, lý tưởng cho những ai tìm kiếm không gian sống tiện nghi và thoải mái. Căn hộ được thiết kế đầy đủ nội thất với các tiện ích hiện đại, phù hợp cho nhu cầu sinh hoạt hàng ngày.


+ 1 phòng ngủ rộng rãi, thoáng mát.
+ 1 phòng tắm sạch sẽ, tiện nghi.
+ Phòng khách rộng rãi, có không gian tiếp khách thoải mái.
+ Nội thất đầy đủ: điều hòa, giường, tủ lạnh, bàn ghế...
+ Giá thuê chỉ 8,8 triệu VND, rất hợp lý cho diện tích và tiện nghi.


Ưu điểm:
Căn hộ này còn có nhiều ưu điểm nổi bật như không gian sống yên tĩnh, an ninh tốt và sự riêng tư cao. Đặc biệt, với thiết kế thông minh, căn hộ tối ưu hóa diện tích sử dụng, mang lại cảm giác rộng rãi và thoải mái cho người thuê.

Gần các tiện ích:
Nằm gần bệnh viện tim Hà Nội 2 và trạm y tế phường Tây Hồ, căn hộ cũng gần các trường học như Học viện thiết kế và thời trang London, Me School Vườn Đào, và Sky International Preschool Tây Hồ, tạo điều kiện thuận lợi cho gia đình có trẻ nhỏ.


Để biết thêm thông tin chi tiết về căn hộ, vui lòng liên hệ với House Heian qua số điện thoại *** (Mr. Thuấn) hoặc *** (Mrs. Phương).
",119891.00817438691,0.0088,rent,medium,under_1b
176490464,132740212,"Cho thuê phòng khép kín gần chợ Đại Từ (phố Đại Từ, Đại Kim)",2700000,20.0,Quận Hoàng Mai,Phường Đại Kim,Hà Nội,Phòng trọ,3.0,6 giờ trước,"Cho thuê phòng khép kín, có điều hòa, nội thất đầy đủ. Đ/c ngõ 236 phố Đại Từ, Phường Định Công (mới) (phường Đại Kim (cũ)). Gần chợ Đại Từ, gần trường Tiểu học Đại Từ, gần Hồ Linh Đàm, gần bx Giáp Bát. Ưu tiên cho Sinh Viên ở. LH Anh Quân",135000.0,0.0027,rent,very_small,under_1b
176460154,132713629,"Cho thuê CH mini, 1K1N nội thất, tiện chợ, gần HV âm nhạc, CĐ y tế HN",5500000,30.0,Quận Đống Đa,Phường Ô Chợ Dừa,Hà Nội,Căn hộ/Chung cư,1.0,11 giờ trước,"CHÍNH CHỦ CHO THUÊ CĂN HỘ CC MINI tại phố An Trạch, phường Ô Chợ Dừa, TP Hà Nội

Cách Học viện Âm nhạc 800m, Cao đẳng y tế 300m, xung quanh nhiều chợ, tiện mua bán, ăn uống.

Giá 5,5 triệu - 6 triệu ( tùy phòng ở được luôn )

Tiện ích chung:

- Thang máy

- Camera giám sát từ ngoài ngõ lên đến hành lang từng tầng

- Hệ thống chống cháy và báo khói hiện đại

- Cửa ra vào tòa chung cư cảm ứng bằng vân tay, tuyệt đối an toàn

- Chỗ để xe free, 2 xe/phòng

Căn hộ 30m2, full nội thất, thiết kế hiện đại, đủ giường đệm, tủ quần áo, tủ lạnh, máy giặt, điều hòa, máy nóng lạnh, bàn ghế tiếp khách, 1 phòng khách và bếp, 1 phòng ngủ, cửa sổ thoáng mát, khu yên tĩnh, hỗ trợ chăn ga nếu cần, chỉ việc xách vali về ở.

- Thanh toán 1 cọc 1

- Hợp đồng 12 tháng

- Có khu phơi đồ.

",183333.33333333334,0.0055,rent,very_small,under_1b
173765193,130401437,"cho thuê phòng P. Nguyên Hồng- DĐ ,25m2",3600000,25.0,Quận Đống Đa,Phường Láng Hạ,Hà Nội,Phòng trọ,3.0,12 giờ trước,"Chính chủ có phòng cho thuê tại phố Nguyên Hồng - phường Láng  - Quận Đống Đa - Tp Hà Nội.
* Diện tích: 25m².
- Phòng rộng thoáng.
- Nội thất cơ bản: Có bình nóng lạnh, giường tủ, có điều hòa, máy giặt.
- Thời gian tự quản, không ở với chủ.
- Vệ sinh vào dọn hàng tuần, gọn gàng sạch sẽ.
- Có PCCC đầy đủ, an ninh tốt.
- Dịch vụ: Điện 3.8k/số, nước 100k/người, cáp nét đầy đủ.
- Khu vực đông dân, thuận tiện đi lại, xung quanh nhiều tiện ích: Trung tâm quận Đống Đa, chỉ mất 5 - 10 phút đến ĐH Hành Chính, Luật, Ngoại Giao và Ngoại Thương,...
- Cho thuê chính chủ, không qua môi giới.",144000.0,0.0036,rent,very_small,under_1b
176536062,132779191,"Cho thuê nguyên căn biệt thự Vườn Đào, Tây Hồ",55000000,165.0,Quận Tây Hồ,Phường Phú Thượng,Hà Nội,"Văn phòng, Mặt bằng kinh doanh",3.0,10 giờ trước,"Nhà biệt thự cho thuê tại BT Vườn Đào, ngõ 689 Lạc Long Quân, Phú Thượng, Tây Hồ, Hà Nội.  Điểm đặc biệt: - Thiết kế 4 tầng với 6PN + 4WC/PT + bếp, diện tích 165m2.
 Phù hợp làm văn phòng, công ty, nhà ở.  Mặt tiền 10m, hướng cửa chính và ban công đều hướng Nam, mang lại ánh sáng tự nhiên và không khí thoáng đãng.
 - Nội thất cơ bản, sẵn sàng cho việc bố trí theo nhu cầu của khách hàng. - Giá thuê 55 triệu VND, phù hợp cho gia đình hoặc làm văn phòng.  Tiện ích xung quanh: - Gần bệnh viện Tim Hà Nội - cơ sở 2 và Bệnh viện Phụ sản Thiện An. - Siêu thị Winmart + tiện lợi cho nhu cầu mua sắm hàng ngày. - Các trường học như Học viện Thiết kế và Thời trang London, ME School Vườn Đào và Trường Tiểu học Phú Thượng",333333.3333333333,0.055,rent,large,under_1b
176547828,132789438,Cho thuê nhà riêng 2 tầng độc lập sát mầm non Đống Đa,6500000,17.0,Quận Đống Đa,Phường Kim Liên,Hà Nội,Nhà ở,1.0,3 giờ trước,"Cho thuê nhà 2 tầng, điện, nước hộ giá đình: tầng 1 có thể kinh doanh nhỏ vì ngõ to gần phố lại ngay chân tòa chung cư 4 tầng khu C1 Kim Liên. Nhà hướng Đông Nam mát mẻ, trước nhà ngõ bự rộng. Tầng 1 có bếp nhỏ và 1 vệ sinh, tắm rộng. Để được 1 xe máy trong nhà. Tầng 2 sàn gỗ có 1 gác xép ngủ được 2 người và bên dưới 1 người có 1 tủ quần áo. Sàn trên rộng thoáng có cửa sổ mở ra sân trường học.  Giá thuê nhà bên cạnh đã 7 củ nên nhà này giá fix nhá các bạn. Gọi điện hoặc nhắn tin. Không tiếp quảng cáo nữa nhá.",382352.9411764706,0.0065,rent,very_small,under_1b
176471874,132723985,Cần cho thuê căn hộ 2 phòng ngủ tại HH Linh Đàm đầy đủ nội thất ở ngay,7500000,67.0,Quận Hoàng Mai,Phường Hoàng Liệt,Hà Nội,Căn hộ/Chung cư,2.0,12 giờ trước,"mình cần cho thuê căn hộ đầy đủ nội thất tại HH linh đàm 
📍 Vị trí: Chung cư HH Linh Đàm, Hoàng Mai, Hà Nội
📐 Diện tích: 67 m²
🛏️ 2 phòng ngủ
🛁 2 nhà vệ sinh
🛋️ Nội thất đầy đủ: điều hòa, nóng lạnh, tủ lạnh, máy giặt, giường tủ, sofa, tủ bếp...
✨ Căn hộ sạch đẹp, thoáng mát, ban công rộng, phù hợp hộ gia đình hoặc nhóm người đi làm.
✨ Khu dân cư đông đúc, đầy đủ tiện ích: siêu thị, trường học, khu vui chơi, bãi đỗ xe.
✨ Giao thông thuận tiện, di chuyển nhanh vào trung tâm thành phố.
",111940.29850746269,0.0075,rent,medium,under_1b
176103267,132406555,"Chủ cho thuê căn hộ studio đủ đồ phố Nguyễn Khả Trạc, Mai Dịch",5000000,20.0,Quận Cầu Giấy,Phường Mai Dịch,Hà Nội,Căn hộ/Chung cư,1.0,11 giờ trước,"Căn hộ mini cho thuê dài ngày tại phố Nguyễn Khả Trạc, Phường Mai Dịch, Cầu Giấy vào ở được luôn.
- Nhà nằm cách mặt đường phố Nguyễn Khả Trạc 10m, đường vào rộng, 2 ôtô con tránh nhau, gần ngã tư Nguyễn Khả Trạc và Phố Phạm Thận Duật. Vị trí rất thuận tiện cho việc đi lại, sinh hoạt, vui chơi, giải trí. Các phòng được thiết kế hết sức hợp lý: Căn hộ kiểu studio, thiết kế thông thoáng có cửa sổ rộng, nội thất đầy đủ sang trọng...
- Mỗi phòng phòng khách được trang bị điều hòa 2 chiều, tivi giường, tủ quần áo, bộ bàn ăn, cửa sổ có rèm, trần thạch cao, hệ thống đèn điện...
- Khu bếp có bàn bếp, tủ bếp, bếp từ, tủ lạnh, hút mùi, bồn rửa bát xịn.
- Nhà vệ sinh có thiết bị vệ sinh Inax cao cấp, bình nóng lạnh, ốp lát gạch sang trọng hiện đại.
- Phòng nào cũng có ban công view riêng biệt to rộng thoáng.
- Tòa nhà trang bị thang máy cao cấp, đầu thu truyền hình cáp, camera an ninh, khóa cửa vân tay.
- Hệ thống máy giặt chung cho cư dân.
- Tòa nhà có khóa cửa vân tay, đảm bảo an ninh tuyệt đối, giờ giấc ra vào thoải mái, nhà để xe rộng rãi.
- Khu vực ban công phơi đồ riêng biệt của từng phòng.
* Tòa nhà nằm ở vị trí trung tâm, giao thông thuận tiện, rất thuận tiện cho việc mua sắm, đi chợ, gần làng trẻ sos, gần các trung tâm thương mại, gần các trường ĐH như quốc gia, ngoại ngữ, sư phạm, thương mại, gần bến xe Mỹ Đình,...

Địa chỉ: Số 18 ngõ 28 Nguyễn Khả Trạc - P. Mai Dịch - Cầu Giấy.
Anh Trung: Xem phòng trực tiếp.",250000.0,0.005,rent,very_small,under_1b
176505475,132752671,Cho thuê căn hộ 2 Ngủ+1 - 2WC - Full nội thất ở ngay - Giá 9tr/ tháng,9000000,65.0,Huyện Gia Lâm,Thị trấn Trâu Quỳ,Hà Nội,Căn hộ/Chung cư,3.0,9 giờ trước,"Cho thuê căn hộ 2 Ngủ+1 - 2WC - Full nội thất ở ngay - Giá 9tr/ tháng
Gia đình em cần cho thuê căn 2 Ngủ +1 - 2 WC tại Vinhome Ocean Park 1
Nhà sẵn full đồ, ở ngay
Giá thuê: 9tr/ Tháng ( Có Thương Lượng thiện chí)
Liên hệ xem nhà: Em Trực (Zalo)",138461.53846153847,0.009,rent,medium,under_1b
176543444,132785467,Cho thuê nhà 5 tầng hồ sát Đền Lừ ,12000000,40.0,Quận Hoàng Mai,Phường Tương Mai,Hà Nội,Nhà ở,5.0,6 giờ trước,"Cho hộ gia đình thuê nhà 5 tầng, 5 phòng ngủ. Có sẵn bơm tăng áp, 2 điều hòa + 2 bình nóng lạnh. Đi bộ 100m ra hồ Đền Lừ (dãy sau của dãy cafe). Xe ô tô để ngay dãy dọc hồ. Tầng 2, 3 mỗi tầng 2 phòng ngủ. T4: 1 phòng nhỏ + phòng thờ + sân phơi. T5 để trống lợp tôn. Ưu tiên thuê dài hạn",300000.0,0.012,rent,small,under_1b
176536279,132779341,Cho thuê nhà 4 tầng 4 pn ngay phố chùa bộc đống đa HN,15000000,36.0,Quận Đống Đa,Phường Kim Liên,Hà Nội,Nhà ở,4.0,10 giờ trước,"Dự án: 
Thông tin chi tiết: 🏠 CHO THUÊ NHÀ NGUYÊN CĂN KHU CHÙA BỘC - ĐỐNG ĐA (GẦN ĐH THỦY LỢI)
Phù hợp: Hộ gia đình ở lâu dài hoặc nhóm sinh viên ngoan ngoãn, sạch sẽ.
 Diện tích: 36m² x 4 tầng. Ngõ rộng rãi, ba gác đi lại thoải mái, giao thông thuận tiện.
 Vị trí đắc địa: Ngay khu phố Chùa Bộc, Đống Đa. Sát vách trường Đại học Thủy Lợi, gần ĐH Công Đoàn, Học viện Ngân Hàng. Tiện ích xung quanh không thiếu thứ gì (chợ, siêu thị, trung tâm thương mại...).
 Thiết kế ngôi nhà:
 Tổng cộng 4 phòng ngủ rộng rãi, ánh sáng tự nhiên.
 3 nhà vệ sinh (WC) sạch sẽ, tiện sinh hoạt chung.
 Tầng 1 là phòng khách và bếp nấu ăn riêng biệt.
💰 Giá thuê & Liên hệ:
 Giá thuê: Trên 10 triệu/tháng (có thương lượng nhẹ cho khách thiện chí, ở giữ gìn nhà cửa).
 Liên hệ chính chủ: *** (Gọi điện hoặc nhắn tin Zalo để xem nhà trực tiếp).",416666.6666666667,0.015,rent,small,under_1b
176402491,132664680,"Chính chủ cho thuê phòng ở khu Đầm Trấu, đường ô tô tránh",4500000,40.0,Quận Hai Bà Trưng,Phường Bạch Đằng,Hà Nội,Phòng trọ,3.0,7 giờ trước,"Gia đình có phòng chu thuê khu B7 Đầm Trấu, Phường Hồng Hà, Hà Nội. 
Diện tích 40m2, phòng ngủ 22m2, khu bếp và vệ sinh 18m2
Vị trí trung tâm thuận tiện đi lại, đường ô tô tránh, an ninh tốt.
(Sẽ lắp bổ sung: Điều hòa, bình nước nóng)
Giá thuê 4.5 triệu/tháng (cọc 1 tháng, thanh toán 1 tháng một)
Liên hệ xem nhà: Ms. Quỳnh - *** 
Xin cảm ơn!",112500.0,0.0045,rent,small,under_1b
176541196,132783469,Cho thuê Nhà Hào Nam.(kinh doanh-  5 phòng ngủ).S:40m. 4T.16 tr/tháng,16000000,40.0,Quận Đống Đa,Phường Ô Chợ Dừa,Hà Nội,Nhà ở,5.0,7 giờ trước,"Dự án: 
Thông tin chi tiết: Nhà mình cho thuê Hào Nam. 40 m. 4 tầng. Giá 16 tr/ tháng. Thanh toán 3 tháng. Cọc 1 tháng
-Nhà ngõ thông. Kinh doanh đc. Phù hợp cho thuê nhà dân ở. Kinh doanh: tạp hoá. Nail. Cắt tóc. …( full đồ)

Thiết kế
-T1: khách bếp vs
-T2-T3: mỗi tầng 2 pn. Vs
- T4: 1 phòng rộng. Sân phưoi
Lh:***",400000.0,0.016,rent,small,under_1b
176186444,132478334,"Cho thuê nhà ngõ 20 phố Nghĩa Đô. Diện tịch 45m2 x 5 tầng, 18 triệu",18000000,45.0,Quận Cầu Giấy,Phường Nghĩa Đô,Hà Nội,"Văn phòng, Mặt bằng kinh doanh",3.0,12 giờ trước," Cho thuê căn nhà ngõ 20 phố Nghĩa Đô, phường Nghĩa Đô - Cầu Giấy
- Diện tích 45m2 x 5  tầng,  ô tô đậu cửa
- Tầng 1 +  tầng 2 để thông + wc. Các  tầng trên mỗi tầng có 2 phòng 1 wc
 - Phù hợp làm Văn phòng, lớp học, chuyển phát, kd online 
- Giá 18 triệu/tháng
 - Gọi ngay: A THÀNH ...  xem nhà chi tiết và miễn phí",400000.0,0.018,rent,small,under_1b
176543518,132785544,CHO THUÊ SÀN VĂN PHÒNG  TẦNG 2 DIỆN TÍCH 300M² ,27000000,300.0,Huyện Gia Lâm,Thị trấn Yên Viên,Hà Nội,"Văn phòng, Mặt bằng kinh doanh",3.0,6 giờ trước,"TẠI TẦNG 2  – SỐ 237 ĐƯỜNG HÀ HUY TẬP, XÃ PHÙ ĐỔNG, HÀ NỘI
- Không gian rộng, vuông vắn, thuận tiện bố trí công năng sử dụng.
- Lối đi riêng bằng cầu thang bên hông tòa nhà.
- Hệ thống điện, nước đầy đủ, bảo vệ vòng ngoài 24/24h.
- Khu vực giao thông thuận tiện, dân cư đông đúc.
- Tầng 1 hiện đã được Viettel Post thuê sử dụng ổn định.
Phù hợp:
- Văn phòng công ty.
- Trung tâm đào tạo, lớp học kỹ năng.
- Trung tâm ngoại ngữ.
- Văn phòng logistics, điều hành kinh doanh.
- Kho hàng nhẹ, kho thương mại điện tử.
- Studio, trung tâm chăm sóc khách hàng.
Không phù hợp:
- Nhà hàng, quán ăn.
- Mô hình cần mặt tiền trưng bày lớn.
- Hoạt động sản xuất, xưởng gia công.
Giá thuê hấp dẫn so với diện tích sử dụng. Liên hệ để xem mặt bằng và trao đổi chi tiết.

",90000.0,0.027,rent,large,under_1b
174646896,131163535,CHÍNH CHỦ CHO THUÊ CCMN TẠI 44 TRẦN THÁI TÔNG FULL ĐỒ Ở NGAY,4600000,30.0,Quận Cầu Giấy,Phường Dịch Vọng Hậu,Hà Nội,Phòng trọ,3.0,10 giờ trước,"🚨Chính chủ cho thuê chung cư mini gần ĐHQG TMU HUNRE VNU...
Có thang máy - full đồ - Xây mới 100%.
Vị trí : 53 PHÚ DIỄN ( cuối đường Hồ Tùng Mậu )
           44 TRẦN THÁI TÔNG
           87 HOÀNG QUỐC VIỆT 
✅Nhà xây mới thoáng, full đồ dịch vụ.
✅ giờ giấc tự do, khóa vân tay ra vào thoải mái
✅ phù hợp cho mọi đối tượng. Ở ghép không giới hạn số lượng.
☎️ Q.Tâm Liên Hệ Trực Tiếp Chính chủ: *** ( Anh Hoàng ).",153333.33333333334,0.0046,rent,very_small,under_1b
176534039,132777358,CHÍNH CHỦ CHO THUÊ CĂN HỘ 2 PHÒNG NGỦ VIEW HỒ ,8000000,90.0,Quận Hoàng Mai,Phường Thanh Trì,Hà Nội,Căn hộ/Chung cư,2.0,12 giờ trước,"
Sở hữu vị trí hiếm có khi cả 3 phía đều là hồ nước, căn hộ mang đến không gian sống trong lành, thoáng mát quanh năm – điểm nhấn đặc biệt: cả phòng khách, bếp và 2 phòng ngủ đều có ban công hướng hồ Thanh Đàm tuyệt đẹp.
Không gian: 2 phòng ngủ, 1 phòng khách rộng, 1 phòng bếp, 2 vệ sinh đầy đủ thiết bị (chậu rửa, vòi sen, bình nóng lạnh...)
Căn hộ mới sơn, sạch đẹp, để trống – dọn vào ở ngay
Khu vực yên tĩnh, không muỗi, không khói bụi, dân trí cao, toàn hộ gia đình văn minh cùng tầng
🏡 Tiện ích và an ninh vượt trội:
Ra vào bằng thẻ từ, thang máy kiểm soát cư dân – đảm bảo an toàn tuyệt đối
Camera an ninh 24/24, bảo trì – kỹ thuật trực 24/7
Sảnh đón khách sang trọng, hành lang rộng, sạch sẽ, vệ sinh định kỳ hàng tuần
Khuôn viên xanh, công viên nội khu, khu vui chơi trẻ em, bãi đỗ ô tô rộng rãi
Tiện ích nội khu đầy đủ: siêu thị, quán cà phê, mầm non, khu thể thao
📍 Vị trí kết nối thuận tiện:
Cách Vinmart chỉ 100m, di chuyển vào trung tâm Hà Nội chỉ 15–20 phút qua đường Nguyễn Khoái
Gần các trường học các cấp: Mầm non, Tiểu học Thanh Trì, THCS Lĩnh Nam, THCS Vĩnh Hưng
Đối diện là Trường Cấp 2 Thanh Trì mới xây
Gần các trường Đại học lớn: Kinh doanh & Công nghệ, Mở Hà Nội, Y Dược, Kinh tế – Kỹ thuật Công nghiệp…
Gần Trạm Y tế phường Thanh Trì (5 phút) và bệnh viện lớn (15 phút)
🧾 Điều kiện thuê:
Người thuê có ý thức giữ gìn nhà cửa, tuân thủ nội quy chung cư
Thanh toán đúng hạn, hợp đồng rõ ràng – minh bạch
📞 Liên hệ chính chủ – Cô Hà (63 tuổi): ",88888.88888888889,0.008,rent,medium,under_1b
174410612,130960794,CHO THUÊ PHÒNG TRỌ GIÁ RẺ Ở MỸ ĐÌNH,1500000,12.0,Quận Nam Từ Liêm,Phường Mỹ Đình 2,Hà Nội,Phòng trọ,3.0,2 giờ trước,"🏡 CHO THUÊ PHÒNG TRỌ MỸ ĐÌNH – GIÁ 1TR5/THÁNG – Ở NGAY
📍 Khu vực Mỹ Đình – thuận tiện đi lại, gần chợ, siêu thị, điểm bus, khu dân cư đông đúc.
✨ Thông tin phòng:
Phòng khép kín, riêng tư
Không điều hòa, không nóng lạnh
Có sẵn giường
Phù hợp sinh viên hoặc người đi làm cần phòng giá rẻ
🛵 Gần nhiều tiện ích: quán ăn, cửa hàng tiện lợi, chợ… 🔐 Khu vực an ninh, hàng xóm thân thiện
📅 Có thể vào ở ngay",125000.0,0.0015,rent,very_small,under_1b
173065788,129793455,CHO THUÊ VĂN PHÒNG TRỌN GÓI từ 4-50ng giá 1tr5/chỗ TẠI MIPEC TÂY SƠN,1500000,1200.0,Quận Đống Đa,Phường Trung Liệt,Hà Nội,"Văn phòng, Mặt bằng kinh doanh",3.0,11 giờ trước,"VĂN PHÒNG TRỌN GÓI FULL TIỆN ÍCH
Từ 4,5,6,8,10,12,15,20...50 chỗ, giá từ 1tr5/chỗ/tháng, vào làm việc được luôn
HĐ linh hoạt theo tháng, hoặc từ 3 tháng trở lên

 Không gian làm việc riêng tư, hiện đại
- Sẵn nội thất bàn ghế, tủ đựng hồ sơ
- Free điện, nước, internet tốc độ cao
- Lễ tân hỗ trợ nhận thư/bưu phẩm
- Khu tiếp khách, pantry: nước uống, trà cà phê
- Khu thư giãn: bàn bi-a, ghế massa
- Miễn phí in ấn, phòng họp theo giờ
- An ninh 24/7 vệ sinh hằng ngày


------------------------------
ASA COWORKING SPACE:
📍 Địa chỉ: Tầng 12, Khu văn phòng, toà Mipec Tower 229 Tây Sơn, Hà Nội
📩 Website: *** ☎️ Hotline: *** (Mr.Dũng) - Sẵn sàng làm việc với MG",1250.0,0.0015,rent,very_large,under_1b
176541268,132783547,"🏠 CHO THUÊ CĂN HỘ TẬP THỂ KHU TÔN THẤT TÙNG – ĐỐNG ĐA, HÀ NỘI",7500000,75.0,Quận Đống Đa,Phường Kim Liên,Hà Nội,Căn hộ/Chung cư,3.0,7 giờ trước,"📍 Vị trí: Khu tập thể Tôn Thất Tùng, giao thông thuận tiện, gần các trường đại học, bệnh viện và trung tâm thương mại.

🔹 Diện tích: 75m²
🔹 Thiết kế: 3 phòng ngủ, 1 WC, phòng khách rộng, bếp riêng
🔹 Nhà sạch sẽ, thoáng mát, phù hợp hộ sinh viên hoặc nhóm người đi làm
🔹 Khu dân cư an ninh, hàng xóm thân thiện

💰 Giá thuê: 7,5 triệu đồng/tháng

Ưu tiên khách thuê lâu dài. Có thể vào ở ngay.",100000.0,0.0075,rent,medium,under_1b
176543572,132785599,CHO THUÊ VĂN PHÒNG MẶT PHỐ HOÀNG NHÂN HÒA – 65m² GIÁ CỰC RẺ,13000000,65.0,Quận Thanh Xuân,Phường Nhân Chính,Hà Nội,"Văn phòng, Mặt bằng kinh doanh",3.0,6 giờ trước," CHO THUÊ VĂN PHÒNG MẶT PHỐ HOÀNG ĐẠO THÚY – NHÂN HÒA – 65m² GIÁ CỰC RẺ 
✔️ Giá chỉ 12,5 triệu/tháng
✔️ Văn phòng mới vuông vắn, sạch đẹp – thiết kế hiện đại, thoáng sáng 
✔️ Full dịch vụ: thang máy, hầm gửi xe, bảo vệ 24/7
Nằm trong khu vực tập trung nhiều văn phòng ,tiện ích ăn uống không thiếu thứ gì,  ngay ngã 3 giao giữa Hoàng Đạo Thuý và Vũ Trọng Phụng
📞 Mr Tiến – ***
#chothuevanphong #vanphongNhanHoa #vanphongHoangDaoThuy #vanphongVuTrongPhung #vanphongNguyenTuan #vanphongNguyenHuyTuong #vanphongThanhXuan #vanphongLeVanThiem",200000.0,0.013,rent,medium,under_1b
176484102,132734410,"CHÍNH CHỦ CHO THUÊ NHÀ HỘ GIA ĐÌNH Ở PHỐ DỊCH VỌNG, CẦU GIẤY, HÀ NỘI",17000000,50.0,Quận Cầu Giấy,Phường Dịch Vọng,Hà Nội,Nhà ở,4.0,11 giờ trước,"Cho thuê toàn bộ nhà riêng tại ngõ 29, phố Dịch Vọng, phường Cầu Giấy, Hà Nội, với diện tích 42m² x 5 tầng và 1 giếng trời 8m². Nhà có đầy đủ bếp từ, tủ bếp, điều hòa, quạt trần, tủ quần áo, máy giặt, 3 toilets, bình thái dương năng, bình nóng lạnh, đèn sưởi,... Nhà nằm trong ngõ khu vực trung tâm quận Cầu Giấy, có nhiều ánh sáng, thoáng mát, hàng xóm thân thiện, an ninh tốt.
Tầng 1: 1 phòng khách, 1 phòng bếp, giếng trời và nhà vệ sinh.
Tầng 2: 2 phòng và 1 nhà vệ sinh.
Tầng 3: 2 phòng và 1 nhà vệ sinh.
Tầng 4+5: 1 phòng+ sân phơi.
Xung quanh có nhiều tiện ích trong vòng bán kính 2km:
- Nhiều trường học và trường đại học thuận lời cho việc học tập của trẻ.
- Gần công viên Cầu Giấy, phù hợp cho các hoạt động vui chơi, giải trí, rèn luyện sức khỏe.
- Gần các trung tâm thương mại, chợ: The garden, GO!, Winmart Trần Đăng Ninh, tòa Complexity, tòa Kaengnam, tàu điện trên cao, chợ Dịch Vọng, Chợ Nghĩa Tân,
Yêu cầu đối với khách thuê nhà:
- Đối tượng thuê nhà: HỘ GIA ĐÌNH ở độc lập( không ở chung, không ở ghép) có ý định thuê lâu dài.
- Tối thiểu trả tiền thuê trước nhà 6 tháng/ lần.
- Giá cho thuê: 17m/ tháng.
- Sđt liên hệ: *** ( cô Hoan)
",340000.0,0.017,rent,small,under_1b
176534126,132777430,Chính chủ cho thuê,8000000,77.0,Huyện Thanh Trì,Xã Liên Ninh,Hà Nội,Nhà ở,3.0,11 giờ trước,"Dự án: 
Thông tin chi tiết: Nguyên căn diện tích 77m2 x 3 tàng
Địa chỉ 69 xã Liên Ninh Ngọc Hồi
Ngọc Hôi đường to,ô tô ngủ trong nhà, 3 thoáng trước sau, khu dân cư đông đúc gần trường, chợ kinh doanh được
ĐT liên hệ: ***
Không nhận trung gian",103896.1038961039,0.008,rent,medium,under_1b
176467518,132720119,CHO THUÊ Căn Dương Quảng Hàm 50m2- Ô TÔ ĐỖ CỬA,4500000,50.0,Quận Cầu Giấy,Phường Quan Hoa,Hà Nội,Phòng trọ,3.0,11 giờ trước,"CHO THUÊ Căn Dương Quảng Hàm – ÔTô Đỗ Cửa
Địa Chỉ : Số 48 , Ngõ 79 , Dương Quảng Hàm 
Loại phòng 50 m2  : 
- FULL Đầy Đủ Nội Thất / An Ninh - PCCC đầy đủ ….
( Giường , Tủ, Ghế , ĐH , NL , Tủ Lạnh , Máy Giặt …..
- Tầng 4/5 , Ban công , Thang bộ rộng 
𝑮𝒊𝒂́ 𝒕𝒉𝒖𝒆̂ : 4tr5-5tr 
𝐂𝐚𝐥𝐥𝐋 ***  ( Alo Chính Chủ )",90000.0,0.0045,rent,small,under_1b
176167549,132464184,"Cần cho thuê phòng trọ, vào  ở ngay, đường Trần Quốc Vượng Cầu Giấy HN",3000000,20.0,Quận Cầu Giấy,Phường Dịch Vọng Hậu,Hà Nội,Phòng trọ,3.0,9 giờ trước,"Cần cho thuê phòng trọ đường Trần Quốc Vượng Cầu Giấy Hà Nội (làng Dịch Vọng Hậu cũ).   Mô tả chi tiết:
Nhà vẫn  còn 7 phòng diện tích mỗi phòng từ 18 đến 20 m2, phòng mới sơn, điều hòa Casper mới, Giường, Tủ mới, Máy giặt mới, Dây phơi quần áo thông minh, Điện, Nước đầy đủ. Các tầng đều có cửa sắt thoát hiểm riêng, có bình cứu hỏa và an toàn phòng cháy. Nhà ở khu vực Văn hóa cao, tập trung nhiều trường Đại học, Công sở Doanh nghiệp lớn như Tập đoàn FPT, Mobiphone... (ngay trong Làng Dịch Vọng Hậu cũ). Gần các Trường Đại học Sư phạm, Đại học Tổng hợp, Học viện Báo chí tuyên truyền, Đại học Thương Mại, Sân khấu điện ảnh, Học viện Kỹ thuật Quân sự, Đại học Điện lực..., gần Bệnh viện E, UBND phường Cầu Giấy, Công an phường nên an ninh đảm bảo....Giao thông rất thuận tiện. Chỉ lấy đúng giá 3 triệu đồng/1 phòng, không lấy hơn. Giá điện, nước theo giá nhà nước, dùng bao nhiêu trả bấy nhiêu. Nhà đã lắp Camera 2 cái và đường truyền intenet tốc độ cao. Tầng 1 có chỗ để xe máy, xe đạp rộng và có bộ Bàn ghế gỗ đẹp để tiếp bạn bè đến chơi... Liên hệ : ☎Anh Trường Linh ***. (Ảnh kèm theo là ảnh thật của nhà).",150000.0,0.003,rent,very_small,under_1b
176541937,132785724,Cho thuê phòng trọ ngõ 530 Thụy Khuê Tây hồ Hà Nội,2500000,20.0,Quận Tây Hồ,Phường Bưởi,Hà Nội,Phòng trọ,3.0,6 giờ trước,"- Chính chủ cho thuê nhà mới cải tạo, giờ giấc tự do . Có máy lạnh, nhà vệ sinh riêng, nội thất đầy đủ.
- Khu vực an ninh, yên tĩnh, không chung chủ, giờ giấc tự do, có chỗ nấu ăn trong phòng, , có chỗ để xe riêng không thu phí. Gần chợ trường mẫu giáo, tiểu học, trung học cơ sở, trung học phổ thông.
- Hệ thống đèn led tiết kiệm điện.
- Phòng 20m2 giá 2,5 triệu,
- Phòng 30m2 giá 3,5 triệu,",125000.0,0.0025,rent,very_small,under_1b
176541380,132783679,Cho thuê văn phòng Cầu Giấy 75m2 chỉ 16 triệu – lô góc thoáng sáng,16000000,75.0,Quận Cầu Giấy,Phường Nghĩa Đô,Hà Nội,"Văn phòng, Mặt bằng kinh doanh",3.0,7 giờ trước,"💰 Cho thuê văn phòng Cầu Giấy 75m2 chỉ 16 triệu – lô góc thoáng sáng
 • Diện tích: 75m²
 • Sàn vuông vắn, tối ưu diện tích
 • Sàn mới sạch sẽ
🌟 Lô góc 2 mặt thoáng full ánh sáng 
🚗 Mặt phố lớn, ô tô đỗ cửa, nhận diện thương hiệu tốt. Tiện lợi cho việc tiếp đối tác
✔ Full điều hoà + đèn LED
👉 Phù hợp công ty, startup, đào tạo
Liên hệ Call/Zalo📞 Mr Quang: ***",213333.33333333334,0.016,rent,medium,under_1b
176205606,132494912,"Cho thuê Căn Hộ Thụy Khuê,Tây Hồ, Hà Nội gần Trường Chu Văn An Hồ Tây",14000000,50.0,Quận Tây Hồ,Phường Thụy Khuê,Hà Nội,Căn hộ/Chung cư,1.0,5 giờ trước,"Cho thuê Căn Hộ Thụy Khuê,Tây Hồ,Hà Nội gần Trường Chu Văn An Tây Hồ. Căn  Hộ tọa lạc tầng cao  khu vực yên tĩnh nhiều ánh sáng tự nhiên, ban công view đẹp, nội thất mới hoàn thiện phong cách đông dương , thang máy, Khách có thể đi bộ ven Hồ Tây hàng ngày.... tầng 1 &2 có thể kết hợp thuê làm VP công ty...Khách thuê quan tâm xin mời liên hệ giá cả thỏa thuận !
Quảng Cáo & môi giới không làm phiền",280000.0,0.014,rent,small,under_1b
176543630,132785739,"CHO THUÊ MẶT BẰNG TẦNG 1: VĂN PHÒNG, KINH DOANH",10000000,72.0,Quận Hà Đông,Phường Mộ Lao,Hà Nội,"Văn phòng, Mặt bằng kinh doanh",3.0,6 giờ trước,"Dự án: 
Thông tin chi tiết: 77LK6b – Làng Việt Kiều Châu Âu, Mỗ Lao, Hà Đông, Hà Nội
✅ Diện tích đất: 76,5 m²
✅ Diện tích xây dựng: 72,9 m²
✅ Tầng 1 riêng biệt, dễ setup văn phòng
✅ Có nhà vệ sinh riêng
✅ Có kho phía sau tiện lưu trữ hàng hóa/tài liệu
✅ Khu vực tập trung nhiều công ty → môi trường làm việc chuyên nghiệp, đông người qua lại.",138888.88888888888,0.01,rent,medium,under_1b
176543783,132785790,CHÍNH CHỦ CHO THUÊ VĂN PHÒNG  100m2 PHỐ TÂY SƠN  16tr,16000000,90.0,Quận Đống Đa,Phường Quang Trung,Hà Nội,"Văn phòng, Mặt bằng kinh doanh",3.0,6 giờ trước,"CHO THUÊ VĂN PHÒNG ĐẸP – GIÁ RẺ – PHỐ TÂY SƠN ✨
📏 Diện tích: 90m² – Giá chỉ: 16 triệu/tháng
📍 Vị trí: Mặt phố Tây Sơn, gần Thái Hà – Ngã Tư Sở, cực kỳ thuận tiện giao thông & giao dịch khách hàng
💎 Ưu điểm nổi bật:
	•	Sàn 2 mặt thoáng, cửa kính lớn, view cực đẹp
	•	Trang bị điều hoà âm trần, đèn LED, trần thạch cao hiện đại
	•	Nhà mặt phố  lô góc, ô tô đỗ cửa, có hầm để xe máy
	•	Bảo vệ 24/7, an ninh tuyệt đối
	•	Khu vực trung tâm, xung quanh nhiều tiện ích, ngân hàng, quán ăn, café
📞 Liên hệ ngay: Mr Tiến – *** (Tiếp AC MG – HH 50%)
chothuevanphong #vanphongdep #vanphonggiare #vanphonghanoi #vanphongcaugiay #vanphongthaiduong #vanphongtaySon #vanphongthaHa #chothuevanphonghanoi
",177777.77777777778,0.016,rent,medium,under_1b
176541534,132783772,"CHO THUÊ MẶT BẰNG TẦNG 1 – PHÙ HỢP LÀM VĂN PHÒNG, CỬA HÀNG KINH DOANH",20000000,20.0,Quận Hoàng Mai,Phường Mai Động,Hà Nội,"Văn phòng, Mặt bằng kinh doanh",3.0,7 giờ trước,"Chính chủ cho thuê
Thông tin chi tiết: 📍 Vị trí thuận tiện, ngõ thông giữa Lĩnh Nam – Tam Trinh, giao thông đi lại dễ dàng.

🔹 Diện tích: 20m²
🔹 Mặt bằng vuông vắn, dễ bố trí nội thất
🔹 Mặt tiền rộng 3,6m
🔹 Cửa riêng, không đi chung với chủ nhà
🔹 Ngõ rộng, ô tô ra vào thuận tiện
🔹 Chỗ để xe máy thoải mái trước cửa
🔹 Cửa kính mới lắp, đẹp, hiện đại, phù hợp làm showroom nhỏ hoặc văn phòng giao dịch

✅ Thích hợp:

Văn phòng đại diện
Công ty nhỏ, startup
Shop online kết hợp trưng bày sản phẩm
Cửa hàng kinh doanh, spa mini, nail, phụ kiện, thời trang...
Điểm giao nhận hàng hóa

Mặt bằng sạch sẽ, dễ setup, có thể vào sử dụng ngay.
Khách thuê: Có thể lựa chọn Đóng 3-6tháng/ cọc 1 tháng
📞 Liên hệ: Ms Hiếu - *** để xem mặt bằng trực tiếp và trao đổi chi tiết.",1000000.0,0.02,rent,very_small,under_1b
176498537,132746918,"Cho thuê nhà tại ngõ 355, đường Xuân Đỉnh",12000000,35.0,Quận Bắc Từ Liêm,Phường Xuân Đỉnh,Hà Nội,Nhà ở,4.0,11 giờ trước,"Nhà tự xây chất lượng tốt, diện tích 35m2, 4 tầng, 4 phòng ngủ, 3 vệ sinh, phòng để xe, phòng bếp, phòng ăn đẹp, rộng rãi, ở sướng, nội thất như trong ảnh, đủ điều hoà inverter tiết kiệm điện, ngõ rộng xe hơi nhỏ vào tận nơi, cách đường ô tô tải tránh nhau 120m, ưu tiên hộ gia đình thuê ở lâu dài.",342857.14285714284,0.012,rent,small,under_1b
176541556,132783795,cần cho thuê phòng trọ,2500000,35.0,Quận Hà Đông,Phường Phú La,Hà Nội,Phòng trọ,3.0,7 giờ trước,"Dự án: 
Thông tin chi tiết: Cần cho thuê nhà trọ trong làng Văn Phú Hà Đông 
Em còn 1 phòng tổng sử dụng 35m2 có điều hoà phòng khép kín riêng biệt 
Điện 4k/1 số 
Nước 20k/1 khối
Giá thuê phòng 2,5tr/1 tháng
Lh ***",71428.57142857143,0.0025,rent,small,under_1b
176546286,132787951,cho thuê nhà trọ,2500000,20.2999,Huyện Thanh Trì,Xã Tam Hiệp,Hà Nội,Phòng trọ,3.0,4 giờ trước,"Dự án: 
Thông tin chi tiết: Chuyên cho thuê nhà trọ ccmn, nhà ở, kho xưởng",123153.31602618731,0.0025,rent,very_small,under_1b
172199200,129048311,"Cho thuê phòng trọ full đồ từ 1,5tr đến 2,5tr/th ở 61 Hoàng Cầu, Đống",1500000,13.0,Quận Đống Đa,Phường Ô Chợ Dừa,Hà Nội,Phòng trọ,3.0,9 giờ trước,"Cho thuê phòng trọ full đồ từ 1,5tr đến 2,5tr ở 61 Hoàng Cầu. Đống Đa. Hà Nội. Địa chỉ ngõ 1V nhà số 5 Trần Quang Diệu. Cạnh 61 Hoàng Cầu.

Nhà mình khoá cửa vân tay. Giờ giấc tự do. Để xe free. Điện nước giá dân. Phòng đơn full đồ từ 1.5tr đến 2,5tr. Chỉ toàn cửa sổ. Ánh sáng. Ô tô đỗ cửa. Phân lô quân đội dân trí cao. Phòng cháy chữa cháy đầy đủ. Thang thoát hiểm. Vệ sinh chung 2 bạn.

Gần các trường Đại Học lớn. Như Đại Học Ngoại Thương. Đại Học Thuỷ Lợi. Đại Học Công Đoàn. Đại Học Luật...

Cạnh các tuyến đường Ô chợ Dừa, Xã Đàn, Hoàng Cầu, Trần Quang Diệu, Thái Hà, Thái Thịnh, Trung Liệt, Nguyễn Văn Tuyết...

LH chủ nhà *** / ***. C Thương.",115384.61538461539,0.0015,rent,very_small,under_1b
176526841,132771577,19B ĐẶNG DUNG CHÍNH CHỦ CHO THUÊ NHÀ 3 TẦNG LÀM CỬA HÀNG KINH DOANH,14000000,70.0,Quận Ba Đình,Phường Quán Thánh,Hà Nội,"Văn phòng, Mặt bằng kinh doanh",3.0,9 giờ trước,"Khu vực dân trí cao, 10m ra cổng Thành Thăng Long.

Cho thuê mặt bằng kinh doanh/văn phòng tại vị trí trung tâm giao Ba Đình - Hoàn Kiếm tại phố Đặng Dung:

3 tầng 1 tum (4 phòng 3 WC)

Tầng 1: 20m² – Không gian mở thích hợp làm cửa hàng, Văn phòng đại diện, quán ăn (có sân rộng rãi cho bán hàng)

Tầng 2: 25m² – Bố trí làm phòng làm việc/không gian kinh doanh.

Tầng 3: 30m² – Rộng rãi, vuông vắn, tối ưu diện tích.

Nhà có thêm 1 tum thoáng đãng.

Nhà thiết kế biệt lập hoàn toàn, không chung đụng.

Đầy đủ công năng phụ trợ: Phòng ngủ tiện ích, Nhà vệ sinh sạch sẽ, Khu bếp và Công tơ điện nước riêng biệt tính theo giá nhà nước.

Tặng hoa hồng cho môi giới.

Cọc 2 tháng đóng 6 tháng.",200000.0,0.014,rent,medium,under_1b
176546344,132787976,CHO THUÊ TRỌN GÓI NHÀ TRÊN ĐƯỜNG PHÚ MỸ,12500000,55.0,Quận Nam Từ Liêm,Phường Mỹ Đình 2,Hà Nội,Nhà ở,5.0,4 giờ trước,"Cho thuê nhà nguyên căn tại Phú Mỹ, gần Bến xe Mỹ Đình, Hà Nội.

✅ Nhà sạch đẹp, vào ở ngay
✅ Phù hợp hộ gia đình hoặc làm văn phòng
✅ Khu dân cư an ninh, giao thông thuận tiện
✅ Hợp đồng lâu dài

💰 Giá thuê: 12.500.000 đồng/tháng

📞 Liên hệ chính chủ: ***",227272.72727272726,0.0125,rent,small,under_1b
172199276,129048372,Chính chủ cho thuê các phòng đơn full đồ. Giờ tự do. Khoá vân tay. Chỉ,1700000,12.0,Quận Đống Đa,Phường Ô Chợ Dừa,Hà Nội,Phòng trọ,3.0,9 giờ trước,"Phòng đơn trống tìm chủ mới. Full đồ. Toàn cửa sổ. Khoá vân tay. Giờ tự do. Không chung chủ.

Ngõ 1V nhà 5 Trần Quang Diệu cạnh 61 Hoàng Cầu. Phân lô. Ô tô tránh.

Phòng 401 giá 2,3tr full đồ. Full cửa sổ.
Phòng 301. Giá 2.4tr Full đồ. Full cửa sổ.
Phòng 205. Giá 2,3tr. Full đồ. Full cửa sổ.

***. C Thương chủ nhà.",141666.66666666666,0.0017,rent,very_small,under_1b
176493996,132742978,"75 Phố Huế, Cho thuê nhà nguyên căn 5 tầng",48000000,34.0,Quận Hai Bà Trưng,Phường Phạm Đình Hổ,Hà Nội,"Văn phòng, Mặt bằng kinh doanh",3.0,7 giờ trước,"Cho thuê cả nhà mặt phố 75 Phố Huế nguyên căn 5 tầng làm MBKD giá 48tr
- Diện tích: 34m2
- Mặt tiền: 4m5
- Thiết kế: Thông sàn, dễ dàng bố trí kinh doanh hoặc làm văn phòng
- Vị trí: Khu dân cư mua sắm đông đúc, gần bở hồ Gươm trung tâm thành phố
 Riêng biệt, không ở chung với chủ
Giá trên đã bao gồm VAT",1411764.705882353,0.048,rent,small,under_1b
176543796,132785999,Cho thuê căn hộ  2 ngủ ở Hoàng Hoa Thám,13500000,100.0,Quận Ba Đình,Phường Liễu Giai,Hà Nội,Căn hộ/Chung cư,2.0,6 giờ trước,"- Vị trí gần trung tâm: gần Hồ Tây, Lăng Bác, Lotte, Winmart....
- Diện tích: 100m2:  2 ngủ, 2 toilet, có bồn tắm và máy giặt tại phòng.
- Căn  hộ được trang bị full nội thất và đồ bếp cơ bản phù hợp hộ gia đình hoặc khách nước ngoài...
- View đầy sáng, thoáng mát, yên tĩnh và an ninh. Camera 24/7. Có hầm để xe riêng, PCCC trang bị  đầy đủ.
- Không nuôi pet.
Còn *** 1 căn có thể vào ở ngay. Nếu bạn có nhu cầu liên hệ Ms Vân: ***",135000.0,0.0135,rent,medium,under_1b
176548499,132790105,"Cho thuê làm spa, cà fe gần làng đại học quốc gia",10000000,150.0,Huyện Thạch Thất,Xã Tiến Xuân,Hà Nội,"Văn phòng, Mặt bằng kinh doanh",3.0,2 giờ trước,"Cho thuê nhà 3 tầng: tầng 1 gồm 1 vệ sinh, gara ô tô, cửa vào. Tầng 2 là sàn rộng 150m2 đã lắp đủ điều hòa, hệ thống đèn đẹp để làm spa, massage hay văn phòng, cafe. Tầng 3 là sân rộng 150m2 dùng bán cafe giải khát view núi Ba Vì, hồ khu resort đẹp thoáng mát. Cách khu biệt thự Vina xanh 1km, ngay sát khu đại học mở rộng, gần 3 học viện mới, gần chợ.  Gọi điện hoặc nhắn tin. Không tiếp quảng cáo.",66666.66666666667,0.01,rent,large,under_1b
176548851,132790160,Cho thuê nhà 3 tầng 3 ngủ 1 bếp 1 khách đầy đủ điều hoà vs nóng lạnh,123456789,40.0,Quận Đống Đa,Phường Ô Chợ Dừa,Hà Nội,Nhà ở,3.0,2 giờ trước,"Dự án: 
Thông tin chi tiết: cho thuê nhà 3 tầng 1 tum lâu dài LH ***",3086419.725,0.123456789,rent,small,under_1b
176515373,132761500,Cho thuê nhà ở Kim Mã,2000000,15.0,Quận Ba Đình,Phường Kim Mã,Hà Nội,Phòng trọ,3.0,8 giờ trước,"Cho thuê phòng ở Kim Mã Phòng có cửa sổ, điều hoà, nóng lạnh, tủ quần áo. Diện tích 15m2 
 Địa chỉ: 31 ngách 82/90 Kim mã, Ba đình, Hà Nội  
📍Có điều hoà, nóng lạnh đầy đủ, công tơ riêng  
📍Có chỗ để xe tầng 1, sân phơi riêng tầng 4  
📍Gần chợ, bến xe bus ~ 500m  
📍Cực kỳ yên tĩnh (trong ngách), an ninh tốt  📍Không chung chủ  Liên hệ cô Chiến
 Tiền phòng: 2tr/tháng  Điện nước giá dân",133333.33333333334,0.002,rent,very_small,under_1b
176534484,132777890,"CHO THUÊ VĂN PHÒNG LẠC LONG QUÂN, XUÂN LA, VÕ CHÍ CÔNG CÓ ĐỦ DIỆN TÍCH",6500000,40.0,Quận Tây Hồ,Phường Xuân La,Hà Nội,"Văn phòng, Mặt bằng kinh doanh",3.0,11 giờ trước,"🏢 **CHO THUÊ VĂN PHÒNG KHU VỰC LẠC LONG QUÂN – XUÂN LA – VÕ CHÍ CÔNG**

📍 Vị trí đẹp, giao thông thuận tiện, kết nối nhanh Tây Hồ – Cầu Giấy – Nội Bài.

🔹 Các diện tích còn trống:
✅ 25m² – Giá chỉ **4.500.000đ/tháng**
✅ 40m² – Giá chỉ **6.500.000đ/tháng**
✅ 65m² – Giá chỉ **11.000.000đ/tháng**
✅ 80m² – Giá chỉ **15.000.000đ/tháng**

✨ Tiện ích:

* Thang máy hiện đại
* Điều hòa đầy đủ
* Internet tốc độ cao
* Chỗ để xe thuận tiện
* Ra vào linh hoạt
* Môi trường làm việc chuyên nghiệp
* Phù hợp văn phòng công ty, kinh doanh online, thiết kế, IT, logistics, đào tạo...
HÃY NHẤN Ô CHAT/NHẮN TIN ĐỂ LẠI SỐ ĐIỆN THOẠI, TÔI SẼ GỌI LẠI NGAY!XIN CẢM ƠN
⭐ Khách thuê sớm được ưu tiên lựa chọn diện tích phù hợp với nhu cầu.
⚠️ Mỗi diện tích chỉ còn **01 phòng *****, số lượng có hạn.

📞Hãy nhấn ô Chat/Nhắn tin để lại số điện thoại, tôi sẽ gọi lại ngay! Xin cảm ơn

#vanphongtayho #vanphongxuanla #vanphongvchicong #chothuevanphong #vanphonghanoi #vanphonggiare #vanphong25m2 #vanphong40m2 #vanphong65m2 #vanphong80m2
",162500.0,0.0065,rent,small,under_1b
176513131,132759461,"Cho thuê phòng Đê La Thành MỚI ĐẸP – Full nội thất, thang máy, để xe",5000000,22.0,Quận Đống Đa,Phường Ô Chợ Dừa,Hà Nội,Phòng trọ,3.0,8 giờ trước,"🏠 Thông tin phòng:

Diện tích: 22 m²
Phòng mới, đẹp – nội thất hiện đại, vào ở ngay
Full nội thất: giường, tủ, bàn ghế, điều hòa, nóng lạnh
Vệ sinh khép kín 
Giờ giấc tự do

🏢 Tiện ích tòa nhà:

🛗 Có thang máy – tiện lợi, không lo leo cầu thang
🚗🏍️ Chỗ để xe trong tòa nhà – an toàn, không lo mất xe
👥 Cư dân văn minh, lịch sự – môi trường sống chất lượng, yên tĩnh
An ninh tốt, camera giám sát 


📍 Vị trí & Tiện ích xung quanh khu Đê La Thành:
🏛️ Vị trí trung tâm – cực kỳ thuận tiện:

Ngay trục đường Đê La Thành – kết nối nhanh ra toàn thành phố
Cách Hồ Tây chỉ 5–10 phút đi xe
Gần Lăng Chủ tịch Hồ Chí Minh, Công viên Thủ Lệ
Gần Lotte Center, các trung tâm thương mại lớn

🎓 Trường học:

Đại học Sư phạm Hà Nội
Đại học Thương Mại
Học viện Hành chính Quốc gia
Nhiều trường THPT, THCS trong khu vực

🛒 Mua sắm – Ăn uống:

Chợ Ngọc Hà, chợ Liễu Giai – mua thực phẩm tươi sống tiện lợi
Lotte Mart, siêu thị Co.opmart gần kề
Hàng loạt nhà hàng, quán ăn ngon, cà phê xung quanh

🚌 Giao thông:

Gần Kim Mã, Đội Cấn, Giảng Võ – di chuyển mọi hướng dễ dàng
Nhiều tuyến xe buýt chạy qua
Dễ dàng ra sân bay Nội Bài theo đường Liễu Giai – Văn Cao

Giá thuê: 5.000.000đ/tháng

📞 Liên hệ xem phòng: ***
(Gọi hoặc nhắn Zalo – hỗ trợ xem phòng tất cả các ngày trong tuần)",227272.72727272726,0.005,rent,very_small,under_1b
176449034,132704223,Cho Thuê Phòng Chung cư MiNi,4500000,25.0,Quận Thanh Xuân,Phường Thanh Xuân Nam,Hà Nội,Phòng trọ,3.0,9 giờ trước,"Dự án: 
Thông tin chi tiết: 🚀 Xu hướng thuê phòng hiện nay đã thay đổi
Người thuê không còn chỉ tìm một căn phòng để ngủ.
Họ ưu tiên: ✨ Không gian sạch sẽ, hiện đại
✨ An ninh tốt, giờ giấc tự do
✨ Có khu bếp riêng, ban công thoáng
✨ Nội thất đầy đủ, vào ở ngay
✨ Yên tĩnh để nghỉ ngơi và làm việc
✨ Môi trường sống văn minh
Nắm bắt xu hướng đó, bên mình vừa hoàn thiện dòng phòng trọ Luxury với tiêu chí: Đẹp hơn – Tiện nghi hơn – Ở thoải mái hơn.
🏠 Phòng mới 100%
🛏️ Giường, tủ áo, bàn làm việc đầy đủ
👟 Tủ giày riêng gọn gàng
🍳 Bếp từ hiện đại
🌿 Ban công thoáng sáng đón gió tự nhiên
🚿 WC riêng sạch đẹp
🔐Cửa phòng khoá vân tay, giờ giấc tự do
📶 Internet tốc độ cao
🔥 Trang bị PCCC đầy đủ
Chỉ cần mang quần áo đến ở, mọi thứ còn lại đã được chuẩn bị sẵn.
📩 Inbox  *** để xem phòng thực tế và nhận ưu đãi cho những khách thuê đầu tiên.",180000.0,0.0045,rent,very_small,under_1b
174418708,130967538,Chính chủ cho thuê nhà nguyên căn 61 Hoàng Cầu. Phân lô. Ô tô 60m x 4,25000000,60.0,Quận Đống Đa,Phường Ô Chợ Dừa,Hà Nội,Nhà ở,7.0,9 giờ trước,"Dự án: 
Thông tin chi tiết: Chính chủ cho thuê nhà nguyên căn 61 Hoàng Cầu. Phân lô. Ô tô 60m x 4 tầng giá 25 triệu

Nhà mình sau quận uỷ. Phân lô. Ô tô. Cho kinh doanh mọi mô hình. Diện tích 60m x 4 tầng mặt tiền 7m giá 25tr/tháng. Có thể làm chdv. Hoặc lớp học. Nhóm bạn ... 

Cạnh các tuyến phố lớn. Như Trần Quang Diệu. Ô chợ Dừa. Thái Hà. Hoàng Cầu. Nguyễn Lương Bằng. Hào Nam. Cát Linh ...

DT ***/***. Bùi Thương",416666.6666666667,0.025,rent,small,under_1b
176541961,132784125,"Cần cho thuê nhà 5 tầng, diện tích sử dụng 150m tại ngõ 211 Khương Tru",12000000,35.0,Quận Thanh Xuân,Phường Khương Trung,Hà Nội,Nhà ở,3.0,7 giờ trước,"Dự án: 
Thông tin chi tiết: ✨ CHÍNH CHỦ CHO THUÊ NHÀ 5 TẦNG FULL NỘI THẤT – NGÕ 211 KHƯƠNG TRUNG ✨

📍 Vị trí cực đẹp: ngay cạnh hồ Đầm Hồng
🏡 Nhà 5 tầng:
 • Tầng 1: Khách + bếp
 • Tầng 2-3-4: Mỗi tầng 1 phòng ngủ khép kín, full nội thất (điều hoà, giường, tủ)
 • Tầng 5: Phòng thờ + sân phơi

✅ Khu dân trí cao, an ninh tốt
💰 Giá thuê: 12tr/tháng
📞 LH chính chủ: ***
( không qua môi giới)",342857.14285714284,0.012,rent,small,under_1b
