ad_id,list_id,title,price,area,district,ward,city,property_type,rooms,date,body,price_per_m2,price_billion,listing_type,area_group,price_group
176062730,132371456,BÁN NHÀ Trần_Duy_Hưng  7TẦNG THANG_MÁY - Ô TÔ TRÁNH - Gara,30000000000,70.0,Quận Cầu Giấy,Phường Trung Hoà,Hà Nội,Nhà ở,11.0,22 phút trước,"BÁN NHÀ #Trần_Duy_Hưng #7TẦNG #THANG_MÁY - Ô TÔ TRÁNH - Gara 
Diện tích 70m2 
Vị trí cực đẹp - gần phố, #OTO tránh, hưởng trọn tiện tích, thiết kế hiện đại 11 phòng ngủ rộng khép kín, tặng full nội thất xịn

Giá bán 30 tỷ nhỉnh( có thương lượng)
Quan tâm liên hệ *** xem 24/7.
",428571428.5714286,30.0,sale,medium,over_10b
175659390,132025602,"Nhà đẹp KĐT Đại Kim, Hoàng Mai 55m² 5 tầng vỉa hè ô tô tránh",16500000000,55.0,Quận Hoàng Mai,Phường Đại Kim,Hà Nội,Nhà ở,5.0,2 giờ trước,"45190112
Sốc - KĐT Đại Kim 55m² 5 tầng vỉa hè ô tô tránh.
- Nhà thuộc Khu đô thị Đại Kim, quy hoạch đồng bộ, dân cư đông, thanh khoản tốt.
- Đường phân lô, vỉa hè rộng phù hợp vừa ở vừa làm VP/cho thuê.
- Kết nối nhanh Nguyễn Xiển Giải Phóng Vành đai 3, gần Bán đảo Linh Đàm.
Giá 16,5 tỷ tài sản lõi khu đô thị phía Nam Hà Nội.
Nguyễn Huy Hiệu - 0936 665 ***. *** ",300000000.0,16.5,sale,small,over_10b
175643562,132012036,"Bán nhà Di Trạch 48m2, full nội thất 5,2 tỷ",5200000000,48.0,Huyện Hoài Đức,Xã Di Trạch,Hà Nội,Nhà ở,4.0,55 phút trước,"Dự án: 
Thông tin chi tiết: 🏅🏅🏅 Nhà đẹp DI TRẠCH , thiết kế hiện đại, full nội thất ,gần UBND xã , trường học . 
- Gần các trường đại học 
Cách ubnd xã , trường học các  cấp , chợ …. Chỉ 3 bước chân .
- Dân cư đông đúc , dân trí cao . Hàng xóm thân thiện. Giao thông thuận tiện.

💥 Thiết kế : 5 tầng hiện đại .
+ Tầng 1 : Phòng khách , bếp ,wc
+ Tầng 2,3,: Phòng ngủ, wc
+ Tầng 4: Phòng thờ , sân phơi .
🎗 Cam kết 
- Sổ đỏ chính chủ 
- Hỗ trợ ngân hàng tới 70% .

📞 Mọi thông tin chi tiết vui lòng liên hệ 
Sđt ***",108333333.33333333,5.2,sale,small,5_10b
176062426,132371217,"CHỈ 16.3 TỶ - SỞ HỮU ""CỖ MÁY IN TIỀN"" PCCC CHUẨN 2026 Hoàng Mai",16200000000,55.0,Quận Hoàng Mai,Phường Tương Mai,Hà Nội,Nhà ở,11.0,52 phút trước,"CHỈ 16.3 TỶ - SỞ HỮU ""CỖ MÁY IN TIỀN"" PCCC CHUẨN 2026
📍 Vị trí: 197 Hoàng Mai - Sát vách Bách-Kinh-Xây.
Thông số: 55m2 x 6T | MT 4.5m | Thang máy | 14 Phòng khép kín.

📈 Dòng tiền 850tr/năm (~6%/năm). 14 căn hộ Full nội thất.
🛡️ An toàn tuyệt đối: Hệ thống PCCC Spindler, cửa chống cháy, lối thoát hiểm riêng.
Sổ đỏ chính chủ - giao dich ngay
📞 LH: Em Phượng Đất- *** (Check quy hoạch & xem nhà 24/7).",294545454.54545456,16.2,sale,small,over_10b
174997460,131460370,BÁN NHÀ PHỐ VŨ TÔNG PHAN- 40M* 5TẦNG- Ô TÔ ĐỖ SÁT NHÀ- NGÕ THÔNG,10300000000,40.0,Quận Thanh Xuân,Phường Khương Trung,Hà Nội,Nhà ở,5.0,1 giờ trước,"Dự án: 
Thông tin chi tiết: • Diện tích: 40m
 • Thiết kế: 5 tầng, 5 phòng ngủ, đầy đủ công năng
 • Pháp lý: Sổ đỏ chính chủ, sẵn sàng giao dịch

Vị trí cực đẹp – trung tâm phố khương hạ, thanh xuân 
• trước nhà thoáng sáng
 • vài bước ra mặt phố
 • Ngõ thông các tuyến đường lớn: Khương Trung - Khương Đình - Nguyễn Trãi - Ngã tư sở – Kim Giang – Vũ Tông Phan
 • Gần chợ, trường mầm non, cấp 1, cấp 2 – tiện ích không thiếu thứ gì
 • Khu dân cư an ninh tốt, an sinh đỉnh cao

Liên hệ: Em Huê – để xem nhà trực tiếp.
Miễn phí tư vấn pháp lý – hỗ trợ nhiệt tình đến khi vào ở.",257500000.0,10.3,sale,small,over_10b
176062263,132371093,"ìm đâu ra lô đất đẹp, nhỏ tiền 4,2 Tỷ, 33M ở Phú Lương được nữa ?",4200000000,44.0,Quận Hà Đông,Phường Phú Lương,Hà Nội,Đất,3.0,1 giờ trước,"Chính chủ cần bán nhanh để xoay vốn nên mới để giá 4,2 tỷ.
Diện tích 33m², vưà túi tiền hầu hết mọi người.
Đất đẹp, nở hậu, Mặt Tiền 4m, hậu 6m
Ngõ nông, cách 1 nhà ra ô tô, hiện trạng ngõ 1,7m
Ngay gần chợ, giữa làng nghề, tiện kinh doanh.
Sổ đỏ, sẵn sàng giao dịch.
Rất khó để tìm được lô đất đẹp mà giá chỉ 4,2 tỷ ( có thương lượng ), ai nhanh thì được.
Địa chỉ: 1.10 Đình Làng Bắc Lãm,  Phú Lương, Hà Nội
LH : ***
",95454545.45454545,4.2,sale,small,3_5b
176062611,132371353,17 TỶ – CHỐT NGAY HỘ KHẨU VIP TRUNG TÂM THÁI HÀ- thang máy,17000000000,40.0,Quận Đống Đa,Phường Trung Liệt,Hà Nội,Nhà ở,4.0,35 phút trước,"ĐỪNG XUỐNG TIỀN Ở ĐỐNG ĐA NẾU CHƯA XEM CĂN THÁI HÀ NÀY!

💥 17 TỶ – CHỐT NGAY HỘ KHẨU VIP TRUNG TÂM THÁI HÀ
✔ Nhà mới tinh 6 tầng, có thang máy xịn
✔ Mặt tiền 4.5m – hiếm trong phân khúc
✔ Công năng chuẩn chỉnh: 4 phòng ngủ rộng rãi

🚗 Ngõ thông – ô tô chạy vòng quanh, kinh doanh hay làm văn phòng đều đỉnh
📈 Khu vực giữ giá – thanh khoản cực nhanh

💎 Điểm khác biệt:
👉 Căn *** khu Thái Hà có thang máy giá dưới 17 tỷ hiện tại

⏳ Cơ hội không đến lần 2 – căn này chỉ chờ người quyết nhanh trong 48H

📞 Gọi ngay: *** (Phượng Đất)
Xem nhà thực tế – cảm nhận là chốt!",425000000.0,17.0,sale,small,over_10b
174495443,131033625,"CCMN FULL ĐỒ BAN CÔNG – QUANG TIẾN – VINSMART CITY (TÂY MỖ, NAM TỪ",4000000,25.0,Quận Nam Từ Liêm,Phường Tây Mỗ,Hà Nội,Căn hộ/Chung cư,1.0,2 giờ trước,"📍 Địa chỉ: Ngõ 117 Quang Tiến
📌 Gần khu vực: Vinhomes Smart City – Đại lộ Thăng Long – Lê Trọng Tấn – Thiên Đường Bảo Sơn
🎓 Gần trường: ĐH Công Nghiệp Hà Nội – ĐH Thương Mại – Học viện Tài Chính – ĐH Quốc Gia (khu vực Cầu Giấy)

⏰ Phòng trống – vào ở luôn 

🏠 Loại phòng: Studio (mỗi sàn 5 phòng)
🌤 100% phòng có ban công + dây phơi riêng tại phòng
🛋 Nội thất: full nội thất – máy giặt riêng
🎟 Hỗ trợ làm thẻ cư dân Vinhomes Smart City – dùng full tiện ích:
🌿 Vào Vườn Nhật
🏊 Sử dụng tất cả bể bơi trong khu đô thị
🏀 Sân thể thao (tennis, bóng chuyền, bóng rổ,…) và các tiện ích khác
💡 Dịch vụ:
⚡ Điện 4.2k/số | 💧 Nước 35k/khối | 🌐 Mạng 100k/phòng | 🧹 Phí dịch vụ 200k/người | 🛵 Free 1 xe máy/người (tầng hầm)
📌 Lưu ý:
🚫 Không để xe điện",160000.0,0.004,sale,very_small,under_1b
175761640,132113055,"E là chính chủ bán 650m đất 3 mặt tiền, đg ôtô tránh tại Chương Mỹ-HN",3980000000,650.0,Huyện Chương Mỹ,Xã Trần Phú,Hà Nội,Đất,3.0,1 giờ trước,"Dt 11,5 x 16 x 48m. Tổng thực tế 650m, sổ 489m, sổ đỏ ngày xưa cha ông để lại. đã từng cắm ngân hàng nên pháp lý uy tín ạ
Phù hợp xây nghỉ dưỡng, không khí vô cùng trong lành mà vẫn đầy đủ tiện nghi, tặng bản thiết kế full luôn ạ.
Cách Văn Quán Hà Đông 20km",6123076.923076923,3.98,sale,very_large,3_5b
174482416,131022369,"CC cần bán đất Đa Tốn -Gia Lâm ô tô vào tận đất, giá nhỉnh 3tỷ xíu",3600000000,45.0,Huyện Gia Lâm,Xã Đa Tốn,Hà Nội,Đất,3.0,33 phút trước,"Dự án: 
Thông tin chi tiết: ♦️♦️ Đa Tốn - Gia Lâm - Hà Nội 

+ Diện Tích 45M - MT 5m = HẬU 

+ Đường ô tô 7 chỗ đỗ trước đất, trải nhựa

+ Vị trí vàng: Nằm giữa 2 đại đô thị lớn nhất là Ecopark và Vinhomes Ocean Park cách chỉ 300m

+ Bán kính 300m trường học các cấp, chợ Bún, UBND, giáp quốc lộ 5B tiện di chuyển các tỉnh 

+ Giá: 3.600 tỷ ( có bớt) 

+ Sổ đỏ cất két, giao dịch trong ngày",80000000.0,3.6,sale,small,3_5b
176061791,132370723,nhà 4 tầng .Dân xây - Mặt phố - kinh doanh - vỉa hè - ô tô tránh,12850000000,50.0,Huyện Gia Lâm,Thị trấn Trâu Quỳ,Hà Nội,Nhà ở,3.0,2 giờ trước,"50m - 4 tầng - Nhà Đẹp - Dân xây - Mặt phố trục chính - kinh doanh - vỉa hè - ô tô tránh - Vị trí ""Vàng"" của Gia Lâm: 
- Tọa lạc tại mặt phố An Đào A, căn nhà nằm tai vị trí trung tâm Trâu Quỳ, 2 phút vào Học viện Nông nghiệp, 3 phút vào Vin Ocean Park. Đây là khu vực ""Kinh đô ánh sáng"" với mật độ dân cư và sinh viên đông đúc, đảm bảo dòng tiền kinh doanh ổn định 24/7.
- Sẵn nhà dân xây 4 tầng cực đẹp và chắc chắn, 3 tầng trên ở, 1 tầng trệt đang cho thuê kinh doanh. Khu vực rất lâu mới có nhà bán , nhanh tay sở hữu .",257000000.0,12.85,sale,small,over_10b
176062773,132371492,MẶT NGÕ ĐỐNG ĐA – MT 8M HIẾM – Ô TÔ VÀO NHÀ – KINH DOANH ĐỈNH,16900000000,39.0,Quận Đống Đa,Phường Quang Trung,Hà Nội,Nhà ở,4.0,17 phút trước,"MẶT NGÕ ĐỐNG ĐA – MT 8M HIẾM – Ô TÔ VÀO NHÀ – KINH DOANH ĐỈNH 🔥
💥 HÀNG HIẾM KHÓ TÌM – 2 THOÁNG – GIÁ TRỊ TĂNG MẠNH TƯƠNG LAI
💥 TRUNG TÂM KẾT NỐI: XÃ ĐÀN – PHẠM NGỌC THẠCH – ĐẶNG VĂN NGỮ – HỒ ĐẮC DI
📍 Diện tích: 40m²
📍 Mặt tiền: 4m (cực hiếm trong tầm giá)
📍 Giá chào: 16.9 tỷ
✅ Mặt ngõ kinh doanh sầm uất – ô tô vào nhà, dừng đỗ thoải mái
✅ Vị trí trung tâm quận Đống Đa – kết nối giao thông cực thuận tiện
✅ Nhà tự xây 6t ầng, khung cột chắc chắn – vừa ở vừa kinh doanh tốt
✅ Phù hợp: văn phòng, shop online, spa,  cho thuê dòng tiền
✅ Sổ đỏ chính chủ – giao dịch nhanh
📞 Liên hệ xem nhà: *** ",433333333.3333333,16.9,sale,small,over_10b
175883352,132217124,HIẾM – NHÀ MỚI THÁI THỊNH 6 TẦNG – Ở NGAY CHỈ 9.5 TỶ,9500000000,31.5,Quận Đống Đa,Phường Thịnh Quang,Hà Nội,Nhà ở,4.0,30 phút trước,"🔥 HIẾM – NHÀ MỚI THÁI THỊNH 6 TẦNG – TRUNG TÂM ĐỐNG ĐA – 9.5 TỶ 🔥

Bạn đang tìm một căn nhà vừa hiện đại, vừa giữ được “chất sống phố cũ” giữa lòng Hà Nội? Đây chính là lựa chọn đáng cân nhắc.

📍 Ngõ 97/167 Thái Thịnh – vị trí lõi quận Đống Đa, khu dân trí cao, an ninh tốt.

Điểm đặc biệt của căn nhà không chỉ nằm ở thiết kế mới, mà còn ở trải nghiệm sống. Giữa lúc Hà Nội thay đổi từng ngày bởi các tuyến đường và dự án lớn, nơi đây vẫn giữ được nhịp sống quen thuộc: sáng ra chợ gần nhà, chiều cafe vỉa hè, tối tụ tập vài xiên nướng, cốc bia nhẹ cùng bạn bè. Một không gian sống vừa tiện nghi, vừa gần gũi.

🏡 Nhà xây mới 6 tầng kiên cố, diện tích 31.5m², thiết kế tối ưu:
• 4 phòng ngủ khép kín, riêng tư
• Đầy đủ phòng khách, bếp, phòng thờ, sân phơi
• Nội thất hoàn thiện cao cấp, dọn vào ở ngay

💰 Giá: 9.5 tỷ – sổ đỏ chính chủ
🤝 Hoa hồng 3% cho môi giới

📍 Tiện ích xung quanh cực kỳ thuận tiện:
• 20m ra chợ Thái Thịnh
• Gần ga tàu điện trên cao
• Chỉ vài phút tới Royal City, hồ Hoàng Cầu
• Bao quanh là các trường đại học lớn và bệnh viện tuyến đầu

🎯 Phù hợp để ở lâu dài, cho thuê hoặc giữ tài sản trung tâm – khu vực luôn có giá trị cao và thanh khoản tốt.

📞 Liên hệ: *** (Chính chủ) – xem nhà thực tế, cảm nhận rõ giá trị!",301587301.5873016,9.5,sale,small,5_10b
176061211,132370221,"BÁN NHÀ TỨ HIỆP, THANH TRÌ, 40M x 4 TẦNG, 2 THOÁNG, HƠN 6 TỶ",6600000000,40.0,Huyện Thanh Trì,Xã Tứ Hiệp,Hà Nội,Nhà ở,4.0,2 giờ trước,"🔥 BÁN NHÀ TỨ HIỆP, THANH TRÌ – NHÀ MỚI ĐẸP – 2 THOÁNG VĨNH VIỄN – GẦN Ô TÔ 🔥

🏡 Căn nhà cực phù hợp cho gia đình mua ở lâu dài tại trung tâm Tứ Hiệp – khu vực dân cư đông đúc, an sinh tốt, tiện ích đầy đủ.

📍 Vị trí đẹp khu Tứ Hiệp,  gần ô tô, gần sân vui chơi, trường cấp 1, cấp 2 Tứ Hiệp, chợ dân sinh và trung tâm hành chính Thanh Trì.

✨ Nhà mới đẹp, nội thất chỉn chu, khách mua về ở luôn
✨ Hai thoáng vĩnh viễn, phòng nào cũng sáng và thoáng
✨ Ngõ thông, Khu dân trí cao, yên tĩnh, ở cực thích

🏠 Thiết kế công năng đầy đủ:

Tầng 1: Phòng khách rộng + bếp + WC
Tầng 2,3: Mỗi tầng 2 phòng ngủ + WC riêng
Tầng 4: Phòng thờ + sân vườn + sân phơi rộng thoáng

💎 Điểm cộng lớn là phía sau nhà có ngõ thoáng vĩnh viễn, tạo không gian sống cực kỳ dễ chịu hiếm gặp trong khu vực.

📕 Sổ đỏ đẹp, pháp lý chuẩn.

☎️ Hiệu BĐS Thổ cư - ***

#bannhatuhiep #bannhathanhtri #nhadeptuhiep #nhadatthanhtri #muabannhathanhtri #bdsthocu #nhatrungtamthanhtri #nhadepoalways",165000000.0,6.6,sale,small,5_10b
175831819,132173102,🌹Tôi Chính Chủ Bán Nhà giữa chợ Nghĩa Đô🍀,7980000000,33.0,Quận Cầu Giấy,Phường Nghĩa Đô,Hà Nội,Nhà ở,4.0,3 giờ trước,"Dự án: 
Thông tin chi tiết: 🌹TÔI CHÍNH CHỦ BÁN NHÀ : Nghĩa Đô( gần Hồ Tây).Giữa chợ Bái Ân. Ô tô đỗ cổng🚗
🏦Giá siêu yêu: 7,98 tỷ 
SDCC ,không quy hoạch ,xịn ,dân trí cao 
Dt 33m( trong đó 27m sổ+ sân) xây cả phần sân thành nhà
- Nhà KBT chắc chắn từng viên gạch 
4 tầng ,đầy đủ công năng
- Tầng 1 khách + bếp+ wc+ sân để xe 
-Tầng 2: 2 ngủ + wc ( cửa sổ thoáng sáng) 
-Tầng 3: 2 ngủ+ wc ( cửa sổ thoáng sáng) 
- Tầng 4 : 1 ngủ + phòng thờ+ sân trồng cây + phơi 
- Tầng 5: Tum ( trồng rau sạch) 
Ngôi nhà được xây rất tâm huyết ,gần trường ,giữa chợ,ngõ thoáng,gần Hồ Tây.
Đã mua biệt thự To nên bán bớt 🏦💵
☎️Liên hệ: ***",241818181.8181818,7.98,sale,small,5_10b
175910110,132240047,PHÒNG 30m² RỘNG RÃI - NGÕ Ô TÔ ĐỖ CỬA - FULL ĐỒ - GIẢI PHÓNG,4300000,30.0,Quận Hoàng Mai,Phường Hoàng Liệt,Hà Nội,Phòng trọ,3.0,1 giờ trước,"PHÒNG 30m² RỘNG RÃI NGÕ Ô TÔ ĐỖ CỬA FULL ĐỒ GIẢI PHÓNG
1. Địa chỉ: Số 2 ngõ 1375 Giải Phóng, Hoàng Mai (Phòng 202 đúng như hình). Vị trí thuận tiện, gần các trường Bách Khoa Kinh Tế Xây Dựng, bến xe Nước Ngầm, di chuyển dễ dàng vào trung tâm.
2. Chi tiết:
- Phòng rộng khoảng 30m², khép kín, có ban công thoáng mát
- Nhà nằm trong ngõ ô tô đỗ tận cửa, đi lại cực kỳ thuận tiện
- Full nội thất chỉ cần mang đồ cá nhân vào ở
- Tòa nhà có thang máy, khóa vân tay, giờ giấc tự do
- Có sẵn gym và cafe ngay trong nhà, tiện sinh hoạt hằng ngày
3. Giá thuê:
- 4,3 triệu/tháng (hợp đồng 12 tháng)
- 4,5 triệu/tháng (hợp đồng 6 tháng)
4. Chi phí:
- Dịch vụ: 200K/người
- Nước: 100K/người
- Điện: 4K/kWh
- Wifi: 100K/phòng
Liên hệ xem phòng sớm, tặng 5 ngày ở free - Trung.",143333.33333333334,0.0043,sale,very_small,under_1b
176060815,132369839,GIÁ RẺ ! CÓ SỔ HỒNG ! CHUNG CƯ E2 MỄ TRÌ_PHẠM HÙNG_NAM TỪ LIÊM,1700000000,52.0,Quận Nam Từ Liêm,Phường Mễ Trì,Hà Nội,Căn hộ/Chung cư,2.0,3 giờ trước,"Bán trực tiếp chung cư E2 Mễ Trì - Phạm Hùng - Nam Từ Liêm

Gần học viện Ngân Hàng, đại học Y, Kinh Tế Quốc Dân, Bách Khoa.

Hệ thống phòng cháy chữa cháy hiện đại, đạt tiêu chuẩn mới.

Thang thoát hiểm, lối thoát nạn đầy đủ.

Gần các trường cấp 1, cấp 2, cấp 3.

Thiết kế căn hộ ngủ sáng thoáng đẹp. Sổ hồng sở hữu vĩnh viễn.

Khách hàng không mất thêm bất kỳ chi phí nào khác. Pháp lý đầy đủ và đảm bảo theo quy định của pháp luật.

Liên hệ trực tiếp Trường chủ đầu tư xây dựng để mua nhà giá gốc ***Đã sao chép.

Add Zalo để nhận video căn hộ. (Lưu ý miễn môi giới trung gian).",32692307.692307692,1.7,sale,small,1_3b
168354903,125718706,"Bán đất TẢ THANH OAI THANH TRÌ, VỊ TRÍ VÀNG SINH LỜI-40m² - chỉ 2.9 tỷ",2900000000,40.0,Huyện Thanh Trì,Xã Tả Thanh Oai,Hà Nội,Đất,3.0,3 giờ trước,"Bán đất TẢ THANH OAI THANH TRÌ, VỊ TRÍ VÀNG SINH LỜI - 40m² - chỉ 2.9 tỷ
✅ Chủ đất là cô Hòa – cán bộ hưu trí ngành giáo dục, hiện đang sở hữu nhiều mảnh đất ở khu vực Thanh Trì. Với nhu cầu không sử dụng hết và muốn tái cơ cấu danh mục đầu tư, cô quyết định nhượng lại lô đất 40m² tại Tả Thanh Oai – một trong những điểm nóng tiềm năng tăng giá thời gian tới.
✅ Tọa lạc ngay trung tâm xã Tả Thanh Oai, vị trí quá đắc địa khi nằm gần chợ dân sinh, các trường học từ mầm non đến THCS, và chỉ vài phút tới bệnh viện 103. Khu vực đông dân cư, nhiều người tìm thuê và mua ở thực – rất thích hợp để đầu tư ngắn hạn, lướt sóng với tỷ suất lợi nhuận tốt.
✅ Đất vuông vắn, mặt bằng đẹp, dễ quy hoạch – sẵn sàng để xây dựng hoặc chờ tăng giá. Đặc biệt phù hợp với nhà đầu tư tìm kiếm sản phẩm ""xuống tiền là có lãi"".
👉 Với hơn 5 năm chuyên bất động sản khu vực Thanh Trì, TRƯƠNG BĐS không chỉ đơn thuần bán sản phẩm – chúng tôi đồng hành cùng nhà đầu tư trong từng quyết định, giúp quý khách chọn đúng – mua trúng – sinh lời nhanh.
💰 Đừng để tiền nằm yên trong ngân hàng! Mảnh đất Tả Thanh Oai này là “phép thử ngọt ngào” cho nhà đầu tư mới, và “viên ngọc sáng” với nhà đầu tư giàu kinh nghiệm.
📞 Gọi ngay TRƯƠNG BĐS – *** để xem đất thực tế và nhận tư vấn chiến lược đầu tư hiệu quả!",72500000.0,2.9,sale,small,1_3b
176062805,132371517,NHÀ ĐẸP- Trung tâm Quận Phố Hồng Mai 35m2 x5 tầng 4PN 9.8 tỷ,9800000000,35.0,Quận Hai Bà Trưng,Phường Bạch Mai,Hà Nội,Nhà ở,4.0,14 phút trước,"NHÀ ĐẸP- Trung tâm Quận Phố Hồng Mai 35m2 x5 tầng 4PN 9.8 tỷ
Mô tả:
- Ô tô đỗ cách nhà 10m. 
- Thiết kế:
+ T1: Khách, bếp.
+ T2,3,4,5 : Tầng 1 ngủ 1 wc.
- Sổ đỏ cất két giao dịch ngay.
Liên Hệ: *** - Giao dịch trực tiếp",280000000.0,9.8,sale,small,5_10b
176061345,132370365,"BÁN NHÀ TỨ HIỆP, THANH TRÌ – 45M X 3 TẦNG, Ô TÔ ĐỖ CỬA, GIÁ HƠN 5 TỶ",5900000000,45.0,Huyện Thanh Trì,Xã Tứ Hiệp,Hà Nội,Nhà ở,3.0,2 giờ trước,"🔥 BÁN NHÀ TỨ HIỆP, THANH TRÌ – 45M X 3 TẦNG, NHÀ MỚI ĐẸP –  Ô TÔ ĐỖ CỬA 🔥

🏡 Căn nhà cực phù hợp cho gia đình mua ở lâu dài tại trung tâm Tứ Hiệp – khu vực dân cư đông đúc, an sinh tốt, tiện ích đầy đủ.

📍 Vị trí đẹp khu Tứ Hiệp,  ô tô đỗ cửa, gần sân vui chơi, trường mầm non Tứ Hiệp, chợ dân sinh và trung tâm hành chính Thanh Trì.

✨ Nhà mới đẹp, nội thất chỉn chu, khách mua về ở luôn
✨ Ngõ thông ô tô đỗ cửa, 30m ra ô tô tránh.
✨ Khu dân trí cao, yên tĩnh, ở cực thích

💎 Điểm cộng lớn khu vực nhiều cây xanh, hồ nước, tạo không gian sống cực kỳ dễ chịu hiếm gặp trong khu vực.

📕 Sổ đỏ đẹp, pháp lý chuẩn.

☎️ Hiệu BĐS Thổ cư - ***

#bannhatuhiep #bannhathanhtri #nhadeptuhiep #nhadatthanhtri #muabannhathanhtri #bdsthocu #nhatrungtamthanhtri #nhadepoalways",131111111.1111111,5.9,sale,small,5_10b
175372622,131779389,ẢNH THẬT GIÁ THẬT - STUDIO FULL ĐỒ NGAY PHỐ TRỊNH VĂN BÔ CĐ FPT,4000000,28.0,Quận Nam Từ Liêm,Phường Xuân Phương,Hà Nội,Căn hộ/Chung cư,1.0,2 giờ trước,"Dự án: 
Thông tin chi tiết: 🏠 CẬP NHẬT NHÀ MỚI – KHAI TRƯƠNG CCMN

👉 Mã nhà: PT92
👉 Loại phòng: Studio
💰 Giá thuê: 4.000.000 


📍 Địa chỉ: Ngõ 173/35 Phương Canh, Nam Từ Liêm
✨ Nhà mới 100% – bóc seal – ở ngay

🛋 Nội thất full đồ:
Thang máy, điều hòa, nóng lạnh, tủ lạnh, tủ quần áo, bếp + hút mùi

💡 Chi phí dịch vụ:
⚡ Điện 4.000đ/số | 💧 Nước 35.000đ/khối
🏢 Dịch vụ chung 250.000đ/người/tháng (vệ sinh 50k + thang máy 50k + máy giặt 100k + wifi 50k)

📄 Hợp đồng: 6 – 12 tháng
✅ Không giới hạn người ở & xe
🚪 Không chung chủ – giờ giấc tự do

📞 Liên hệ xem phòng: Thu Phương",142857.14285714287,0.004,sale,very_small,under_1b
172676157,129456707,Giảm 300tr nhà Trần Hoà-Oto 10m-NTsịn-50m*3T;MT4m;2N,2900000000,50.0,Quận Hoàng Mai,Phường Đại Kim,Hà Nội,Nhà ở,2.0,1 giờ trước,"SIÊU HOT ! GIẢM 300TRIỆU NHÀ DÂN XÂY ĐẸP TRẦN HOÀ, P. ĐẠI KIM-10M RA BÃI GỬI Ô TÔ-CÁCH PHỐ 60M-FULL NỘI THẤT CAO CẤP-50M * 3 TẦNG ; MẶT TIỀN 4M ; 2 NGỦ - Nhỉnh 2,5 tỷ

VỊ TRÍ:
Nhà chỉ cách phố Trần Hoà tầm 60m, cách bãi gửi ô tô khoảng 10m. Cạnh nhà là Trung tâm thể thao nhộn nhịp, khu ẩm thực sầm uất. Ngõ thông sang Định Công Hạ, Trịnh Đình Cửu, Vũ Tông Phan. Nằm trong khu đều xây cao tầng, đân trí cao, an ninh tốt.
MÔ TẢ:
Nhà dân xây khung cột chắc chắn, thiết kế hiện đại. Chủ nhà thân tặng toàn bộ nội thất hiện có : TV, tủ lạnh, điều hoà, máy giặt, hệ thống bếp đồng bộ, giường, tủ, bàn, ghế, đồ gia dụng. Nhà 3 tầng sáng, thoáng, ngõ trước nhà 2,5m. Có 2 phòng ngủ rộng, đầy đủ công năng, full nội thất. Hiện đang cho thuê 8 triệu/tháng.
PHÁP LÝ :
Nhà chưa sổ đỏ nhưng nguồn gốc rõ ràng. Không quy hoạch. Hợp đồng mua bán vi bằng, công chứng.
LIÊN HỆ :
PHAN HÙNG ĐỂ NGẮM SIÊU PHẨM HIẾM CÓ",58000000.0,2.9,sale,small,1_3b
175969212,132291011,Bán nhà chính chủ mặt ngõ 214 trịnh đình cửu 2t giá 2.5ty 26m,2500000000,26.0,Quận Hoàng Mai,Phường Định Công,Hà Nội,Nhà ở,2.0,3 giờ trước,Nhà chính chủ ngõ 214 trịnh đình cửu tôi cần bán nhà 2 tầng 26m2 mt 4.2m tặng lại toàn bộ nội thất giá 2.5ty giao dịch nhanh về ở luôn cho người thiện chí,96153846.15384616,2.5,sale,very_small,1_3b
175386875,131791740,CHÍNH CHỦ BÁN NHÀ PHỐ ĐỊNH CÔNG THƯỢNG- 40M*4TẦNG- NGÕ NÔNG- GẦN PHỐ,9400000000,40.0,Quận Hoàng Mai,Phường Định Công,Hà Nội,Nhà ở,5.0,1 giờ trước,"Dự án: 
Thông tin chi tiết: • Diện tích: 40m
 • Thiết kế: 4 tầng , 5 phòng ngủ, đầy đủ công năng
 • Pháp lý: Sổ đỏ chính chủ, sẵn sàng giao dịch

Vị trí cực đẹp – trung tâm Định Công Thượng:
 • ngõ thông thoáng sáng tự nhiên
 • Ô tô lùi đỗ cửa vài bước ra mặt phố
 • Ngõ thông các tuyến đường lớn: Giải Phóng – Trần Hòa – Kim Giang – Vũ Tông Phan
 • Gần chợ, trường mầm non, cấp 1, cấp 2 – tiện ích không thiếu thứ gì
 • Khu dân cư an ninh tốt, an sinh đỉnh cao

Liên hệ: Em Huê – chuyên nhà đẹp khu vực Định Công để xem nhà trực tiếp.
Miễn phí tư vấn pháp lý – hỗ trợ nhiệt tình đến khi vào ở.",235000000.0,9.4,sale,small,5_10b
174870809,131352908,Ảnh thật nhà thật 100% - KHAI TRƯƠNG CCMN LẠC LONG QUÂN  - ÂU CƠ,6000000,30.0,Quận Tây Hồ,Phường Xuân La,Hà Nội,Phòng trọ,3.0,2 giờ trước,"🌿 CCMN FULL ĐỒ – ÂU CƠ, TÂY HỒ – NHIỀU LOẠI PHÒNG ĐẸP
📍 Ngõ 360 Âu Cơ, Tây Hồ, Hà Nội
📌 Gần Nhật Tân – Quảng An – Hồ Tây – Lotte Mall – khu sống đẹp, tiện đi lại
⏰ Tình trạng: trống nhiều phòng
✨ Thông tin nổi bật
✅ Full đồ: giường, đệm, điều hoà, nóng lạnh, tủ quần áo, tủ bếp trên dưới, kệ bếp, bồn rửa bát, tủ lạnh, máy giặt
✅ Có cả phòng đơn và 1 ngủ 1 khách
✅ Diện tích 28–30m2
✅ Khu vực Tây Hồ thoáng, ở tiện nghi, phù hợp người đi làm
💵 Dịch vụ: Điện 4.2k/số | Nước 35k/khối | Wifi 100k/phòng | Sạc xe điện 90k/xe | DVC 100k/người
📞 Liên hệ xem phòng: *** – Thu Phương",200000.0,0.006,sale,very_small,under_1b
175953383,132277335,căn hộ mini đường Hàng Cháo gần HVTC Hà Nội,3500000,20.0,Quận Đống Đa,Phường Cát Linh,Hà Nội,Phòng trọ,3.0,3 giờ trước,"Dự án: 
Thông tin chi tiết: Căn hộ mini  tại số 10 ngõ 16 phố Hàng cháo, phường Cát Linh, quận Đống Đa, Hà Nội giờ giấc tự do, đầy đủ tiện nghi chỉ sách valy vào ở. Căn hộ chỉ cách Học viện Tài Chính 30m, Văn Miếu Quốc tử Giám 50m, bệnh viện Xanh pôn 50m, VPCP, các Đại Sứ Quán, Lăng Bác 200m…nội thất như hình không thiếu thứ gì camera an ninh 24/24, thẻ từ ra vào nhà và phòng, - thang máy, máy lạnh 2 chiều , tủ lạnh, ti vi, máy nước nóng , bếp từ, bát đũa …. Giá 3,5 tr / tháng khách có nhu cầu thuê vui lòng liên hệ điện thoại mình chính chủ nhé!
Rất vui mừng đón chào quí khách!",175000.0,0.0035,sale,very_small,under_1b
176062190,132371038,"Nhà đẹp phố Lê Trọng Tấn, - Gần vành đai 2.5 - 30m2*5T - Ở ngay",7200000000,30.0,Quận Hoàng Mai,Phường Định Công,Hà Nội,Nhà ở,3.0,1 giờ trước,"Dự án: 
Thông tin chi tiết: Nhà đẹp phố Lê Trọng Tấn, - Gần vành đai 2.5 - 30m2*5T - Ở ngay

- Phố Lê Trọng Tấn - Hoàng Mai - Gần Vành Đai 2.5 – vị trí đẹp thuận tiện di chuyển
- Diện tích: 30m²
- Xây dựng 5 tầng kiên cố, thiết kế hiện đại
- Nhà đẹp, vào ở ngay
- Ngõ nông, thoáng, chỉ cách phố khoảng 50m
- Khu dân trí tốt, tiện ích đầy đủ quanh nhà
- Phù hợp gia đình trẻ cần nhà đẹp khu trung tâm hoặc mua giữ tiền 
- Sổ đỏ chính chủ, pháp lý rõ ràng

A/c quan tâm inbox em Hạnh Vân để xem nhà trực tiếp",240000000.0,7.2,sale,very_small,5_10b
176060596,132369635,nhà 4.5 tầng 3 pn rộng . oto đỗ cửa giá 6tr/1 tháng ngay choẹ phượng c,6000000,32.0,Huyện Chương Mỹ,Xã Phụng Châu,Hà Nội,Nhà ở,3.0,3 giờ trước,"Dự án: 
Thông tin chi tiết: T
Em chính chủ cho thuê Nhà nguyên căn xây mới 30m, 5 tầng, 3 ngủ, 4wc, 1 khách, 1 bếp, 1 phòng thờ, 1 sân phơi. 
Xung quanh tiện ích đầy đủ không thiếu thứ gì. Nhà đẹp thoáng mát hơn khách sạn 5 sao.
- Địa chỉ: Phượng Nghĩa, Phụng Châu, Chương Mỹ, Hà Nội.
- Nhà cách Ô tô đỗ 10m. Điện nước giá dân.
- Nhà cạnh UBND xã Phụng Châu.
- Cách chợ 100m. Cách trạm y tế 100m.
- Gần trường  mầm non, trường tiểu học, trường Trung học cơ sở.
- Cách trường Đại Học Sư phạm thể dục thể thao 900m
- Giá : 6  triệu/ 1 tháng. Đóng 3 cọc 1.
- Ưu tiên cho hộ gia đình thuê lâu dài. 
-Ac quan tâm vui lòng liên hệ sđt *** xem nhà và làm việc chính chủ",187500.0,0.006,sale,small,under_1b
176061127,132370148,"MBKD Thọ Lão, Lò Đúc 80m2",13000000,80.0,Quận Hai Bà Trưng,Phường Đống Mác,Hà Nội,"Văn phòng, Mặt bằng kinh doanh",3.0,2 giờ trước,"Dự án: 
Thông tin chi tiết: Cho thuê mặt bằng KD VP – Thọ Lão, Lò Đúc, Hai Bà Trưng

Toà nhà có thang máy, vị trí thuận tiện, gần trường học, chợ, khu trung tâm, giao thông đi lại dễ dàng.
 • Diện tích: 80m² / tầng
 • Thiết kế: Thông sàn, dễ bố trí
 • Phù hợp: Văn phòng, lớp học, spa, bán hàng online, kho hàng…

📞 Liên hệ: Quang",162500.0,0.013,sale,medium,under_1b
176060992,132370025,GIÁ RẺ ! SỔ ĐỎ ! CHUNG CƯ H2 NGUYỄN TRÃI_THƯỢNG ĐÌNH_NGÃ TƯ SỞ,1450000000,52.0,Quận Thanh Xuân,Phường Thượng Đình,Hà Nội,Căn hộ/Chung cư,2.0,2 giờ trước,"Chính chủ - bán chung cư giá rẻ H2 Nguyễn Trãi - Thượng Đình - Ngã Tư Sở - Thanh Xuân

PCCC hiện đại theo tiêu chuẩn. Full nội thất.

Căn hộ gần nhiều trường học - siêu thị - chợ - đầy đủ tiện nghi - nội thất cơ bản đầy đủ.

Tòa nhà thiết kế tầng 1 để xe, có đầy đủ hệ thống phòng cháy chữa cháy tự động, an ninh tòa nhà bảo vệ chuyên nghiệp.

Sổ hồng sở hữu vĩnh viễn, căn hộ thiết kế 2 phòng ngủ đẹp.

Liên hệ trực tiếp Trường chủ đầu tư xây dựng để mua nhà giá gốc ***Đã sao chép.

Add zalo để nhận video căn hộ. (Lưu ý miễn môi giới trung gian).",27884615.384615384,1.45,sale,small,1_3b
176061394,132370538,TẬP THỂ 1.2 TỶ HAI BÀ TRƯNG,1200000000,25.0,Quận Hai Bà Trưng,Phường Quỳnh Mai,Hà Nội,Căn hộ/Chung cư,1.0,2 giờ trước,"Dự án: 
Thông tin chi tiết: TẬP THỂ HAI BÀ TRƯNG CHỈ 1.2 TỶ
Hà Nội quy hoạch chằng chịt, mua nhà đâu cũng bất an. Tập thể dù lâu năm nhưng muôn đời vẫn ở đó, là một trong nét đẹp Hà Nội
E có căn TT 8/3 Hai Bà Trưng, gần bv Thanh Nhàn, các trường đại học bách khoa, kinh tế, kinh công...Time City. DT25m đủ công năng phù hợp gia đình nhỏ, hoặc nhóm sinh viên. Ban công dài cực thoáng mát
oto đỗ cầu thang. Mua bán Vi bằng. 
Liên hệ CC : *** Tuyết",48000000.0,1.2,sale,very_small,1_3b
176061544,132370544,485m thổ cư - 23tr met - hoà thạch phú cát - cách hà nội 30km,11500000000,485.0,Huyện Quốc Oai,Xã Hòa Thạch,Hà Nội,Đất,3.0,2 giờ trước,"Dự án: 
Thông tin chi tiết: Cách hà nội 30km- 23tr/ mét - hà ***
Siêu rẻ hiếm",23711340.206185568,11.5,sale,very_large,over_10b
172875438,129628407,tôi chính chủ bán nhà 5 tầng mới phố cổ quận Long biên,9000000000,35.0,Quận Long Biên,Phường Ngọc Lâm,Hà Nội,Nhà ở,3.0,1 giờ trước,Tôi chính chủ bán nhà 5tầng xây mới. Nhà lằm vị trí phố cổ quận Long biên.  Diện tích 35m mặt tiền 3m30      Hướng Tây nam  đường trước nhà 4m  nhà cách phố ngọc lâm 100m ngõ vào nhà ô tô đi thoải mái khu dân trí cao tiện ích thuận tiện nhà xây cho con gái ở nên thiết kế đẹp và lắp nội thất xịn,257142857.14285713,9.0,sale,small,5_10b
176062498,132371322,Nhà KĐT Định Công Hoàng Mai 90m2x6 tầng Thang Máy - Xây mới chỉ 32 tỷ,32000000000,90.0,Quận Hoàng Mai,Phường Định Công,Hà Nội,Nhà ở,8.0,41 phút trước,"#ĐỊNH_CÔNG - #HOÀNG_MAI - KĐT VÍP - #XÂY_MỚI - #THANG_MÁY.
Nhà nằm trong khu đô thị Định Công - Vip nhất Quận Hoàng Mai.

👉 DT 90m2 - 6 tầng mặt tiền rộng - sổ vuông đẹp - phân lô sẵn sàng giao dịch.

🎯Vị trí cực đẹp - phân lô - ô tô tránh

Thiết kế hiện đại  4p ngủ rộng khép kín.

Gia chào loanh quanh 30 ty!!!

LH: em để đi xem nhà",355555555.5555556,32.0,sale,medium,over_10b
174974320,131440641,"Bán CCMN Vũ Tông Phan, Thanh Xuân- 1ngủ thoáng giá rẻ, tặng full đồ",1485000000,33.0,Quận Thanh Xuân,Phường Khương Đình,Hà Nội,Căn hộ/Chung cư,1.0,10 giờ trước,"Dự án: 
Thông tin chi tiết: 🤝 Bán CCMN Giá Rẻ ,full nội thất mới đẹp, Tầng 6/9 thoáng đãng. Tặng Full Nội Thất

✅ Khu vực Vũ Tông Phan, Thanh Xuân, nhiều trường đh. Tiện ích đầy đủ xung quanh

✅ Dt 33m 1ngủ 1wc 1ban công. Thiết kế đầy đủ công năng

+ Gia đình nhỏ hay mua cho con đi học đi làm, cho thuê rất ok

+ Tặng full đồ nội thất xinh cho gia đình vào ở ngay

+ Toà thang máy, bảo vệ 24/24. Pccc đầy đủ

+ Mua bán nhanh gọn sang tên vi bằng

🤝 Giá thiện chí 1,xx tỷ có tl cho khách thiện chí

☎️ Call *** để xem nhà lấy video và tham khảo nhiều căn hộ tại HN #ccmnhanoi #chungcugiare #chungcuminihanoi #chungcuminihanoidep #banchungcuminihanoi",45000000.0,1.485,sale,small,1_3b
174599636,131123218,Phòng Trọ Khép Kín 20m2 tại Louis City Hoàng mai,3000000,20.0,Quận Hoàng Mai,Phường Mai Động,Hà Nội,Phòng trọ,3.0,10 giờ trước,"Phòng trọ khép kín tại Louis Cty Hoàng Mai gần Bắc - Kinh - Xây, nhà mới hoàn thiện nội thất đầy đủ , máy giặt, điều hoà , nóng lạnh, cửa khoá vân tay, giờ giấc tự do, chính chủ",150000.0,0.003,sale,very_small,under_1b
175928351,132255773,NHỈNH 2TỶ CÓ NHÀ MỚI DÂN XÂY -GẦN PHỐ -Ô TÔ QUA NHÀ,2700000000,61.0,Quận Hoàng Mai,Phường Định Công,Hà Nội,Nhà ở,3.0,13 giờ trước,"PHẢI THẬT NHANHHHH
NHỈNH Hai Tỷ CÓ NGAY NHÀ DÂN XÂY MỚI - THIẾT KẾ HIỆN ĐẠI SANG TRỌNG ,ĐẦY ĐỦ CÔNG NĂNG 

Vị trí : cách 500m ra phố Trần Hoà ,Gần bãi xe ô tô phí gửi xe rất rẻ 
Chủ thiện trí tặng nội thất cho gia chủ mới 
Ngõ thông các ngả ô tô đỗ cửa 
Liên hệ ngay : *** gặp chủ nhà 

(CAM KẾT KO QUY HOẠCH KO LỖI PHONG THUỶ )",44262295.08196721,2.7,sale,medium,1_3b
175994921,132313118,Chuyển nhương căn 2n1wc tại Vinhomes Smart city,4600000000,55.0,Quận Nam Từ Liêm,Phường Tây Mỗ,Hà Nội,Căn hộ/Chung cư,2.0,9 giờ trước,"Căn hộ chung cư tại Vinhomes Smart City , là lựa chọn lý tưởng cho những ai tìm kiếm không gian sống hiện đại và tiện nghi. Với diện tích 55m², căn hộ được thiết kế thông minh, tối ưu hóa không gian sử dụng với đầy đủ nội thất.

- 2 phòng ngủ rộng rãi, thoáng mát
- 1 phòng tắm tiện nghi
- Hướng cửa chính Tây Nam, ban công Đông Bắc
- Nội thất đầy đủ với điều hòa, giường, tủ lạnh...
- Giá bán 4,6 tỷ VND

Căn hộ có pháp lý đầy đủ, mang lại sự yên tâm cho người sử dụng. Không chỉ là nơi ở, căn hộ còn mang đến lối sống tiện nghi với nhiều tiện ích xung quanh.

Gần trường học, gần chợ/siêu thị, có công viên
",83636363.63636364,4.6,sale,small,3_5b
176049598,132360229,Gia đình cần bán căn hộ Chung cư mini tại Trần Khát Chân,1350000000,44.0,Quận Hai Bà Trưng,Phường Thanh Nhàn,Hà Nội,Căn hộ/Chung cư,2.0,11 giờ trước,"Dự án: 
Thông tin chi tiết: Diện tích sử dụng 40m 
Hai phòng ngủ biệt lập
Một phòng khách + bếp
Một nhà vệ sinh
Nội thất đầy đủ
Gần ĐH Bách Khoa, Kinh tế Quốc Dân, Xây dựng
Gần BV Việt Đức, Bạch Mai, Phụ sản TW
Gần CV Thống Nhất, CV Võ Thị Sáu",30681818.181818184,1.35,sale,small,1_3b
176051951,132362280,"Bán gấp 2 ngủ 52M Toà CT4 KĐT Xa La, Hà Đông - Đầy đủ nội thất",3390000000,52.0,Quận Hà Đông,Phường Phúc La,Hà Nội,Căn hộ/Chung cư,2.0,9 giờ trước,"Căn hộ tầng trung, thoáng. Sửa thành 2 ngủ thuận tiện toà CT4 Xa La, Hà Đông.
- Sổ đỏ chính chủ: 52.3 m2 (2 ngủ, 1wc, 1 ban công thoáng)
- Hướng cửa: Tây bắc. Ban công hướng: Đông nam
- Nội thất đầy đủ: trần thạch cao, hệ thống tủ bếp, sofa, bàn ghế ăn, giường tủ phòng ngủ..........
- giá bán: 3.3x tỷ (thương lượng mạnh)
Liên hệ xem nhà: *** (số chính có zalo) - ***",65192307.692307696,3.39,sale,small,3_5b
176046739,132358185,CHẠM ĐÁY KẺO MẤT - NHÀ MỚI TINH THÁI THỊNH GIÁ CHẠM ĐÁY,9000000000,40.0,Quận Đống Đa,Phường Ngã Tư Sở,Hà Nội,Nhà ở,3.0,12 giờ trước,"💥🔥 CHẠM NGAY KẺO MẤT – NHÀ MỚI TINH THÁI THỊNH GIÁ CHẠM ĐÁY – HIẾM CÓ KHÓ TÌM – XEM LÀ CHỐT! 🚨🌟

💎 40M² - MẶT 4M - NHÀ 4 TẦNG MỚI KÍNH KOONG
🎯 GIÁ 9 T.Ỷ

Tầng 1: Phòng khách + Bếp + WC
Tầng 2: Phòng ngủ + WC
Tầng 3: Phòng ngủ + WC
Tầng 4: Phòng ngủ + Phòng thờ + Sân phơi

🌤 Nhà thoáng sáng, bố trí cực hợp lý – quá lý tưởng cho gia đình trẻ hoặc khách mua ở thực tại trung tâm Đống Đa.
🤝 Chủ nhà cực kỳ thiện chí, cần bán nhanh – giá đang rẻ nhất khu, cơ hội không có lần 2. Khách xem là chốt ngay trong ngày!

🧧 Sổ đỏ vuông đẹp – pháp lý chuẩn – không quy hoạch
☎️ Hàng đẹp – giá tốt – khách thật chỉ cần xem là chốt!
📞 Gọi ngay kẻo lỡ – nhà đẹp không chờ người chậm!
☎️ Liên hệ: *** xem nhà thực tế!
#thangmay #nhamoi #oto #dulich #dongda #thanhxuan",225000000.0,9.0,sale,small,5_10b
176054331,132364346,Chính chủ bán đất tặng nhà cấp 4 - Ngọc Trục Đại Mỗ,6300000000,38.0,Quận Nam Từ Liêm,Phường Đại Mỗ,Hà Nội,Nhà ở,2.0,8 giờ trước,"Chính chủ bán căn nhà cấp 4 đang cho thuê tại Đường Ngọc Trục, Phường Đại Mỗ, Hà Nội.
Diện tích sổ hồng 38m², thực tế sử dụng hơn 45m²; hướng Đông Nam thoáng mát, ngay sát cầu Mỗ Lao. Gần đường Bạch thành phong đã hiện hữu và đường Vũ trọng Khánh kéo dài sắp thi công.
Nhà rất gần chợ và hệ thống trường từ mầm non đến cấp 3 - bán kính 0.5 đến 2.5km.
Căn nhà rất gần công viên cây xanh sắp khởi công, cách 35m.
Phân khúc cực ít người bán, mua về có thể ở luôn hoặc xây 6 tầng thang máy thì cực đẹp (phía sau đã xây nhà 7 tầng).
Quý khách đang tìm nhà tại Đại Mỗ thì không nên bỏ qua căn nhà này.
Kính mời liên hệ chính chủ số ĐT:***- a Trọng",165789473.68421054,6.3,sale,small,5_10b
164909860,122746940,GÓC 2 MẶT THOÁNG - 7 TÂNG - KINH DOANH -  AEON MALL HÀ ĐÔNG,20800000000,60.0,Quận Hà Đông,Phường Dương Nội,Hà Nội,Nhà ở,10.0,12 giờ trước,"GÓC 2 MẶT THOÁNG - 7 TẦNG - THANG MÁY - KINH DOANH SIÊU HIẾM - CẠNH AEON MALL HÀ ĐÔNG 💎

📍 Vị trí đắc địa:
✅ Nhà lô góc 2 mặt thoáng, ngay cạnh cổng Trường Quốc tế Liên cấp 123.
✅ Đối diện TTTM Aeon Mall Hà Đông, gần Hồ Thiên Văn Học.
✅ Hưởng trọn tiện ích từ các KĐT mới Nam Cường, An Hưng.
✅ Sắp tới thông đường Lê Quang Đạo kéo dài, giao thông vô cùng thuận tiện.

🏠 Thiết kế hiện đại - Phù hợp mọi loại hình kinh doanh:

Tầng 1: Thông sàn kinh doanh, bếp, WC. Đã có hố chờ thang máy, khách mua chỉ cần lắp đặt.

Tầng 2,3,4,5,6: Tổng 10 phòng rộng + 5 WC.

Tầng 7: Tum, sân thượng thoáng mát.


💎 Lợi ích đầu tư:
🔹 Phù hợp nhiều loại hình kinh doanh: Văn phòng, phòng khám, nhà hàng, trung tâm dạy học...
🔹 Chủ đang tự kinh doanh, dòng tiền tốt.
🔹 Sổ đỏ chính chủ, vuông vắn, sẵn sàng giao dịch nhanh.

💰 Diện tích: 60m² – 7 tầng – Giá: 20,8 tỷ
📞 Liên hệ ngay: Nguyễn Quý Nhâm - ***",346666666.6666667,20.8,sale,small,over_10b
175758531,132110409,"Căn hộ tiện ích vượng khí, an ninh tốt, đảm bảo PCCC, có thang máy",3300000,18.0,Quận Hoàng Mai,Phường Hoàng Văn Thụ,Hà Nội,Căn hộ/Chung cư,1.0,13 giờ trước,"CHO THUÊ CĂN HỘ DỊCH VỤ AN TOÀN PCCC – HOÀNG MAI, HÀ NỘI

Phù hợp cho sinh viên, người đi làm, nhân viên văn phòng hoặc cặp đôi trẻ có mức thu nhập ổn định, muốn tìm nơi ở sạch sẽ – an toàn – tiện nghi – giá hợp lý.

Tòa nhà tại số 2, ngõ 218 đường Hoàng Mai, Hà Nội đã được nghiệm thu PCCC bởi cơ quan Cảnh sát PCCC, có đầy đủ hệ thống an toàn: 2 lối thoát hiểm riêng biệt, báo cháy có dây, đầu báo nhiệt/khói, nút ấn khẩn cấp, tủ báo cháy trung tâm, bình chữa cháy, họng nước cứu hỏa, bể nước ngầm, biển chỉ dẫn và đèn thoát hiểm.

Bãi để xe được bố trí tách biệt khu ở, có cửa chống cháy – chống khói 60 phút, hạn chế cháy lan lên các tầng trên. Tòa nhà đã được tuyên truyền, huấn luyện kiến thức PCCC và kỹ năng thoát nạn theo quy định.

Tiện ích: thang máy, cửa khóa từ, camera 24/24, an ninh tốt, dân trí cao, không gian yên tĩnh. Ô tô 7 chỗ vào tận cửa, gần đường lớn, chợ và chợ đầu mối.

Phòng 18m² khép kín, đã có giường tủ mới, điều hòa, bình nóng lạnh, rèm cửa, đồng hồ điện nước riêng. Có máy giặt tự động, chỗ để xe, nhà hướng Đông Nam thoáng mát.

Giá thuê: 3.300.000đ/phòng/tháng, ở tối đa 2 người.
Hợp đồng lâu dài, không tăng giá. Chính chủ cho thuê, không qua trung gian.

Hiện chỉ còn 2/20 phòng
Liên hệ ngay: *** để xem phòng và giữ chỗ!
",183333.33333333334,0.0033,sale,very_small,under_1b
175329134,131741774,Chào bán nhanh căn Studio 32 m2 tòa Imperia 2 Vinhomes Smart City,3000000000,32.0,Quận Nam Từ Liêm,Phường Tây Mỗ,Hà Nội,Căn hộ/Chung cư,1.0,14 giờ trước,"Chính chủ cần bán nhanh căn Studio 32 m2, đồ cơ bản có tủ bếp...
tầng 3 phù hợp mua đầu tư hoặc kinh doanh...
View nội khu
giá hiện tại *** trên thị trường
vui lòng liên hệ để xem nhà
có thương lượng cho khách thiện trí",93750000.0,3.0,sale,small,1_3b
176011573,132327504,Khai trương nhà đẹp miễn chê ngay mặt phố Trịnh Văn Bô - CĐ FPT,3900000,25.0,Quận Nam Từ Liêm,Phường Xuân Phương,Hà Nội,Căn hộ/Chung cư,1.0,12 giờ trước,"Dự án: 
Thông tin chi tiết: 🏬 KHAI TRƯƠNG CCMN Xuân Phương – studio full nội thất đồng giá 3tr9
📍ngõ 143/45/67 Xuân Phương, Nam Từ Liêm – ô tô cách nhà 100m
✨ 100% phòng có ban công/cửa thoáng, thang máy, máy giặt, PCCC đầy đủ
💰 HĐ 12 tháng cọc 1 | Điện giá NN | DV 150k/ng 📞",156000.0,0.0039,sale,very_small,under_1b
174673906,131186773,Nhà bán,1700000000,23.0,Quận Thanh Xuân,Phường Khương Đình,Hà Nội,Nhà ở,2.0,13 giờ trước,Nhà 15m tới đương ôtô ngõ thông 200m ra đường vũ tông phan,73913043.47826087,1.7,sale,very_small,1_3b
171502881,128454745,"HOA HẬU PHỐ TÂY TRÀ, 5 TẦNG CAO CẤP, CHỈ 6 TỶ",6000000000,30.0,Quận Hoàng Mai,Phường Vĩnh Hưng,Hà Nội,Nhà ở,3.0,13 giờ trước,"Nhà cách phố 10m ô tô đỗ.
Nhà xây chắc chắn, không quy hoạch, không tranh chấp
5 tầng full công năng, đồ siêu xịn mịn
Bán kính 1km trường cấp 1 2 3, đại học có đủ
900m đến Đa Khoa Lĩnh Nam vô cùng thuận tiện cho gia đình có ng già, trẻ em
Chủ chỉ việc xách vali về an cư. Mọi việc đã có em lo
Gọi e Thuận chính chủ",200000000.0,6.0,sale,very_small,5_10b
176054404,132364379,Ô TÔ đỗ phố Bạch Mai nhà đẹp 41m2 x4T có ô chờ thang máy dân xây giá 7,7600000000,41.0,Quận Hai Bà Trưng,Phường Bạch Mai,Hà Nội,Nhà ở,3.0,8 giờ trước,"Dự án: 
Thông tin chi tiết: NGÕ RỘNG THOÁNG CỰC ĐẸP - THÔNG TỨ TUNG - DÂN TRÍ CAO - GẦN TRƯỜNG GẦN CHỢ - TIỆN ÍCH 

Ô TÔ đỗ phố Bạch Mai nhà đẹp 41m2 x4T có ô chờ thang máy dân xây giá 7.6 tỷ sổ CC có TL

+ thiết kế :
- tầng 1 : khách bếp vs
- tầng 2 : 1 phòng rộng
- tầng 3 : 1 phòng + sân phơi
- tầng 4 tum
+ vị trí :
- cách phố Bạch Mai hợn 50m , 2 ngoặt vào nhà

+ pháp lý: - sổ vuông đẹp - chủ gửi NH cho mới
LH Tú *** để xem nhà 24/7",185365853.65853658,7.6,sale,small,5_10b
175820591,132163678,"khai trương CCMN 25m2 Full đồ, máy giặt riêng tại Khương Thượng",4800000,25.0,Quận Đống Đa,Phường Khương Thượng,Hà Nội,Căn hộ/Chung cư,1.0,14 giờ trước,"🌿🌻 Bóc tem CCMN 25m2 Full đồ. Máy giặt riêng 
🏠 Địa chỉ: Ngõ 191 Khương Thượng- đống đa

(Đi từ ngõ 390 Trường Chinh rẽ phải vào tới nhà)

💰 Giá thuê: 4.8tr -5tr -5.6tr 

🌟 Ưu điểm:
Nhà mới khai trương, phòng mới đẹp sạch sẽ
Phù hợp ở hộ gia đình nhỏ, nhóm bạn hoặc cặp đôi
Khu dân cư an ninh, thuận tiện di chuyển

⚡ dịch vụ:
- Điện: 4.000đ/số
- Nước: 35.000đ/m³
- Internet: 100.000đ/phòng
- Dịch vụ chung: 150.000đ/người
- Xe thứ 2: 100.000đ/xe
- Máy sấy chung tầng thượng (đang hoàn thiện, sẽ cập nhật giá sau)

📌 Quy định:
- Hợp đồng 12 tháng
- Tối đa 3 người/phòng
-Tối đa 3 xe/phòng
- Không nhận khách nước ngoài
- Không nhận nuôi chó (có thể nuôi mèo 🐱)",192000.0,0.0048,sale,very_small,under_1b
141054917,102406246,CĂN HỘ 1K1N FULL ĐỒ SỐ 10 LA THÀNH NHỎ 48M2,7500000,48.0,Quận Đống Đa,Phường Phương Liên,Hà Nội,Căn hộ/Chung cư,1.0,12 giờ trước,"Tòa nhà 9 tầng tại số 18 phố Đê La Thành nhỏ - P. Phương Liên vào ở được luôn.
- Nhà mặt đường phố Đê La Thành nhỏ, đường vào rộng, 2 tô con tránh nhau, ngay ngã tư Ô Chợ Dừa và Xã Đàn rất thuận tiện cho việc đi lại, sinh hoạt, vui chơi, giải trí. Lên phố cổ cũng gần, trung tâm thương mại ngay sát.
- Căn hộ rộng được lát sàn gỗ, căn nào cũng có cửa sổ rộng, ban công phơi đồ riêng biệt. Các phòng được thiết kế hết sức hợp lý:
+ Loại 1: Gồm 1 phòng ngủ, 1 phòng khách và bếp.
+ Giá cho thuê: 7.500.000 -8.000.000 đ/căn/tháng . DT các phòng 48m2.
- giá thuê theo ngày 400.000 đ/ ngày, dọn phòng hàng ngày.
- Mỗi phòng được trang bị điều hòa 2 chiều, giường, tủ quần áo, bộ bàn ghế, cửa sổ có rèm cản nắng cực đẹp, trần thạch cao, đèn ngủ đủ cả, bàn bếp xịn, bàn ăn, hút mùi, bồn rửa bát xịn, sàn gỗ cao cấp.
- Khu bếp có bàn bếp, tủ bếp, tủ lạnh, hút mùi, đầy đủ ánh sáng, gió và không khí vào phòng.
- Nhà vệ sinh có thiết bị vệ sinh Inax cao cấp, bình nóng lạnh, ốp lát gạch Prime sang trọng hiện đại.
- Tòa nhà trang bị thang máy cao cấp, máy giặt, truyền hình cáp miễn phí, mỗi căn hộ được cấp thẻ từ thang máy riêng.
- Tòa nhà có bảo vệ 24/24 nên an ninh cực ổn, ra vào thoải mái, nhà để xe rộng rãi gần 300m2.
-thích hợp làm văn phòng, spa, siêu thị...
+ Địa chỉ: Số nhà 18 Đê La Thành nhỏ - P.ô chợ dừa - Đống Đa.",156250.0,0.0075,sale,small,under_1b
175388418,131793039,"Bán mảnh đất sát chợ, kinh doanh sầm uất",10500000000,48.0,Quận Bắc Từ Liêm,Phường Phú Diễn,Hà Nội,Đất,3.0,14 giờ trước,"Dự án: 
Thông tin chi tiết: Lô góc, vuông vắn, sát chợ, gần hồ, ngõ oto, 3 bước chân là chợ sầm uất, full tiện ích",218750000.0,10.5,sale,small,over_10b
176049727,132360341,"Ô tô đỗ cửa phố Tân Mai kinh doanh, dân xây 35m2 x5T giá 7.5 tỷ sổ CC",7800000000,35.0,Quận Hoàng Mai,Phường Tân Mai,Hà Nội,Nhà ở,3.0,11 giờ trước,"Dự án: 
Thông tin chi tiết: 💥 TÂN MAI – NHÀ ĐẸP 2 THOÁNG, Ô TÔ ĐỖ CỬA, KINH DOANH ĐỈNH 💥

Ô tô đỗ cửa phố Tân Mai kinh doanh, dân xây 35m2 x5T giá 7.5 tỷ sổ CC bao quy hoạch

🏡 35m² x 5 tầng – thiết kế hiện đại, ở ngay 🚗 Ô tô đỗ cửa, ngõ thông – kinh doanh online/offline cực tốt 🌬️ 2 thoáng sáng, phòng nào cũng tràn ánh sáng tự nhiên 📍 Vài bước ra chợ, trường học, tiện ích bạt ngàn quanh nhà
💰 Giá chỉ nhỉnh 7 tỷ – có thương lượng 📕 Sổ đỏ chính chủ, pháp lý chuẩn chỉnh
📞 Chốt nhanh kẻo lỡ căn đẹp khu Tân Mai! ***",222857142.85714287,7.8,sale,small,5_10b
176035320,132348062,"Homestay Sóc Sơn 1700m2, đang kinh doanh, thu 60tr/tháng",13000000000,1685.0,Huyện Sóc Sơn,Xã Minh Trí,Hà Nội,Đất,3.0,9 giờ trước,"Cần bán gấp khu Resort (Homestay) tại Sóc Sơn.
Diện tích: 1700m2, 2 mặt tiền, rất thoáng.
Khu vực giao thông thuận tiện, hạ tầng phát triển mạnh.
Hiện trạng: Đang kinh doanh tốt, thu nhập đều 55-60 triệu/tháng.

Thiết kế: Hồ bơi, nhà riêng, 1 phòng ngủ tập thể cho 20 người, khu bếp + karaoke riêng. Sức chứa tổng 30 khách.
Sân vườn rộng rãi, đẹp.

Cách hồ Đồng Đò vài trăm mét.
Ưu điểm: Khu vực phát triển mạnh về du lịch nghỉ dưỡng, khách cuối tuần luôn kín lịch.

",7715133.53115727,13.0,sale,very_large,over_10b
176056881,132366496,"TT Bùi Ngọc Dương ,duplex 90m2, 3 ngủ , view trường học cực thoáng",4100000000,90.0,Quận Hai Bà Trưng,Phường Quỳnh Lôi,Hà Nội,Căn hộ/Chung cư,3.0,7 giờ trước,"Dự án: 
Thông tin chi tiết: Gia đình cần nhượng lại căn tập thể hiếm có tại phố Bùi Ngọc Dương, Hai Bà Trưng. Thiết kế kiểu Duplex 2 tầng (Tầng 3+4) ở cực sướng như nhà mặt đất:
- Thông số vàng:
• Diện tích sử dụng: 90m2.
• Thiết kế 2 tầng:
• Tầng 1: Phòng khách rộng, bếp riêng biệt, 1 phòng ngủ và 1 WC.
• Tầng 2: 2 phòng ngủ yên tĩnh, 1 WC.
• Ban công cực rộng, view thoáng vĩnh viễn nhìn thẳng ra trường học, đón ánh sáng tự nhiên.
- Vị trí & Tiện ích:
• Tòa nhà thấp tầng (chỉ có 3 tầng), mật độ cực thưa (5 hộ/sàn), tòa còn rất mới và chắc chắn.
• Ngay sát UBND Phường nên an ninh tuyệt đối, yên tĩnh, dân trí cao.
• Dưới nhà có sân để xe rộng rãi, thuận tiện đi lại.
• Pháp lý: Sổ đỏ chính chủ, không dính quy hoạch, giao dịch ngay.
💰 Giá bán: 4.1 tỷ có TL
📞 Liên hệ em Hằng để đi xem nhà và cảm nhận không gian thực tế",45555555.55555555,4.1,sale,medium,3_5b
175873782,132208802,Chính chủ bán CCMN 15/60 ngõ 328 Nguyễn Trãi - 65m2 - 2 Ngủ - 2.18 tỷ,2180000000,65.0,Quận Thanh Xuân,Phường Thanh Xuân Trung,Hà Nội,Căn hộ/Chung cư,2.0,12 giờ trước,"Gia đình chuyển đổi mục đích cần bán căn hộ CCMN - 65m2 - 2 Ngủ, tại ngõ 328 Nguyễn Trãi - Thanh Xuân.
+ Vị trí đắc địa, đối diện KĐT Masteri Cao- Xà- Lá đang xây dựng, tương lai rạng ngời. Gần ĐH KHTN-NV chỉ 500m. Thích hợp hộ gia đình nhỏ hoặc Sinh viên .
+ Dòng tiền đang cho thuê hàng tháng 8tr/tháng
+ Nhà tầng 6 thoáng 3 bên, thang máy mới xịn sò chạy vù vù.
+ Ưu điểm nữa có sổ hồng riêng (Đồng sở hữu) - Mua bán Vi bằng
Liên hệ chính chủ để mua bán giao dịch",33538461.53846154,2.18,sale,medium,1_3b
175173901,131608739,"[Chính chủ] Phòng 20m2, đường Nguyễn Khang, Yên Hoà, Q. Cầu Giấy",3200000,20.0,Quận Cầu Giấy,Phường Yên Hoà,Hà Nội,Phòng trọ,3.0,8 giờ trước,"Nhà chính chủ cho thuê phòng ở vị trí tốt, khá gần mặt đường lớn, đi lại thuận tiện, có sẵn đồ đạc cơ bản, ở được ngay.
 -  Địa chỉ:  Số nhà 16 - ngõ 9, đường Nguyễn Khang, phường Yên Hoà, Cầu Giấy, Hà Nội.
-   Diện tích:  20m2 + 20m2 (phòng ở tầng 3 và tầng 4 --- không có thang máy).
 -  Giá phòng:  3tr2 / tháng
  -  Đủ đồ:  Điều hòa + Bình nóng lạnh + Máy giặt + Máy nước nóng năng lượng mặt trời + Giường bàn ghế gỗ + Tủ gỗ lớn + kệ treo quần áo...
 -  Khu nấu nướng, ăn uống, sân phơi rộng-thoáng ở tầng 5. Chỗ để xe rộng rãi ở tầng 1. Đảm bảo an toàn phòng cháy chữa cháy.
 -  Phòng vệ sinh chung, rộng rãi (đã có người dọn dẹp sạch sẽ). 
 -  Giờ giấc sinh hoạt thoải mái.
 -  An ninh tốt:  Nhà ở trong khu gần Lữ đoàn 205 và bộ tư lệnh Cảnh sát Cơ động.

 Thông tin liên hệ:
  -  Điện thoại/Zalo: *** (Vui lòng để lại tin nhắn zalo/sms nếu ko ai nghe máy, tôi sẽ gọi lại sớm nhất có thể).
  -  Có thể đến xem phòng trực tiếp vào hầu hết các giờ trong ngày.",160000.0,0.0032,sale,very_small,under_1b
176004513,132321450,Bán nhà khu vực phố cổ,5800000000,34.5999,Quận Hoàn Kiếm,Phường Hàng Đào,Hà Nội,Căn hộ/Chung cư,1.0,8 giờ trước,"Cần sang lại căn hộ tầng 2, nhà khu vực phố cổ, phố Hàng Đào, cổng sau phố Đinh Liệt, gần chợ Hàng Bè, ngõ Gia Ngư. Nhà có kèm một kho nhỏ ở tầng 1 để xe gắn máy.  ",167630542.2848043,5.8,sale,small,5_10b
176011704,132327602,BÁN NHÀ 3 NGỦ GẦN Ô TÔ PHƯỜNG  ĐỊNH CÔNG 34M  HƠN 8 TỶ.,8700000000,34.0,Quận Hoàng Mai,Phường Định Công,Hà Nội,Nhà ở,3.0,14 giờ trước,"BÁN NHÀ 3 NGỦ GẦN Ô TÔ PHƯỜNG  ĐỊNH CÔNG  (Hoàng Mai) 34M  HƠN 8 TỶ. 

💥Vị trí quá đẹp, ô tô rất gần, tiện ích ngập tràn, ngõ thông sang Lê Trọng Tấn , gần đường vành đai 2.5 tiềm năng tăng giá mạnh.

📌Xung quanh rất nhiều  trường mẫu giáo, cấp 1 ,cấp 2, bệnh viện,  siêu thị , chợ . Từ nhà di chuyển đi: 

Nguyễn Trãi, Đường Láng, Nguyễn Xiển, Khuất Duy Tiến, Trường Chinh, Linh Đàm , Giáp bát, Hà đông, Mỹ Đình, Lê Trọng Tấn…  và gần 20 trường ĐH lớn : Bách Khoa- Kinh Tế - Xây Dựng, Thuỷ lợi, Ngân Hàng, Công Đoàn, Thăng long, KHTN, KHXH, ĐHHN, Kiến Trúc…  đều rất gần và thuận tiện 🚒

📌 Nhà dân  xây kiên cố, tâm huyết, thông số lý tưởng, trang bị đầy đủ nội thất cao cấp chỉ việc xách vali về ở ngay.
Thiết kế : 
+Tầng 1: Phòng Khách  + Bếp + WC.
+Tầng 2,3,4: Mỗi tầng 1 Phòng Ngủ khép kín full đồ. Tổng 3 ngủ. 
+Tầng 5 : Phòng thờ  sân phơi.

🧧Sổ đỏ vuông vắn sẵn sàng giao dịch.

♦️ Gọi ngay em Chinh nhà đẹp *** xem nhà ưng ngay.",255882352.94117647,8.7,sale,small,5_10b
176038002,132350155,LÔ GÓC CỰC ĐẸP- KINH DOANH SẦM UẤT - ĐƯỜNG RỘNG 10M VỈA HÈ -MT RỘNG,11000000000,120.0,Huyện Đông Anh,Thị trấn Đông Anh,Hà Nội,Đất,3.0,11 giờ trước,"Diện tích 120m2
Mặt tiền 7m• Trung tâm hành chính xã Đông Anh tiềm năng phát triển thương mại vượt trội.
• Kết nối nhanh tới cầu Nhật Tân, đường Võ Nguyên Giáp, sân bay Nội Bài, chỉ 15–20 phút vào trung tâm Hà Nội.
• Khu dân cư sầm uất thuận lợi mở văn phòng, spa, cafe, cửa hàng tiện lợi",91666666.66666667,11.0,sale,large,over_10b
176056910,132366548,GIA ĐÌNH CẦN BÁN LÔ ĐÂT 52.8M FULL THỔ CƯ. CHÍNH CHỦ,1550000000,52.7999,Thị xã Sơn Tây,Xã Sơn Đông,Hà Nội,Đất,3.0,7 giờ trước,"gia đình cần bán lô đất chính chủ tại thôn Bống xã ĐOÀI PHƯƠNG( MỚI) SƠN ĐÔNG - SƠN TÂY
Ngõ Morning vào tận đất
đất trung tâm xã. dân cư đông đúc, giàu có
bán kính 2KM: nhiều trường đại học đang xây. và trường quân sự. ubnd. khu di tích chùa KHAI NGUYÊN. TT y tế. trường học. chợ.....",29356116.20476554,1.55,sale,small,1_3b
176047369,132358358,"Hot lô góc 100m2 gần QL21A, vị trí đẹp sát CNC Hòa Lạc, ĐHQG, SQLQ1",2400000000,100.0,Huyện Thạch Thất,Xã Tân Xã,Hà Nội,Đất,3.0,12 giờ trước,"Mặt tiền rộng, ô tô tránh, khu dân cư phát triển, phù hợp xây ở, kinh doanh hoặc đầu tư giữ tiền. Nằm ngay khu vực hưởng lợi lớn từ trục Hồ Tây - Ba Vì và quy hoạch đô thị vệ tinh Hòa Lạc đang được đẩy mạnh.

Trong 3 năm tới, khi hạ tầng hoàn thiện, lượng chuyên gia, sinh viên và dân cư dịch chuyển về Hòa Lạc ngày càng đông, mặt bằng giá đất khu vực này còn rất nhiều tiềm năng tăng trưởng.

Giá chỉ 2.4 tỷ.

Liên hệ em Chung xem đất thực tế. Hỗ trợ xe đi xem đất.",24000000.0,2.4,sale,medium,1_3b
175770609,132120793,𝐶ℎ𝑢̉ 𝑚𝑜́𝑡 𝑏𝑎́𝑛 ℎ𝑎̣ 𝑐ℎ𝑎̀𝑜 200𝑡𝑟𝑖𝑒̣̂𝑢,6860000000,28.0,Quận Hoàng Mai,Phường Tương Mai,Hà Nội,Nhà ở,3.0,11 giờ trước,"Dự án: 
Thông tin chi tiết: 𝐶ℎ𝑢̉ 𝑚𝑜́𝑡 𝑏𝑎́𝑛 ℎ𝑎̣ 𝑐ℎ𝑎̀𝑜 200𝑡𝑟𝑖𝑒̣̂𝑢
🕹️
𝑆𝐼𝐸̂𝑈 𝑃𝐻𝐴̂̉𝑀 𝑁𝐻𝐴̀ 𝑃𝐻𝑂̂́ 𝐾𝐻𝑈 𝑉𝑈̛̣𝐶 𝑀𝐼𝑁𝐻 𝐾𝐻𝐴𝐼. 2 𝑀𝐴̣̆𝑇 𝑇𝐻𝑂𝐴́𝑁𝐺 - 𝑁𝐻𝐴̀ 𝐶𝑈̛̣𝐶 Đ𝐸̣𝑃. 𝐶𝐻𝑈̉ 𝑇𝐴̣̆𝑁𝐺 𝑁𝑂̣̂𝐼 𝑇𝐻𝐴̂́𝑇 𝐶𝐴𝑂 𝐶𝐴̂́𝑃   30 𝑀𝐸́𝑇 𝑟𝑎 𝑂̂𝑇𝑂̂ 

𝑁ℎ𝑎̀ 2 𝑚𝑎̣̆𝑡 𝑛𝑔𝑜̃ , 𝑡ℎ𝑜𝑎́𝑛𝑔 𝑡𝑟𝑢̛𝑜̛́𝑐 𝑠𝑎𝑢. 
𝑁ℎ𝑎̀ 𝑥𝑎̂𝑦 4 𝑇𝑎̂̀𝑛𝑔 3 𝑛𝑔𝑢̉ đ𝑎̂̀𝑦 đ𝑢̉ 𝑐𝑜̂𝑛𝑔 𝑛𝑎̆𝑛𝑔 , 𝑡ℎ𝑖𝑒̂́𝑡 𝑘𝑒̂́ ℎ𝑖𝑒̣̂𝑛 đ𝑎̣𝑖 
𝐾ℎ𝑎́𝑐ℎ 𝑐ℎ𝑖̉ 𝑣𝑖𝑒̣̂𝑐 𝑥𝑎́𝑐ℎ 𝑣𝑎𝑙𝑖 𝑣𝑒̂̀ 𝑜̛̉ . 𝑆𝑜̂̉ đ𝑜̉ 𝑐ℎ𝑖́𝑛ℎ 𝑐ℎ𝑢̉ . 𝑔𝑖𝑎𝑜 𝑑𝑖̣𝑐ℎ 𝑛𝑔𝑎𝑦 .
☎️
𝐿𝑖𝑒̂𝑛 ℎ𝑒̣̂ 𝐾𝑖𝑒̂𝑛 𝐴𝑘𝑎𝑦 𝑁ℎ𝑎̀ Đ𝑒̣𝑝 đ𝑒̂̉ 𝑒́𝑝 𝑧𝑎́ 
***",245000000.0,6.86,sale,very_small,5_10b
176038062,132350203,ĐƯỜNG THÔNG OTO - ĐẤT VUÔNG ĐẸP- QH GA BẮC HỒNG-GẦN ĐƯỜNG VÀNH ĐAI 3,7000000000,100.0,Huyện Đông Anh,Xã Bắc Hồng,Hà Nội,Đất,3.0,12 giờ trước,"Thôn Bến Trung,Bắc Hồng, Đông Anh, HN.
➡Diện tích: 100m2 ( full thổ cư  ) Mặt tiền hậu : 6.05m 
➡ Đường trước đất oto con thông thoáng
➡ 50m ra trục chính kinh doanh oto dừng đỗ ngày đê 
➡ 100m ra hồ điều hoà, sân bóng , sân vui chơi ,200m Gần chợ, nhà văn hóa,  trường học các cấp,  ..v.v...
➡ Cách trục liên xã  200m  & dự án TT. triển lãm d.vụ ga bắc hồng 300m, cách dự án đường vành đai 3 300m giá trị đất sau này  tăng phi mã
➡ Cách đường Võ Văn Kiệt 1km, Võ Nguyên Giáp khoảng 1,5km, Cách sân bay nội bài chỉ 3km...an ninh, văn hóa tốt.
Pháp lý chuẩn giao dịch ngay ",70000000.0,7.0,sale,medium,5_10b
176056986,132366588,"ĐẤT NỀN CỔ ĐÔNG, HÒA LẠC, HẠ BẰNG 100M2, FULL THỔ CƯ, NHỈNH 3 TỶ",3250000000,100.0,Huyện Thạch Thất,Xã Bình Yên,Hà Nội,Đất,3.0,7 giờ trước,"Đất nền Cổ Đông, Hòa Lạc, Hạ Bằng 100m2 full thổ cư, ô tô tránh, vỉa hè rộng,  pháp lý sạch, quy hoạch ổn định...
+ Vị trí vô cùng đắc địa, cách khu công nghệ cao, ĐHQG, ĐHFPT 5 phút di chuyển...
+ Cơ sở hạ tầng đồng bộ, phát triển mạnh. Đón sóng trục Hồ Tây - Ba Vì, QL21 mở rộng 80m, vành đai công nghệ cao, cao tốc Láng Hòa Lạc, metro số 5 và metro, số 12 đang quy hoạch định và xây dựng. 
+ Phù hợp để ở, đầu tư trung và dài hạn. 
+ Pháp lý rõ ràng, sổ vuông đẹp, sẵn sàng giao dịch. 
=> Gọi ngay; *** để được tư vấn và dẫn đi xem đất miễn phí. ",32500000.0,3.25,sale,medium,3_5b
175901347,132237582,chính chủ cần bán nhà,6500000000,30.6,Quận Long Biên,Phường Long Biên,Hà Nội,Nhà ở,4.0,5 giờ trước,"Dự án: 
Thông tin chi tiết: nhà ở gần khu biệt thự him nam và rất gần trường capa 1-2-3 thạch bàn đi lại thuận tiện gần đường cao tốc 5A và 5B cách eon long biên 1km khu nhà ở vị chí rất thuận tiện và thoáng mát",212418300.65359476,6.5,sale,small,5_10b
176054640,132364561,"Nhà đẹp ở luôn, 30m, 5 tầng, 3 ngủ, ngõ bagac thông , chưa đến 5 tỷ",4850000000,30.0,Quận Hoàng Mai,Phường Lĩnh Nam,Hà Nội,Nhà ở,4.0,8 giờ trước,"Dự án: 
Thông tin chi tiết: CĂN NHÀ XÂY MỚI - PHỐ VĨNH HƯNG - QUẬN HOÀNG MAI - GIAO THÔNG THUẬN TIỆN - DÂN TRÍ CAO - TIỆN ÍCH BẠT NGÀN

+ Ngõ bagac thông thoáng, gần phố, cách ô tô đỗ chỉ khoảng trăm m. 

+ Bán kính 500m là các trường mầm non, trường cấp 1 , 2 , 3, trường cao đẳng, bãi gửi xe cùng rất nhiều tiện ích .

+ Hạ tầng giao thông đang khẩn trương mở thông , rộng các tuyến đường Lĩnh Nam - Tam Trinh - trục đường 2.5 => Vĩnh Hưng => Nguyễn Khoái … khu vực phát triển và gia tăng giá trị đột biến.

+ Thiết kế kcbt, nội thất cơ bản

- Tầng 1 : Phòng khách + bếp + wc

- Tầng: 2,3,4 : Mỗi tầng 1 phòng ngủ + wc khép kín.

- Tầng 5 : phòng thờ + khu giặt đồ + Sân phơi.

+ Pháp Lý : Sổ vuông đẹp , sẵn sàng giao dịch. Ích",161666666.66666666,4.85,sale,very_small,3_5b
176049864,132360470,Bán nhà Kim Ngưu ngõ rộng SH quay đầu,9600000000,31.0,Quận Hai Bà Trưng,Phường Bạch Mai,Hà Nội,Nhà ở,5.0,11 giờ trước,"Dự án: 
Thông tin chi tiết: Vị trí đắc địa vô vàn tiện ích, hàng xóm time city 
Nhà khung cột bê tông chắc chắn,ban công thoáng vĩnh viễn.
Gần các trường đại học , dân trí cao. 
Gần chợ dân sinh",309677419.3548387,9.6,sale,small,5_10b
175763707,132114722,"BÁN NHÀ HOÀNG MAI – GẦN FELIZ HOMES – DÒNG TIỀN TỐT – CHỈ 10,6 TỶ",10600000000,45.0,Quận Hoàng Mai,Phường Hoàng Văn Thụ,Hà Nội,Nhà ở,8.0,10 giờ trước,"BÁN NHÀ HOÀNG MAI – GẦN FELIZ HOMES – DÒNG TIỀN TỐT – CHỈ 10,6 TỶ 

* Vị trí: Khu vực Hoàng Mai, gần Feliz Homes, tiện ích đầy đủ, giao thông thuận tiện
* Diện tích: 45m²
* Kết cấu: 6 tầng, 8 phòng ngủ
* Pháp lý: Sổ đỏ chính chủ, sang tên nhanh

Mô tả chi tiết:

* Nhà xây dựng chắc chắn, thiết kế nhiều phòng, tối ưu công năng sử dụng
* Phù hợp gia đình đông người ở hoặc kết hợp cho thuê tạo dòng tiền ổn định
* Ngõ rộng, cách ô tô khoảng 5m, đi lại thuận tiện

Tiện ích xung quanh:

* Gần khu đô thị Feliz Homes, đầy đủ tiện ích: siêu thị, trường học, chợ, khu vui chơi
* Khu dân trí cao, an ninh tốt

Giá bán: 10,6 tỷ (có thương lượng)

📞 Liên hệ: *** để xem nhà và làm việc trực tiếp",235555555.55555555,10.6,sale,small,over_10b
164910023,122747172,"NHÀ 5 TẦNG – VỈA HÈ – KINH DOANH – KĐT DƯƠNG NỘI, LÊ TRỌNG TẤN",15500000000,50.0,Quận Hà Đông,Phường Dương Nội,Hà Nội,Nhà ở,5.0,11 giờ trước,"NHÀ 5 TẦNG – VỈA HÈ – KINH DOANH SIÊU LỢI NHUẬN – KĐT DƯƠNG NỘI, LÊ TRỌNG TẤN 🌹🌹🌹

📍 Vị trí đắc địa - Kinh doanh sầm uất:
✅ Mặt trục chính kinh doanh, vỉa hè rộng, ô tô tránh đỗ cửa ngày đêm.
✅ Cách mặt phố Lê Trọng Tấn chỉ 50m, thuộc Khu đô thị Dương Nội, khu vực phát triển mạnh.
✅ Gần các KĐT lớn Geleximco, Aeon Mall, tiện ích bậc nhất.

🏠 Thiết kế tối ưu – Phù hợp vừa ở vừa kinh doanh:

Tầng 1: Thông sàn kinh doanh, WC.

Tầng 2: Phòng khách, bếp rộng, WC.

Tầng 3,4: Tổng 4 phòng ngủ rộng, 2 WC.

Tầng 5: Phòng thờ, sân phơi, WC.


🔥 Nhà thiết kế sang trọng:

Cầu thang tay vịn gỗ, sàn gỗ cao cấp.

Mặt tiền rộng thoáng, tối ưu công năng.


📜 Sổ đỏ vuông vắn – Sẵn sàng giao dịch nhanh!

💰 Diện tích: 50m² – 5 tầng – Giá: 15.5 tỷ
📞 Liên hệ ngay: Nguyễn Quý Nhâm - ***",310000000.0,15.5,sale,small,over_10b
176023856,132337955,✅18tr NHÀ ĐẸP 5 TẦNG PHÂN LÔ DV VĂN PHÚ✅ Thiết kế: thông sàn Nội thất:,18000000,50.0,Quận Hà Đông,Phường Phú La,Hà Nội,Nhà ở,5.0,12 giờ trước,"Dự án: 
Thông tin chi tiết: ✅18tr NHÀ ĐẸP 5 TẦNG PHÂN LÔ DV VĂN PHÚ✅
Thiết kế: thông sàn
Nội thất: đh, nl đầy đủ
Phù hợp: văn phòng, lớp học, Kinh doanh online, Kho hàng…
Chủ gửi cho thuê lh e để xem nhà gặp chủ",360000.0,0.018,sale,small,under_1b
176019130,132333858,*SIÊU PHẨM HIẾM XUÂN NỘN – THÔNG SỐ VÀNG 50M² MẶT TIỀN ĐẸP,3000000000,50.0,Huyện Đông Anh,Xã Xuân Nộn,Hà Nội,Đất,3.0,13 giờ trước,"Dự án: 
Thông tin chi tiết: *SIÊU PHẨM HIẾM XUÂN NỘN – THÔNG SỐ VÀNG 50M² MẶT TIỀN ĐẸP, NHỈNH 3 TỶ*
— Tiện ích xung quanh bạt gần, gần trường cấp 1-2-3, công ty xích líp Đông Anh, khoá Việt Tiệp
— Ngõ thông, đường ô tô 5 chỗ tranh nhau, ở hoặc đầu tư giữ tiền là 1 lợi thế
— Pháp lý rõ ràng, sổ sẵn sàng giao dịch để đến vơi chủ mới
📞 call: Em Quang *** để xem đất trực tiếp nhưng mảnh đất đẹp tại Đông Anh",60000000.0,3.0,sale,small,1_3b
176045148,132356388,CẦN BÁN ĐẤT 80m2 SỔ ĐỎ CHÍNH CHỦ (ĐÃ LỢP MÁI TÔN),230000000,80.0,Huyện Gia Lâm,Thị trấn Trâu Quỳ,Hà Nội,Đất,3.0,13 giờ trước,"CẦN BÁN ĐẤT 80m2 SỔ ĐỎ CHÍNH CHỦ LH: ***
mặt tiền 5,3m mặt đường rộng to, ô tô vào tận cửa đã có điện nước đầy đủ
Vị trí đất ở gần công viên và bệnh viện đa khoa Gia Lâm trường học viện Nông Nghiệp VN
GIÁ: 2xx triệu/m2 có thể thương lượng với chủ đất",2875000.0,0.23,sale,medium,under_1b
173698522,130343212,"CHÍNH CHỦ BÁN CHDV  THÁI HÀ, DT46/50m, 6 TẦNG THANG MÁY– DOANH THU 60T",13888000000,46.0,Quận Đống Đa,Phường Trung Liệt,Hà Nội,Nhà ở,9.0,6 giờ trước,"*** 1 CĂN– DÒNG TIỀN PHỐ THÁI HÀ– ĐỐNG ĐA– FULL NỘI THẤT XỊN– DOANH THU 720TR/NĂM
	•	Diện tích 46m² x 6 tầng, thang máy xịn
	•	Thiết kế 2 thoáng, nhà luôn sáng – mát
	•	9 phòng khép kín, kín khách quanh năm
	•	Dòng tiền ổn định ~720 triệu/năm
	•	Ba bước ra phố Thái Hà, trung tâm Đống Đa
	•	Giá 13.888 tỷ CÓ THƯƠNG LƯỢNG– đầu tư giữ tiền, sinh lời cao

- Sổ đỏ vuông đẹp, chính chủ – giao dịch ngay
- Liên hệ: *** (Zalo)
- Xem nhà thực tế – chốt nhanh giá tốt",301913043.4782609,13.888,sale,small,over_10b
175830558,132172079,Cần Tiền Bán Gấp Mảnh Đất Tại Thôn Hội Cổ Bi Gia Lâm,9200000000,45.0999,Huyện Gia Lâm,Xã Cổ Bi,Hà Nội,Đất,3.0,8 giờ trước,"Dự án: 
Thông tin chi tiết: Đất của nhà không qua bên môi giới trung gian
Trục chính đường liên xã, đường rộng 8m
Trước mặt hồ nước rộng, thoáng mát
Đất đã có nhà cấp4 đang cho thuê làm quán ăn
Dân cư đông đúc, quán xá sầm uất
30m là cty dệt 10/10
200m ra tới chợ vàng, trạm y tế
700m trường cấp1 cổ bi",203991583.12989607,9.2,sale,small,5_10b
176057045,132366642,Nhượng lại phòng kv Mễ Trì,4000000,20.0,Quận Nam Từ Liêm,Phường Mễ Trì,Hà Nội,Phòng trọ,3.0,7 giờ trước,"Dự án: 
Thông tin chi tiết: Phòng studio tầng 6 đầy đủ tiện nghi có thang máy có ban công không chung chủ chỗ để xe rộng rãi giờ giấc tự do. Điện 3,8k nc 35k dv 150k mạng 100k",200000.0,0.004,sale,very_small,under_1b
176057056,132366648,TT tầng 1 Lạc Trung 60m2 - 2 ngủ sửa đẹp - Kinh doanh online tốt,3990000000,60.0,Quận Hai Bà Trưng,Phường Thanh Lương,Hà Nội,Căn hộ/Chung cư,2.0,7 giờ trước,"Dự án: 
Thông tin chi tiết: - Gia đình cần bán gấp căn tập thể tầng 1 phố Lạc Trung, Hai Bà Trưng:
• Diện tích: 60m2. Cấu trúc: 2 phòng ngủ, 1 vệ sinh, khách, bếp riêng biệt.
• Vị trí: Khu vực VIP, sầm uất, cách mặt phố 10m. Rất thuận lợi kinh doanh online hoặc làm văn phòng.
• Đặc điểm: Nhà thấp tầng có sân để xe riêng, mật độ dân cư thấp, yên tĩnh và an ninh.
• Pháp lý: Sổ đỏ chính chủ, giao dịch ngay, cam kết không quy hoạch.
• Tình trạng: Nhà mới sửa đẹp, full đồ nội thất, khách mua không cần sửa sang gì thêm.
- Giá: 3.99 tỷ có TL 
- Liên hệ ngay để xem nhà và cảm nhận thực tế",66500000.0,3.99,sale,small,3_5b
175355505,131764537,"✨️Xót Lại - LÔ 35m2 Thôn Đại Độ, Võng La Nhỏ Tiền, Vuông Vắn, Xinh Xắn",2650000000,35.0,Huyện Đông Anh,Xã Võng La,Hà Nội,Đất,3.0,3 giờ trước,"✨️Xót Lại - LÔ ĐẤT 35m2 Thôn Đại Độ, Võng La Nhỏ Tiền -Vuông Vắn , Xinh Xắn – Full tiện ích 
Mô tả:
👉 Diện tích 32m2 full thổ cư., thực tế 35m2 ( có thêm 3m lưu không) Mặt tiền = hậu: 3.38m
👉 Vài bước chân ra chợ, gần trường học các cấp, Ủy ban, nhà Văn Hoá
👉 Cách cầu Thăng Long 2km. Cách đường QL5 1km. Xung quanh tiện ích bạt ngàn.
👉Sổ đỏ Chính chủ, sẵn sàng giao dịch",75714285.71428572,2.65,sale,small,1_3b
176033333,132346173,KHÁCH SẠN 3 SAO 10 TẦNG - LÔ GÓC - DOANH THU 120TR / THÁNG - DT 60M2 ,24300000000,60.0,Quận Đống Đa,Phường Kim Liên,Hà Nội,Nhà ở,11.0,8 giờ trước,"TUYỆT CỦA ĐỈNH - KHÁCH SẠN 3 SAO 10 TẦNG - LÔ GÓC - DOANH THU 120TR / THÁNG - DT 60M2  MT 7M

- TOÀ NHÀ BỀ THẾ 10 TẦNG  LÔ GÓC ĐỈNH CỦA CHÓP - CHO ĐƠN VỊ THUÊ CHỌN GÓI 120 TRIỆU/ THÁNG  ( Có thể tự vận hành )
- Nằm trong mặt ngõ  Phương Mai, đường ô tô tránh, kinh doanh tấp nập, đầu ngõ là Bệnh Viện Bạch Mai
- Đặc biệt ngõ thông sang Khách Sạn Kim Liên, khách sạn làm cả bãi giữ xe máy trước nhà, rất rộng, giấy phép và PCCC đây đủ

-  Khách sạn đã kinh doanh hơn 10 năm nên lượng khách rất ổn định. Khu vực Vip luôn full phòng

THIẾT KẾ: 
- Tầng 1 lễ tân +WC
- Tầng 2,3,4,5,6,7,8 mỗi tầng 2 phòng (1 đơn 1 đôi) 
- Tầng 9 nhà ăn, nhà hàng. ,
- Tầng 10: Kho và p thờ, máy phát điện, thiết bị khách sạn đầy đủ, 
chủ mới kinh doanh KS, sẵn đồ, sẵn khách hoặc nối hợp đồng thì tuyệt luôn
Sổ đỏ vuông đẹp, DT 60m2, MT 7m, Giá 24,3 Tỷ
Liên Hệ Mr Ngọc BĐS Đống Đa ",405000000.0,24.3,sale,small,over_10b
176038084,132350286,"Phòng full đồ, view hồ đầm hồng thoáng mát",3000000,30.0,Quận Thanh Xuân,Phường Khương Đình,Hà Nội,Phòng trọ,3.0,12 giờ trước,"phòng full đồ, cạnh hồ đầm hồng thoáng mát nhiều cây xanh, giờ giấc tự do, có bếp nấu ăn, máy giặt sấy, chỗ để xe rộng, ô tô đỗ cửa, có chỗ đỗ ô tô miễn phí.",100000.0,0.003,sale,very_small,under_1b
176047539,132358482,"💥 56m SIÊU PHẨM HIẾM TẠI NHẠN – THƯ LÂM, XUÂN NỘN 💥 Vị",4500000000,56.0,Huyện Đông Anh,Xã Xuân Nộn,Hà Nội,Đất,3.0,12 giờ trước,"Dự án: 
Thông tin chi tiết: 💥 56m SIÊU PHẨM HIẾM TẠI NHẠN – THỤ LÂM, XUÂN NỘN 💥
Vị trí cực đẹp, chỉ cách 1 nhà ra trục chính ô tô tránh, phù hợp ở kết hợp kinh doanh, đầu tư giữ tiền cực tốt.
📞 alo Em Quang *** tư vấn hỗ trợ nhiệt tình cho các nhà đầu tư thông thái",80357142.85714285,4.5,sale,small,3_5b
175694173,132055378,"NHÀ 4 TẦNG ĐẸP 130 m2,  SÓC SƠN, HÀ Nội.",7380000000,96.0,Huyện Sóc Sơn,Xã Mai Đình,Hà Nội,Nhà ở,3.0,12 giờ trước,"*Vị trí đắc địa: trục chính giao thông kinh doanh cực đỉnh.
 * Cách đường nối KĐT Vệ Tinh chỉ 50m.
 * Chỉ 3km đến Sân bay Nội Bài.
 * Cách trung tâm Hà Nội khoảng 20km.
 * Khu vực tiềm năng tăng giá mạnh trong tương lai gần.
🏡 **Thông số vàng:**
 * Diện tích sổ đỏ: 96m2 (Mặt tiền 4m).
 * Diện tích sử dụng thực tế: 130m2 (Mặt tiền thực tế 5,2m).
 * Đường ô tô thông, vỉa hè rộng rãi.
🏗️ **Thiết kế hiện đại (Nhà mới xây 1 năm để ở cực tâm huyết):**
 * Kết cấu 3 tầng chắc chắn, nội thất gỗ Lim xịn xò.
 * Tầng 1: Sân để xe, phòng khách, bếp, WC.
 * Tầng 2: 2 phòng ngủ khép kín.
 * Tầng 3: 1 phòng ngủ khép kín, phòng thờ, phòng làm việc.
*Tầng 4 sân phơi
⚖️ **Pháp lý:** Sổ đỏ chính chủ ( sẵn sàng dịch ngay).
💰 **Giá chào mới:** 7,38 tỷ (Chủ cần bán gấp đã giảm sâu).
📞 **Liên hệ ngay để xem nhà và chốt cọc!**",76875000.0,7.38,sale,medium,5_10b
175710959,132069749,"99 m2 Thế Trạch, Sóc Sơn, 3 tỷ",3000000000,99.0,Huyện Sóc Sơn,Xã Mai Đình,Hà Nội,Đất,3.0,10 giờ trước,"*CHÍNH CHỦ CẦN BÁN ĐẤT THẾ TRẠCH - MAI ĐÌNH - SÓC SƠN**
*(Vị trí đắc địa đón đầu KĐT vệ tinh Sóc Sơn)*
✨ **Thông tin chi tiết:**
 * **Diện tích:** 99m² (Full thổ cư).
 * **Kích thước:** Mặt tiền = Mặt hậu = 4.5m (Đất vuông vắn).
 * **Vị trí:** Thế Trạch, Mai Đình, Sóc Sơn, Hà Nội.
🌟 **Tiện ích xung quanh:**
 * cách đường Võ Nguyên Giáp (nối Nội Bài) 200m.
 * Tiện di chuyển: Cách trục chính kinh doanh 100m, cách đường 131 chỉ 300m.
 * Khu vực dân cư đông đúc, dân trí cao, đầy đủ tiện ích không thiếu thứ gì.
 * Tiềm năng tăng giá cực lớn khi nằm trong khu quy hoạch KĐT vệ tinh.
💰 **Giá chào bán:** 3 tỷ VNĐ",30303030.303030305,3.0,sale,medium,1_3b
176038215,132350328,"RẺ NHẤT NAM HỒNG- ĐƯỜNG OTO ĐỖ-ĐẤT VUÔNG-TRƯỜNG HỌC, CHỢ UBND CHỈ 200M",5100000000,87.0,Huyện Đông Anh,Xã Nam Hồng,Hà Nội,Đất,3.0,11 giờ trước,"Thôn Tằng My,Nam Hồng, Đông Anh, HN.
➡Diện tích: 87 ( Full thổ cư )  Mặt tiền hậu 5.4m
➡ Đường trước đất oto đỗ
➡ 100ra sân chơi to đùng
➡ Gần chợ, nhà văn hóa,  trường học các cấp,  ..v.v...
➡ Cách trục chính 100m  & dự án TT. triển lãm d.vụ ga bắc hồng 500m
➡ Cách đường Võ Văn Kiệt 1km, Võ Nguyên Giáp khoảng 1,5km, Cách sân bay nội bài chỉ 3km...an ninh, văn hóa tốt.Pháp lý chuẩn giao dịch ngay",58620689.655172415,5.1,sale,medium,5_10b
174810375,131305869,"Tôi cần bán đất thổ cư Phú Diễn, ô tô, xây ccmn, giữ tiền. giá 11 tỷ",11000000000,62.0,Quận Bắc Từ Liêm,Phường Phú Diễn,Hà Nội,Đất,3.0,4 giờ trước,"Tôi chính chủ cần bán mảnh đất thổ cư  Lô Góc tại Phú Diễn, Thửa đất đẹp, mặt tiền 6m vuông vắn. Phù hợp xây ccmn hoặc giữ tiền. Vị trí ngay hồ Phú Diễn, cách chợ 50m khu vực dân cư đông, trường học các cấp. Khu vực sinh viên và người đi làm cần thuê nhiều. Cách 500m là trường ĐH Tài nguyên Môi trường.Tiềm năng tăng giá cao, khi đường Hoàng Quốc Việt kéo dài chạy qua. 
Đất từ thời cha ông để lại, chưa mua bán giao dịch. Hiện tại đang là mảnh đất để không, rễ thi công xây dựng.
Đường trước đất rộng 6m ô tô chạy qua, vào đất thoải mái.
Sổ vuông vắn, giao dịch ngay. ( Ngân hàng đã định giá vay được khoảng 9 tỷ)
(có hỗ trợ vay ngây hàng).
Liên hệ: ***",177419354.83870968,11.0,sale,medium,over_10b
176054929,132366738,[Chính chủ] BÁN SÀN VĂN PHÒNG TÒA NHÀ HẠNG A 136 HỒ TÙNG MẬU,6500000000,137.0,Quận Bắc Từ Liêm,Phường Phú Diễn,Hà Nội,"Văn phòng, Mặt bằng kinh doanh",3.0,6 giờ trước,"CHÍNH CHỦ CẮT LỖ - GIÁ RẺ HƠN 10% SO VỚI MUA QUA CHỦ ĐẦU TƯ
Diện tích: 137 m²
Pháp lý rõ ràng – sở hữu riêng từng căn
Giá sở hữu: Chỉ Từ 47.5 tr/m2 Sở hữu Sàn Văn Phòng Hạng A
- Địa chỉ: 136 Hồ Tùng Mậu – Cửa ngõ tài chính Tây Hà Nội
- Vị trí: Trên trục Nguyễn Cơ Thạch kéo dài – Hoàng Quốc Việt (2026-2028)
👉3 phút đến Bến xe Mỹ Đình
👉5 phút đến Keangnam, Dương Đình Nghệ
👉10 phút tới Vành đai 3 – sân bay Nội Bài
👉Cách 2 ga Metro (Cầu Diễn & Lê Đức Thọ) chỉ 1km
- 40 tầng nổi – 3 tầng hầm, đã hoàn thiện & nghiệm thu PCCC
- Mặt ngoài full kính, sảnh cao 10m – chuẩn hạng A
- 26 thang máy + 2 thang PCCC, 3 sảnh văn phòng riêng biệt
- Khối đế là TTTM
Liên hệ ngay SĐT/Zalo: *** để trao đổi thêm về nhu cầu",47445255.474452555,6.5,sale,large,5_10b
176056189,132366747,"🔥 CHỦ NHÀ CẦN TIỀN GẤP – NHỜ BÁN GIÚP MẢNH ĐẤT ĐẸP KHU 31HA      🔥

",6700000000,33.0,Huyện Gia Lâm,Thị trấn Trâu Quỳ,Hà Nội,Đất,3.0,6 giờ trước,"🔥 CHỦ NHÀ CẦN TIỀN GẤP – NHỜ BÁN GIÚP MẢNH ĐẤT ĐẸP KHU 31HA 🔥

📍 Vị trí: Đường Nguyễn Mậu Tài
📐 Diện tích: 33m²
📏 Mặt tiền: 3,3m – đất vuông vức, cực đẹp

🌿 Khu vực đáng sống, hạ tầng đồng bộ:

* Gần công viên, không gian thoáng mát
* Gần bệnh viện, trường đại học
* Nằm cạnh khu đô thị Vinhome OceanPark, hưởng trọn tiện ích

💰 Phù hợp ở lâu dài hoặc đầu tư sinh lời

Sổ đỏ cất két sẵn sàng giao dịch ",203030303.03030303,6.7,sale,small,5_10b
176052430,132362652,"MỞ BÁN NHÀ MỚI PHỤNG CHÂU, CHƯƠNG MỸ 🏠 - 30,3M2 - Ô TÔ ĐỖ CỬA",4300000000,30.2999,Huyện Chương Mỹ,Xã Phụng Châu,Hà Nội,Nhà ở,3.0,9 giờ trước,"Dự án: 
Thông tin chi tiết: MỞ BÁN CỤM MỚI 6 CĂN PHỤNG CHÂU, CHƯƠNG MỸ 🏠 - 30,3M2 - Ô TÔ ĐỖ CỬA - GIÁ 4,3 TỶ 
🏠 Vị trí: Phụng Châu, Chương Mỹ. Đường trước nhà rộng 4m, ô tô đỗ cửa, giao thông vô cùng thuận tiện. 📍
✨ Ưu điểm: Cụm 6 căn mới tinh, thiết kế 5 tầng hiện đại, nội thất cơ bản đầy đủ, đẹp long lanh, dọn về ở ngay.
📐 Thông số: 30,3m² x 5 tầng.
• Tầng 1: Phòng khách, bếp.
• Tầng 2, 3, 4: Mỗi tầng 1 phòng ngủ + WC.
• Tầng 5: Phòng thờ, sân phơi. 💎
⚙️ Phù hợp: Gia đình ở lâu dài, cho thuê hoặc đầu tư sinh lời an toàn.
📜 Pháp lý: Sổ đỏ chính chủ, pháp lý sạch, giao dịch ngay.
✨ BĐS Minh Khôi - Thiết kế và xây dựng.
Hỗ trợ bán nhanh nhà - đất - căn hộ Hà Nội.
1️⃣ Sẵn nguồn khách hàng tiềm năng.
2️⃣ Bán nhanh nhất, giá cao nhất.
3️⃣ Bảo mật sự riêng tư tuyệt đối.
4️⃣ Phí môi giới hợp lý nhất.
5️⃣ Hỗ trợ pháp lý toàn diện.
Trân trọng!",141914659.78435573,4.3,sale,small,3_5b
176007250,132323748,c chủ 70 tr/m2 OTO vào đất TỔ 11 TT ĐÔNG ANH,5700000000,83.4,Huyện Đông Anh,Xã Uy Nỗ,Hà Nội,Đất,3.0,9 giờ trước,"NHỈNH 70TR/M² – ĐẤT TỔ 11 TT ĐÔNG ANH – Ô TÔ TRÁNH, VÀO ĐẤT

Bán lô đất đẹp tại Tổ 11, Thị trấn Đông Anh:

Diện tích 83m²

Mặt tiền, hậu 5,15m vuông vắn

Sổ đỏ chính chủ

Ngõ ô tô tránh, ô tô vào tận đất


📍 Vị trí cực đẹp:

Cạnh chợ, hồ điều hòa, trường học

Chỉ 50m ra đường 6 làn xe

Khu dân cư đông đúc, hạ tầng phát triển


✅ Phù hợp định cư lâu dài hoặc đầu tư sinh lời

💰 Giá: nhỉnh 70 triệu/m²

📞 Liên hệ: *** (A Thuần) để xem đất trực tiếp.",68345323.7410072,5.7,sale,medium,5_10b
176054547,132364741,PHÒNG TRỌ SIÊU CẤP RẺ NGAY VĂN QUÁN - VSKK 25M2 SIÊU RỘNG THOÁNG,3000000,25.0,Quận Hà Đông,Phường Văn Quán,Hà Nội,Phòng trọ,3.0,8 giờ trước,"🏡 PHÒNG SIÊU RẺ Y HÌNH - VĂN QUÁN - YÊN XÁ 🏡 Ở LUÔN

✨ Giá KM chỉ 3TR050/tháng – Số lượng có hạn!
📍 Địa chỉ: 241 Yên Xá (Đường nối Nguyễn Khuyến - Chiến Thắng)
🔑 Loại phòng: Đơn | 📏 Diện tích: 22m²

💡 Chi phí dịch vụ: Điện 4.2K/số, nước 120K/ng, wifi 100K, sạc xe điện 90K, dịch vụ chung 160K/người.
🏢 Tiện ích: Full nội thất hiện đại (điều hòa, nóng lạnh, tủ quần áo, gương…), gần phố ẩm thực, chợ, Vinmart, hiệu thuốc – Thuận tiện di chuyển.",120000.0,0.003,sale,very_small,under_1b
176045358,132356547,"ĐẤT FO HÒA LẠC, DT 100M2, MT 5,,4M, GIÁ  2,46 TỶ",2460000000,100.0,Huyện Quốc Oai,Xã Phú Cát,Hà Nội,Đất,3.0,13 giờ trước,"LÔ ĐẤT – F0  HÒA LẠC 100M² FULL THỔ CƯ – MẶT TIỀN 5,5M – GIÁ NHỈNH 2,46 TỶ Diện tích: 100m² – full thổ cư Mặt tiền rộng 5,4m – vuông vắn không lỗi lầm gì Đường trước đất rộng, ô tô vào thoải mái , khu dân cư đông, xây nhà ở ngay được, kết nối nhanh về trung tâm Hà Nội Cách Khu Công nghệ cao Hoà Lạc, ĐH FPT, ĐHQG chỉ vài phút 💰 Giá 2,46 tỷ – phân khúc hiếm còn sót lại Mua ở lâu dài, khu vực đáng sống và làm việc Đầu tư giữ tiền – đón sóng khu công nghệ vệ tinh Hòa Lạc, khai thác dòng tiền

Giá: 2,46 tỷ
 Diện tích: 100 m²Địa chỉ tài sản:Đường Quốc lộ 21, Xã Hạ Bằng, Hà Nội

Đường Quốc lộ 21, Xã Phú Cát, Huyện Quốc Oai, Hà Nội (địa chỉ cũ)

Thông tin liên hệ QUYÊN",24600000.0,2.46,sale,medium,1_3b
175037028,131494358,"Nhà cấp 4 Đầu ngõ 174 đường Tam Trinh. SĐ riêng, vị trí đẹp.",4890000000,25.0,Quận Hoàng Mai,Phường Mai Động,Hà Nội,Nhà ở,2.0,13 giờ trước,"Gia đình tôi cần bán nhà cấp 4 Đầu Ngõ 174 Đường Tam Trinh.
 - Diện tích sổ đỏ riêng 25m2, MT4.5m. Vuông vức. Hiện trạng có hai phòng cấp 4 còn mới cho thuê. Hợp đồng điện nước riêng. 
- Ngõ Trước nhà hơn 2m. Ô tô đỗ cách nhà 15m. Cách mặt phố 50m, ngay đầu ngõ có bãi gửi ô tô. Ngõ thông, gần phố, chợ., Trường học. Hàng xóm thân thiện, hiền lành. Phù hợp mua cho thuê giữ tiền hoặc xây lại nhà mới. 
- Sổ đỏ riêng quyển đứng tên vợ chồng tôi. Nguồn gốc đất sạch, không có quy hoạch, không có tranh chấp. Giá bán : 4.89 tỷ_ bao STSĐ. Vậy ai có nhu cầu xin liên hệ trực tiếp mình nhé.",195600000.0,4.89,sale,very_small,3_5b
176054858,132364761,GIÁ RẺ BẤT NGỜ - NGAY TRUNG TÂM THANH XUÂN FULL ĐỒ MÀ CHỈ CÓ 3TR3,3300000,20.0,Quận Thanh Xuân,Phường Khương Đình,Hà Nội,Phòng trọ,3.0,8 giờ trước,"Thông tin chi tiết: 🏡 KHAI TRƯƠNG CCMN STUDIO FULL ĐỒ – NGÃ TƯ THANH XUÂN - KHUẤT DUY TIẾN Ở LUÔN
📍 Ngõ 75 Nguyễn Xiển - ở luôn oto đỗ cửa
⏰ Tình trạng: trống – ở được ngay
💰 Giá thuê: 3tr3/tháng
🏠 Dạng phòng: Gác xếp từ 25 - 30m2 , có cả 1N1K
🛋️ Nội thất: full như hình, tủ lạnh, máy giặt riêng
⚡ Dịch vụ: Điện 4k2/số | Nước 35k/m3 | Mạng 100k/tháng | DV chung 100k/ng
📞 Hotline xem phòng: ***
📩 Inbox/Zalo để giữ phòng sớm – phòng studio full đồ khu Định Công Thượng khá nhanh hết",165000.0,0.0033,sale,very_small,under_1b
174849717,131334625,CHÍNH CHỦ BÁN CĂN TẦNG 5 Tam Trinh 3 Ngủ Full Đồ,5785000000,90.0,Quận Hoàng Mai,Phường Tương Mai,Hà Nội,Căn hộ/Chung cư,3.0,8 giờ trước,"Chính Chủ Bán
 
BÁN NHÀ TẬP THỂ NGÕ 319 TAM TRINH
- NHÀ ĐẸP NHƯ CHUNG CƯ - SỐ 50M2 - DIỆN TÍCH SỬ DỤNG 90m
- 2 THOÁNG TRƯỚC SAU - 3 NGỦ 2WC
- Căn hộ tập thể cực đẹp, khu nhà 5 tầng, nhà mình bán TẦNG 5, 2 thoáng trước sau nên nhà luôn sáng và rất thoáng mát.
• Nhà cực đẹp, nội thất long lanh tặng lại gần như toàn bộ
• Thiết kế 3 phòng ngủ - 2 vệ sinh (trong đó 1 phòng khép kín), phù hợp gia đình đông người.
- Có thể lên được TẦNG 6
Cầu thang 2 : Rộng rãi đi lại thoải mái
Ô tô tránh chân cầu thang
Không gian sáng, đón gió tự nhiên
Nội Thất Để Lại Chỉ Việc Xách Vali về ở
Có Thương Lượng",64277777.777777776,5.785,sale,medium,5_10b
176054848,132364772,"2,5-3,5tr/ phòng , phòng đẹp, oto đỗ cửa gần ĐH Công Nghiệp, CD FPT",2500000,25.0,Huyện Hoài Đức,Xã Vân Canh,Hà Nội,Phòng trọ,3.0,8 giờ trước,"MH HOME- TỔ ẤM CHO NGƯỜI XA QUÊ 
ĐANG TRỐNG PHÒNG VÀO Ở LUÔN .GIÁ ƯU ĐÃI HẤP DẪN .
CHỈ TỪ 2,5 - 3,3  TRIỆU/ PHÒNG

Địa chỉ: Liền kề 42,Khu đô thị HUD Vân Canh và KĐT Lideco Trạm Trôi
ĐƯỜNG TO, RÔNG, CÓ CHỖ ĐỂ Ô TÔ

- Diện tích phòng từ 25m2- 30m2
- Phòng ngủ và bếp riêng biệt rất thoáng.Vệ sinh khép kín
- Phòng đủ đồ: điều hoà, nóng lạnh, giường gỗ, tủ quần áo, bàn bếp, chậu rửa, máy giặt chung
- Có cửa sổ rộng, thoáng mát.Gần chợ, tiện đi lại
- Phòng rộng ở khu đô thị, đường to, có chỗ để ô tô 
- Nhà để xe rộng, an ninh tốt, yên tĩnh. Khoá cổng vân tay, có camera
- Gần trường Cao đẳng FPT , Đại học Đông Á , CĐ quốc tế. Thẳng đường Trịnh Văn Bô kéo dài, cách trường đại học Công Nghiệp 2,5km. Cách sân vận động Mỹ Đình 3,5m. Rất tiện đi lại
-Không ở chung chủ nhà ở văn minh, hàng xóm thân thiện,gần hàng quán, có nhiều cây xanh, an ninh. Ưu tiên cho khách thuê có thiện chí thuê ở lâu dài.
- Dịch vụ: điện 3,8k/ số. Nước 28k/ khối

",100000.0,0.0025,sale,very_small,under_1b
175992938,132311525,"NHÀ MỚI Số 11 ngõ 131 Vương Thừa Vũ, FULL NỘI THẤT NGÕ OTO ",6600000,36.0,Quận Đống Đa,Phường Ngã Tư Sở,Hà Nội,Phòng trọ,3.0,10 giờ trước,"NHÀ MỚI FULL NỘI THẤT, BAN CÔNG SIÊU THOÁNG, Ngõ 🚗
🏠 Số 11 ngõ 131 Vương Thừa Vũ, ngay ToYaTa Trường Chinh
💥 Nhà MỚI - Phòng rộng 36m2, Ban công cực thoáng mát
- Nội Thất: Sofa, Tủ Lạnh, Tivi, Bàn ăn, Giường, Đệm cao su non, bếp từ, thang máy, máy giặt ...
- 5 Phút đi tới các trường ĐH Y, ĐH CÔNG ĐOÀN, ĐH THỦY LỢI, ĐH NGÂN HÀNG, ĐH BÁCH KHOA, NEU...
- Giá sinh viên, đầy đủ PCCC, RA VÀO khóa vân tay, thang máy siêu êm, nhà mới
👉 Tiện ích: chợ , siêu thị, bãi gửi xe ngay tòa nhà...
🛒 Dịch Vụ: ĐIỆN 3800 đ/ số, NƯỚC 100K/ người. Mạng 100k
☎️ LH CHÍNH CHỦ: ZALO XEM PHÒNG TRỰC TIẾP 24/7",183333.33333333334,0.0066,sale,small,under_1b
175962064,132284908,"Phòng trọ khép kín full nội thất, trung tâm Hào Nam, Giảng Võ",3500000,25.0,Quận Đống Đa,Phường Nam Đồng,Hà Nội,Phòng trọ,3.0,10 giờ trước,"Phòng full nội thất VS khép kín
Vị trí trung tâm quận đống đa, cách Thái Hà, Láng Hạ, 1km, cạnh bến tàu điện Cát Linh, gần bệnh viện trường đại học
Nhà 7 tầng có thang máy, hệ thống phòng cháy tiêu chuẩn an toàn. Mặt ngõ rộng rộng dễ tìm kinh doanh online được
Nhà rộng mỗi phòng 25m2, mặt đường vừa ở vừa kinh doanh được.
Full nội thất, khép kín, có bếp riêng, máy giặt sân phơi chung, wifi các tầng.
Phòng full nội thất, giường 1,6m, tủ lạnh, điều hoà, bàn trang điểm, bàn làm việc, bàn ăn.
Bếp riêng không ở trong phòng nên sạch sẽ không bị mùi
Hàng tuần có vệ sinh chung hành lang thang máy.
Không chung chủ giờ giấc tự do, có camera 24/7.
+ Địa chỉ: số 16 ngõ 127 Hào Nam, Đống Đa
+ Giá từ 3,5 triệu/1 tháng.
Chính chủ miễn môi giới.
(Cam kết phòng như hình 100%).
Liên hệ Mr Trường.",140000.0,0.0035,sale,very_small,under_1b
176057264,132366830,"Phòng trọ cự lộc, thanh xuân",2000000,25.0,Quận Thanh Xuân,Phường Thượng Đình,Hà Nội,Phòng trọ,3.0,6 giờ trước,"Cho thuê phòng  2tr
Là nữ
Vsc vs 1p 1ng
 chung chủ 
Có sẵn điều hoà, nl, giường bàn ghế",80000.0,0.002,sale,very_small,under_1b
176057268,132366831,"Bán CCMN Thanh Xuân,Bùi Xương Trạch- Rộng Đẹp Giá Rẻ Ô Tô Tránh",2180000000,52.0,Quận Thanh Xuân,Phường Khương Đình,Hà Nội,Căn hộ/Chung cư,2.0,6 giờ trước,"Dự án: 
Thông tin chi tiết: 🩷E Bán Chung Cư Mini Ô tô tránh nhau. Full nội thất đẹp tặng gia đình về ở ngay
✅Khu vực Vũ Tông Phan, Bùi Xương Trạch hộ khẩu Thanh Xuân full nhiều tiện ích
✅ Dt 52m 2ngủ1wc 1ban công. 
✅ Thang máy, Thẻ từ cư dân đầy đủ. Phí dịch vụ siêu rẻ gần như ko mất
✅Cam kết chị chủ tặng toàn bộ đồ như hình. Gia đình chỉ việc về ở luôn
✅Sổ chung cả toà. Ký hđ mua bán vi bằng với chủ căn hộ
🤝 Giá 2,1x tỷ có thương lượng rất thiện chí
☎️Lh *** ( zalo,mess,tiktok...) lấy video và xem nhà 24/24 #ccmnhanoi #chungcugiare #chungcuminihanoi #chungcuminihanoidep #banchungcuminihanoi",41923076.92307692,2.18,sale,small,1_3b
176059682,132368882,"62Full TC tai Lò Nồi - Đông Sơn, Quang Tiến, Sóc Sơn, Hà Nội",2232000000,62.0,Huyện Sóc Sơn,Xã Quang Tiến,Hà Nội,Đất,3.0,4 giờ trước,"Dự án: 
Thông tin chi tiết: 👉Mặt tiền 4m, hậu 4,08m
👉 đường thông rộng 4,5m, phía trước đất có sân lưu không rộng 80m
👉 250m ra đường Hà Nội - Đại Lải (dự án mở rộng 2 làn 50m)
👉 Cách khu công nghiệp Nội bài và khu CN2 2km, cách sân bay 5km
👉 Ranh giới rõ ràng, sẵn sổ giao dịch",36000000.0,2.232,sale,medium,1_3b
176047735,132358647,Pass phòng khép kín 2tr2 sạch sẽ thoáng mát,2200000,15.0,Quận Nam Từ Liêm,Phường Mỹ Đình 1,Hà Nội,Phòng trọ,3.0,12 giờ trước,"Dự án: 
Thông tin chi tiết: Pass phòng  2tr2, khép kín, nóng lạnh, tầng  cao, có thang máy, 2 cửa sổ, nhiều ánh sáng tự nhiên, thoáng sạch, không bí bách, có sẵn quạt tiết kiệm điện, phòng mát tự nhiên, không cần dùng điều hoà vẫn dễ chịu, an ninh tốt. Phơi đồ sân thượng rộng rãi. Có pallet 
Phòng ở 322 Mỹ Đình nhé
Điện 4k Nước 35k 1 khối - dịch vụ thang máy, wifi, điện chung, rác 150k, nếu đi xe 100k 1 xe có bảo vệ trông. Toà có bảo vệ tầng 1 nên an ninh tốt, 11:30 đóng cửa. 
Có thể vào ở luôn hoặc đầu tháng
Phù hợp ở 1  hoặc 2 tiết kiệm, cần không gian thoáng sạch sẽ",146666.66666666666,0.0022,sale,very_small,under_1b
176054634,132364821,THANH XUÂN - PHÂN LÔ QUÂN ĐỘI - 50m - 5 TẦNG THANG MÁY - 12 TỶ 250,12250000000,50.0,Quận Thanh Xuân,Phường Khương Mai,Hà Nội,Nhà ở,6.0,8 giờ trước,"HOA KHÔI THANH XUÂN - PHÂN LÔ QUÂN ĐỘI - THOÁNG SÁNG TRƯỚC SAU - THANG MÁY - NHÀ ĐẸP Ở NGAY!

📐 50m - 5 tầng - MT 4.2m

💰 12.250tỷ (giá còn thương lượng mạnh)

✔️ Căn nhà thoáng trước sau nên phòng nào cũng ngập tràn ánh sáng tự nhiên, gia chủ tặng lại full nội thất tiền tỷ

✔️ Khu dân trí cao, giao thông thuận tiện.

✔️ Phù hợp ở gia đình hoặc kết hợp làm việc.

📕 Sổ vuông phân lô, giao dịch ngay
",245000000.0,12.25,sale,small,over_10b
176052558,132362779,Bán căn góc đẹp nhất chung cư Gemek Tower,4200000000,68.0,Huyện Hoài Đức,Xã An Khánh,Hà Nội,Căn hộ/Chung cư,2.0,9 giờ trước,"Bán căn góc đẹp nhất chung cư Gemek-1, tòa A1. Diện tích thông thủy 60,3m2 (tim tường hơn 68m2),ban công hướng đông-nam nhưng gần chính nam, gió mát lạnh mùa hè, mùa đông thì ấm ám. Căn góc nên có ánh sáng tốt và thoáng mát 2 phòng ngủ, đặc biệt gió thông qua 2 phòng ngủ mát lạnh. Mùa hè bật điều hòa rất ít. Nhà có 1 ban công rộng và cực tối ưu về diện tích sử dụng. Nhà full nội thất và để lại toàn bộ nội thất cho chủ mới. Đặc biệt nhà rất có lộc. Chủ nhà sẵn sàng thuê lại ngay với giá cao hơn thị trường. Giá có thương lượng với người mua thiện chí. LH ***",61764705.88235294,4.2,sale,medium,3_5b
176021866,132336194,"Siêu Đẹp Phố Quan Nhân, nhà đẹp ở luôn, oto đỗ cửa, KD,SPA, 35m*5 tầng",7500000000,35.0,Quận Thanh Xuân,Phường Nhân Chính,Hà Nội,Nhà ở,4.0,12 giờ trước,"Dự án: 
Thông tin chi tiết: Vị trí đẹp , an ninh tốt ,sát phố ,sát trường học,thuận lợi di chuyển sang các tuyến phố Nguyễn Trãi, Trần Duy Hưng, Lê Văn Lương, Hoàng đạo Thúy, Quan Nhân, Hoàng Ngân, Nguyễn Ngọc Vũ...
Tiện ích đầy đủ không thiếu thứ gì, gần chợ, trường học các cấp... 

🌺 Nhà thiết kế:

+ tầng 1 : phòng khách + bếp + wc

+ tầng 2,3,4 :mỗi tầng 1 phòng+ wc

+ tầng 5: phòng thờ + sân phơi. 

📕Sổ đỏ cất két, sẵn sàng giao dịch.

- LH: Mr Tú *** để được tư vấn và xem nhà.",214285714.2857143,7.5,sale,small,5_10b
176024097,132338253,Bán nhà mặt phố,51000000000,60.0,Quận Hoàn Kiếm,Phường Hàng Bồ,Hà Nội,Nhà ở,3.0,8 giờ trước," Tôi chính chủ cần bán nhà mặt phố Hàng Vải đang ở và kinh doanh lâu năm , rất thuận tiện  buôn bán các mặt hàng và làm homestay , khách sạn . Diện tích sổ  và thực tế là 60m 1 sàn / 3 tầng . Nhà kiến trúc Pháp cổ chắc chắn và rất đẹp  Sổ đỏ pháp lý đầy đủ, rõ ràng không tranh chấp . Có thương lượng cho quý khách hữu duyên và thiện chí , có thể qua xem trực tiếp  hoặc  liên hệ : Nam *** để cần thêm thông tin và trao đổi , chấp nhận các bạn môi giới .",850000000.0,51.0,sale,small,over_10b
174284775,130853455,Phòng trọ giá rẻ ngõ 13,600000,14.0,Huyện Thanh Trì,Xã Tả Thanh Oai,Hà Nội,Phòng trọ,3.0,4 giờ trước,"Cho thuê phòng trọ giá rẻ ngõ 13
Phòng không khép kín, vệ sinh chung
Phòng sạch sẽ, thoáng mát
Vệ sinh sạch sẽ
An ninh tốt",42857.142857142855,0.0006,sale,very_small,under_1b
175291566,131709520,"Bán lô đất đấu giá khu xương cá , đg cây sữa kim bài DT78,4m2, MT4,5m",8900000000,78.4,Huyện Thanh Oai,Thị trấn Kim Bài,Hà Nội,Đất,3.0,13 giờ trước,"Chính chủ  sổ đỏ cần bán lô đất đấu giá khu xương cá thuộc trung tâm thị trấn kim bài cũ nay là xã thanh oai , đường cây sữa ,  Diện tích lô đất 78,4m2 , mặt tiền 4,5m ,   *** lô mặt đường kinh doanh đẹp , ( sổ đỏ sẵn sàng giao dịch) dịch vụ tiện ích cạnh công viên , nhà thi đấu , sân vận động , gần sát đường trục phát triển , Ai quan tâm vui lòng liên hệ :  ***",113520408.1632653,8.9,sale,medium,5_10b
176054987,132364883,chính chủ bán nhà 4 tầng dân xây khu đấu giá x-1 cự khối,14200000000,98.0,Quận Long Biên,Phường Cự Khối,Hà Nội,Nhà ở,4.0,8 giờ trước,"Dự án: 
Thông tin chi tiết: Bán nhà 3 tầng dân xây khu đấu giá x1 cự khối 
+ Diện tích 98 m2 
+ Mặt tiền 9 mét 
+ Đường trước nhà 5 mét trải nhựa 
+ Cách hồ đầm tranh 200 mét 
+ Bán kính 500 mét đầy đủ tiện ích trường chợ ….
+ Hiện đang có nhà 3 tầng đang cho thuê mỗi tháng 15 triệu 
+ Giá 14.2 tỷ ( có thương lượng chút) 
+ Liên hệ *** Em Huân ( chuyên bds long biên)",144897959.18367347,14.2,sale,medium,over_10b
176009869,132325981,Sở Hữu Căn hộ cao cấp Trung Tâm Hà Đông chỉ hơn 5 tỷ,5800000000,62.0,Quận Hà Đông,Phường Quang Trung,Hà Nội,Căn hộ/Chung cư,2.0,14 giờ trước,"Có hơn 5 tỷ không nghĩ lại có thể sở Hữu được căn hộ trong mơ tại Trung tâm Hà Đông
- Căn hộ cao cấp, tọa lạc tại số 4 Quang Trung Hà Đông Hà Nội, vị trí mặt đường giao thông đi lại cực thuận tiện.
- Gia chủ để lại nội thất thiết kế tân cổ điển, trị giá gần 500 triệu.
- Nhà hướng mát ban công đông nam rộng rãi sân tiểu cảnh. Căn hộ Tầng trung,View cực đẹp.
- Thiết kế 2 ngủ, khách, bếp, 1 wc.
- Pháp lý chuẩn chỉ, sổ cất két sẵn sàng giao dịch ngay.

Nhanh tay liên hệ em Vĩ *** để sở hữu ngay hàng đẹp hiếm có này.
Nguyễn Vĩ BĐS thổ cư chỉ bán nhà "" Chuẩn"" hân hạnh được phục vụ!",93548387.09677419,5.8,sale,medium,5_10b
175272666,131693160,Nhà xây mới 8 tầng,26000000000,80.0,Quận Long Biên,Phường Long Biên,Hà Nội,Nhà ở,5.0,8 giờ trước,"Nhà xây mới 8 tầng tháng máy phun nội thất .tầng 1 để 2 xe oto canh hồ điều hòa Long biên,dân trí cao, 50m da cầu Trần Hưng đạo",325000000.0,26.0,sale,medium,over_10b
176019421,132334209,cần bán,2150000000,31.0,Quận Hoàng Mai,Phường Thanh Trì,Hà Nội,Nhà ở,2.0,12 giờ trước,khu an ninh tốt gần trường cấp 1.2 thanh trì,69354838.70967741,2.15,sale,small,1_3b
176047879,132358797,BÁN LÔ GÓC KINH DOANH NGAY GẦN CHỢ THÔN NHUẾ KIM CHUNG ĐÔNG ANH HÀ NỘI,19800000000,126.0,Huyện Đông Anh,Xã Kim Chung,Hà Nội,Đất,3.0,12 giờ trước,"Dự án: 
Thông tin chi tiết: BÁN LÔ GÓC KINH DOANH NGAY GẦN CHỢ THÔN NHUẾ KIM CHUNG ĐÔNG ANH HÀ NỘI. BA BƯỚC CHÂN RA CAO TỐC VÕ VĂN KIỆT .GẦN CẦU THĂNG LONG 10P QUA PHỐ

 Diện tích 126m mặt tiền 7m nở hậu phong thuỷ

 Lô góc 2 mặt tiền kinh doanh ngày đêm

Đường trước nhà ô tô tránh nhau thoải mái

Sẵn nhà C4 đang cho thuê dòng tiền ổn định 

Ba bước chân ra cao tốc võ văn kiệt .10p sang phố
  Sổ sách pháp lý chuẩn",157142857.14285713,19.8,sale,large,over_10b
176031217,132344467,"Cần bán nhà 4,5 tầng - Vị trí đắc địa,Trung tâm Làng Hoa Ngọc Hà",23000000000,118.0,Quận Ba Đình,Phường Ngọc Hà,Hà Nội,Nhà ở,4.0,9 giờ trước,"ĐC: 60 Ngõ 158, Phố Ngọc hà, Phường Ba Đình, Hà Nội

* Đất sổ hồng chính chủ - loại đất ở tại đô thị lâu dài_Sở hữu riêng / diện tích sử dụng riêng: 118m² - điện tích sử dụng chung (lối đi chung 2 GĐ): 35.4m²  - KHÔNG NẰM TRONG BẤT KỲ QUY HOẠCH NÀO CỦA HÀ NỘI

* Vị trí: Trung tâm Làng Ngọc hà, gần: chợ dân sinh, gần trường tiểu học Ngọc Hà, trường mẫu giáo Ngọc Lan - Lối đi ra phố Ngọc Hà 5 phút, Lối đi ra phố Đội Cấn 4 phút, Lối đi ra phố Hoàng Hoa Thám 7 phút. 

* An ninh cực tốt, môi trường lành mạnh, thân tiện.

* Hiện trạng: Nhà xây 4.5 tầng kiên cố, diện tích xây dựng: 70 m²,  diện tích sử dụng >350m².  

* Nội thất nổi bật: Cửa, cầu thang làm bằng gỗ Lim ta_ Sàn T2, T3 lát gỗ Giáng Hương.

Tầng 1: Khách + bếp

Tầng 2: 1 ngủ + 1 lv +1 wc  

Tầng 3: 1 ngủ + 1 lv +1 wc  

Tầng 4: 2 ngủ +2 wc  

Tầng 5: sân + P.Thờ

>>> Giá 23 tỷ (CÓ THƯƠNG LƯỢNG)

- Thuế Phí thuộc về bên nào bên đó chịu.

>>>>Rất hoan nghênh và hợp tác với CÁ NHÂN các Bạn làm môi giới mua bán nhà đất Chuyên Nghiệp.

Miễn tiếp các bên đăng tin!",194915254.23728815,23.0,sale,large,over_10b
176047914,132358815,"Nhỉnh 3 tỷ Tập thể Lê Quý Đôn, Hai Bà Trưng, T2 70m 2PN, sát phố SĐCC",3550000000,70.0,Quận Hai Bà Trưng,Phường Bạch Đằng,Hà Nội,Căn hộ/Chung cư,2.0,12 giờ trước,"- TT quận Hai Bà Trưng. Căn hộ nằm cách mặt phố vài bước chân ô tô đỗ.
+ Ngay cạnh vườn hoa Pasteur, bệnh viện TWQĐ 108, Việt Xô. Gần Vincom Bà Triệu – Hồ Hoàn Kiếm. Chợ, siêu thị ngay dưới nhà, trường học trong bán kính 500m. 
+ Khu dân trí cao, an ninh tốt, dịch vụ ăn uống – giải trí đầy đủ. 
- Thiết kế: 2 ngủ, WC khép kín, khách, bếp...thoáng sáng. Ở ngay.
- Sổ đỏ chính chủ, giao dịch ngay.
📞 Liên hệ M Thắng - *** để tư vấn và xem nhà miễn phí.
",50714285.71428572,3.55,sale,medium,3_5b
175852723,132190882,"Bán nhà khương đình khương trung thanh xuân 5 tầng, 4 ngủ, ô tô đỗ cửa",8500000000,39.0,Quận Thanh Xuân,Phường Khương Đình,Hà Nội,Nhà ở,4.0,13 giờ trước,"ô tô đỗ cửa - chủ rất thiện trí bán nhà đẹp sẵn ở, 
tại phường khương đình, phố khương hạ , quận thanh xuân
kết nối gần với ngã tư sở nguyễn trãi đường trường chinh và phố vũ tông phan, khương trung, kim giang 
gần vô số các trường học, từ mẫu giáo đến đại học
thiết kế 5 tầng , 5 wc , 4 p ngủ , khách , bếp , p thờ , sân phơi
sổ đỏ nở hậu đẹp. công chứng nhanh, vị chí không quy hoạch
giá thỏa thuận
gọi ngay đt zlo để xem nhà
***. 
cảm ơn",217948717.94871795,8.5,sale,small,5_10b
176021974,132336291,"Căn góc tòa i5 Imperia. Diện tích 76m² với 3 phòng ngủ, 2wc.",6450000000,76.0,Quận Nam Từ Liêm,Phường Tây Mỗ,Hà Nội,Căn hộ/Chung cư,3.0,10 giờ trước,"Bán căn hộ tại tòa i5 Imperi, gần nhà để xe nổi Parking Zone 4
Căn góc 76m² với 3 phòng ngủ, 2wc, phòng khách rộng tãi
Tầng trung, ban công thoáng mát, view Thiên Đường Bảo Sơn không bị chắn
Sẵn sổ đỏ, full nội thất như ảnh
Giá bán: 6,45 tỷ thu về
Liên hệ: ***",84868421.05263157,6.45,sale,medium,5_10b
176050270,132360885,Căn hộ 3 ngủ Lê Văn Lương - Lô góc,6350000000,68.0,Quận Thanh Xuân,Phường Nhân Chính,Hà Nội,Căn hộ/Chung cư,3.0,10 giờ trước,"
🏠Căn 3 ngủ, lô góc đường Lê Văn Lương
🏡Thiết kế: 1 Khách, Bếp, 3 Ngủ, 2 vệ sinh - Tặng full nội thất
⭐️Xung quanh 4 trường quốc tế, sân chơi, chợ, công viên Thanh Xuân view mặt phố Lê Văn Lương. 
📕Sổ đỏ sẵn sàng giao dịch
k",93382352.94117647,6.35,sale,medium,5_10b
175835780,132176575,"VĂN PHÒNG 343NGUYỄN KHANG 125M2, VIEW SÔNG, GIÁ TỐT",19000000,125.0,Quận Cầu Giấy,Phường Yên Hoà,Hà Nội,"Văn phòng, Mặt bằng kinh doanh",3.0,4 giờ trước,"dt: khoảng 125m2/ sàn, tầng 7 đang chia thành 1 phòng nhỏ (có thể làm phòng GĐ hoặc phòng họp và 1 phòng lớn sức chứa khoảng 15nv)
- Giá: 19tr net (thương lượng)
- Điện: 4k/kwh
- Nước: tùy số lượng nv
- Thời hạn Hđ: 2-3 năm
- Có thang máy và lối đi riêng biệt",152000.0,0.019,sale,large,under_1b
175907718,132238015, THỬA ĐẤT HIẾM 122m2 - NGÕ THÔNG - XÂY DÒNG TIỀN QUÁ ĐẸP,30000000000,122.0,Quận Đống Đa,Phường Kim Liên,Hà Nội,Nhà ở,4.0,12 giờ trước,"THỬA ĐẤT HIẾM - NGÕ THÔNG - XÂY DÒNG TIỀN QUÁ ĐEP. 
+ Đã có quy hoạch nhà ra mặt đường 11,5m , tương lai giá trị gia tăng
+ Vị trí đẹp, ngay Ngã Tư Sở, Tây Sơn. Trước nhà thoáng sáng.﻿﻿Nhà mặt ngõ trung tâm Đống Đa, Ô Tô Đỗ cửa, ba bước ra bệnh Viện Đại Học Y, Ngã Tư Sở và Royall City.﻿﻿Nhà đi vào được từ nhiều ngõ 554, 592, 580 Trường Chinh, Khương Thượng, Tam Khương,
.+ Khu vực nhiều người thuê, thích hợp xây CCMN.+ Hiện trạng nhà 3 tầng, ở tạm. Chủ xác định bán đất.
+ Sổ đỏ chính chủ",245901639.3442623,30.0,sale,large,over_10b
176047978,132358864,ĐẤT TRUNG TÂM HÀNH CHÍNH - KHU C OLYMPIC - THƯỜNG TÍN - HÀ NỘI,6000000000,80.0,Huyện Thường Tín,Xã Hồng Vân,Hà Nội,Đất,3.0,12 giờ trước,"🔥 CHÍNH CHỦ BÁN ĐẤT TRUNG TÂM HÀNH CHÍNH KHU DU LỊCH HỒNG VÂN 🔥
🌿 View hồ công cộng cực thoáng – Đường ô tô tránh nhau

📍 Vị trí đẹp trung tâm khu du lịch Hồng Vân - Khu C TP Olympic
📐 Diện tích: 80m²
👉 Mặt tiền = mặt hậu = 5m vuông đẹp

✅ Đường trước đất rộng 4m, đường thông, ô tô tránh
✅ Ngay cạnh hồ công cộng – không gian thoáng mát, ở cực thích
✅ Thuộc trung tâm hành chính Hồng Vân
✅ Chỉ:
100m ra trường học các cấp
300m ra UBND, sân vận động thể thao
70m ra dự án đường di sản văn hoá 
800m kết nối Vành đai 4, cầu Mễ Sở, đường 427 và cao tốc CT01

📈 Khu vực tiềm năng tăng giá mạnh nhờ hạ tầng và du lịch phát triển đồng bộ
📞 Call/Zalo: 🤝 Nam Hà Nội Land

#datHongVan #datdepThuongTin #batdongsanHaNoi #NamHaNoiLand #datvenSongHong #bandatototránh #dautubatdongsan",75000000.0,6.0,sale,medium,5_10b
176052792,132362965,💥 7 TẦNG THANG MÁY – VỈA HÈ RỘNG – Ô TÔ TRÁNH – KINH DOANH ĐỈNH 💥,31790000000,70.0,Quận Long Biên,Phường Bồ Đề,Hà Nội,Nhà ở,3.0,9 giờ trước,"📍 Vị trí cực đẹp, sát mặt phố Ngọc Lâm – khu vực kinh doanh sầm uất, dân trí cao, giao thông thuận tiện.
✔️ Mặt tiền rộng 5m bề thế
✔️ Vỉa hè rộng – ô tô tránh, dừng đỗ ngày đêm
✔️ Thích hợp vừa ở vừa kinh doanh: Văn phòng, spa, showroom, căn hộ dịch vụ, kinh doanh online…

🏡 Nhà xây 7 tầng thang máy xịn, nội thất cao cấp, thiết kế hiện đại – tối ưu công năng sử dụng:

🔹 Tầng 1-2: Gara + mặt bằng kinh doanh thông sàn
🔹 Tầng 3-5: 3 phòng ngủ master khép kín sang trọng
🔹 Tầng 6: Phòng khách + bếp thiết kế Duplex đẳng cấp
🔹 Tầng 7: Phòng thờ + sân vườn chill, thưởng trà cực đẹp

🌿 Không gian sống sang trọng – tiện nghi – đẳng cấp giữa trung tâm Long Biên.
📕 Sổ đỏ chính chủ – pháp lý chuẩn – sẵn sàng giao dịch ngay.

🔥 Hàng hiếm phân khúc – khách xem là mê! Liên hệ ngay để xem nhà thực tế.",454142857.14285713,31.79,sale,medium,over_10b
174638853,131156709,"Nhà Hoàng Liệt-50m2 x5T,ngõ oto tránh,xây mới,thang máy, nhỉnh 13 tỷ",13500000000,50.0,Quận Hoàng Mai,Phường Hoàng Liệt,Hà Nội,Nhà ở,3.0,5 giờ trước,"CHỈ 13.5 TỶ CÓ NHÀ 5 TẦNG THANG MÁY - NGÕ Ô TÔ TRÁNH TẠI HOÀNG LIỆT!
Diện tích: 50m²
Đường trước nhà: 6m, thông tứ tung, ô tô dừng đỗ vào nhà thoải mái.
Nội thất: Full option xịn sò, chủ tâm huyết thiết kế hiện đại.
Công năng: 3 ngủ Master khép kín, gara ô tô, phòng khách tầng 5 cực thoáng.
Vị trí: Trung tâm Hoàng Liệt, gần hồ Linh Đàm, hưởng trọn tiện ích khu đô thị.
Nhà mới tinh, thang máy chạy vèo vèo, nội thất ""thửa"" riêng cho từng góc cạnh.

Liên hệ xem nhà Mr Thái 

CAM KẾT LÀM VIỆC CHÍNH CHỦ- THÔNG TIN THẬT-ẢNH THẬT.
-MIỄN TIẾP TRUNG GIAN - MÔI GIỚI TRÁNH LÀM MẤT THỜI GIAN 2 BÊN.

Lê Thái - Môi giới thổ cư 10 năm quanh khu vực Hoàng Mai- am hiểu sản phẩm-thị trường-pháp lý- giá cả khu vực -làm việc CHUYÊN NGHIỆP-NHIỆT TÌNH-TẬN TÂM.
Nhận mua bán bất động sản quanh khu vực ,thông tin bảo mật,kín đáo,mua nhanh bán gọn.",270000000.0,13.5,sale,small,over_10b
175940971,132266727,"HẠ 2 TỶ BÁN GẤP NHÀ NGÔ GIA TỰ ,- ĐẶNG VŨ HỶ- LONG BIÊN, HÀ NỘI",20600000000,90.0,Quận Long Biên,Phường Việt Hưng,Hà Nội,Nhà ở,5.0,12 giờ trước,"


🔥 🆘️GẤP‼️ 
HẠ SỐC 2 TỶ 

TÒA NHÀ PHỐ – #NGÔ_GIA_TỰ_  ĐẶNG_VŨ_HỶ #LONG_BIÊN VỈA HÈ ÔTÔ TRÁNH_KINH DOANH VĂN PHÒNG ‼️.
Diện tích 90m² Giá chỉ phân khúc 20 tỉ 


📍 Vị trí đẹp hiếm độc tôn phố Ngô Gia Tự ,Đặng Vũ Hỷ– vỉa hè , ô tô tránh, dừng đỗ ngày đêm
👉 Phù hợp: ở kết hợp kinh doanh, văn phòng, spa, trung tâm đào tạo.v.v...
🏡 Thông tin chi tiết:
Diện tích: 90m²
Mặt tiền: 7,5m (cực rộng bề thế – lợi thế kinh doanh lớn)
Xây dựng: 6 tầng kiên cố
Nội thất: Full đẹp – khách mua chỉ việc xách vali về ở và kinh doanh tiềm năng tăng giá lớn!
💎 Sổ đỏ chính chủ – vuông đẹp – giao dịch ngay
💰 Giá chỉ 20.6tỷ (có thương lượng)
⚡ Ưu điểm nổi bật: ✔ Mặt tiền rộng hiếm trong phân khúc
Dòng tiền ổn Định cho thuê 27tr /tháng 

📞 Liên hệ ngay: ***
👉 Xem nhà trực tiếp – làm việc chính chủ!",228888888.8888889,20.6,sale,medium,over_10b
176055143,132365032,"Kịch Sàn! Thịnh Quang, nhà đẹp, gần trường hoc, ngã tư sở, giá 6,75tỷ",6750000000,35.0,Quận Đống Đa,Phường Thịnh Quang,Hà Nội,Nhà ở,3.0,8 giờ trước,"🆘🆘🆘HIẾM 
NHÀ NHỎ XINH FULL CÔNG NĂNG -NGÕ NÔNG GẦN PHỐ - TRUNG TÂM ĐỐNG ĐA - SÂN RIÊNG ĐỂ XE - NGÕ BA GÁC PHI- THOÁNG TRƯỚC SAU - SỔ HOA HẬU . 

🌈Vị trí trung tâm quận đống đa , tiếp giáp thanh Xuân , khu vực hiếm nhà bán , chỉ 25m ra mặt phố ô tô tránh . 

🌈 Căn nhà 4 tầng chủ tự xây, trung tâm Đống Đa. Vị trí gần phố Tây Sơn, Thái Thịnh, Láng. Tiện ích an sinh đỉnh cao.
🌈 Nhà khung cột chắc chắn, thông sàn mỗi tầng 1 phòng:
Tầng 1: Khách , Bếp , WC
Tầng 2,3,4 : Ngủ + WC

📌 Sổ đỏ vuông vắn sẵn sàng giao dịch.",192857142.85714287,6.75,sale,small,5_10b
176048001,132358889,"Nhà trọ đẹp, 4,999 triệu, 33m2 tại Khương Trung, thang máy, Máy giặt ",4999000,40.0,Quận Thanh Xuân,Phường Khương Đình,Hà Nội,Phòng trọ,3.0,12 giờ trước,"Nhà trọ cho thuê nằm ở vị trí thuận lợi tại Khương Trung, Thanh Xuân, Hà Nội.
Diện tích 33m² với nội thất đầy đủ, phù hợp cho cuộc sống tiện nghi.
Giá thuê chỉ 4,999 triệu VND mỗi tháng, linh hoạt thời gian thuê từ 6 tháng trở lên.
Trang thiết bị bao gồm điều hòa, giường, tủ lạnh, máy giặt riêng, nhận xe điện giúp cuộc sống trở nên thoải mái hơn.

Giá dịch vụ:
Điện: 4k/s.
Nước: 30k/khối.
Dvc: 150k/ng.
Free 2 xe máy/phòng.

Tiện ích xung quanh:
+ Gần siêu thị gia đình, Winmart Vincom Royal City.
+ Trung tâm học tiếng Nhật - Dũng Mori, trường Đào tạo cán bộ Lê Hồng Phong.
+ Bệnh viện Đại học Y Hà Nội.",124975.0,0.004999,sale,small,under_1b
175706598,132066031,"2 tỷ xíu phố Lò Đúc tầng 2, 2PN thoáng sáng ",2790000000,45.0,Quận Hai Bà Trưng,Phường Ngô Thì Nhậm,Hà Nội,Căn hộ/Chung cư,2.0,9 giờ trước,"Ngã Tư #Đại_Cồ_Việt #Lò_đúc #trần_khát_chân
#ÔTô đỗ chân cầu thang ( H.IẾM)
Nhỉnh #2ty xíu có nhà phố Lò Đúc  45m tầng 2- 2 ngủ đủ công năng. Vệ sinh khép kín
❤️ Nhà thoáng sáng
❤️Sổ đỏ riêng đẹp chí.nh ch.ủ
❤️Bán kính xung quanh các đại học lớn như : #Đại_Học_Bách_Khoa #Đại_Học_Kinh_Tế_Quốc_Dân, #Đại_Học_Xây_Dựng, #Bệnh_viện_Bạch_Mai 
#Bệnh_Viện_ViệtPháp #bệnh_viện_thanh_nhàn
👍 ngập tràn tiện ích

☎️ LH gấp E Chiến",62000000.0,2.79,sale,small,1_3b
176050466,132360956,"GIÁ 3,750 - VIEW HỒ + CÔNG VIÊN - FULL NỘI THẤT MỚI CAO CẤP",3750000000,65.5198,Quận Hoàng Mai,Phường Đại Kim,Hà Nội,Căn hộ/Chung cư,2.0,10 giờ trước,"Dự án: 
Thông tin chi tiết: 💎SIÊU PHẨM TRONG PHÂN KHÚC CHUNG CƯ TẠI KHU VỰC LINH ĐÀM💎

🏠 CĂN HỘ SIÊU PHẨM:
✅ Căn này xem nhà thực tế đẹp hơn trên ảnh rất nhiều
✅ View triệu đô - hồ điều hoà - công viên cây xanh
✅ Toà đẹp - tầng đẹp - sảnh ốp như khách sạn
✅ Sửa mới - full nội thất đồng bộ - hiện đại
✅ Diện tích: 65,52m2 - 2 ngủ - 2 vệ sinh

🛒TIỆN ÍCH XUNG QUANH (TRONG BÁN KÍNH 1KM)
✅ Hệ thống trường học liên cấp: Mầm non, tiểu học, THCS
✅ Gần Bệnh viện Đại học Y Dược Hà Nội – chi nhánh Linh Đàm
✅ Công viên cây xanh, hồ điều hòa rộng rãi
✅ Đầy đủ tiện ích giải trí: Rạp chiếu phim, sân bóng, bể bơi bốn mùa...
✅ Siêu thị, chợ dân sinh, cửa hàng tiện lợi ngay gần nhà
✅ Kết nối giao thông thuận tiện: Vành đai 3, cao tốc trên cao, QL1A, bến xe Nước Ngầm, Giáp Bát…

🎯 PHÙ HỢP VỚI
✅ Anh/chị làm việc tại khu vực Hoàng Mai, Hai Bà Trưng và lân cận
✅Khách mua ở lâu dài hoặc đầu tư cho thuê sinh lời ổn định

#bancanho
#banchungcu
#canhofullnoithat
#chungcugiatot
#chungculinhdam
#hoangmai",57234606.943244636,3.75,sale,medium,3_5b
175558284,131939077,CCMN THANH XUÂN FULL ĐỒ - MÁY GIẶT RIÊNG OTO ĐỖ CỬA - GIÁ SIÊU RẺ,3300000,20.0,Quận Thanh Xuân,Phường Khương Đình,Hà Nội,Phòng trọ,3.0,14 giờ trước,"Thông tin chi tiết: 🏡 KHAI TRƯƠNG CCMN STUDIO FULL ĐỒ – NGÃ TƯ THANH XUÂN - KHUẤT DUY TIẾN Ở LUÔN
📍 Ngõ 75 Nguyễn Xiển - ở luôn oto đỗ cửa
⏰ Tình trạng: trống – ở được ngay
💰 Giá thuê: 3tr3/tháng
🏠 Dạng phòng: Gác xếp từ 25 - 30m2 , có cả 1N1K
🛋️ Nội thất: full như hình, tủ lạnh, máy giặt riêng
⚡ Dịch vụ: Điện 4k2/số | Nước 35k/m3 | Mạng 100k/tháng | DV chung 100k/ng 
📞 Hotline xem phòng: ***
📩 Inbox/Zalo để giữ phòng sớm – phòng studio full đồ khu Định Công Thượng khá nhanh hết
",165000.0,0.0033,sale,very_small,under_1b
175524856,131910431,Tôi chính chủ bán nhà 20m2 x3 tầng 2 ngủ 2 vệ sinh,1980000000,19.0,Quận Hoàng Mai,Phường Vĩnh Hưng,Hà Nội,Nhà ở,3.0,7 giờ trước,"Thông tin chi tiết: Nhà diện tích sàn 20m2 x3 tầng
Mặt tiền 3,9m
2 ngủ 2 vệ sinh
1 khách 1 bếp
1 sân phơi tầng thượng
Khung cột chắc chắn
Nhà cách đường 3 ô tô tránh nhau 10m
Móng 5 tầng
Thuế đất đóng cho nhà nước hàng năm
Giấy tờ pháp lý rõ ràng đầy đủ,
Mua bán vi bằng",104210526.31578948,1.98,sale,very_small,1_3b
176017329,132332351,Bán chung cư BQP - Bùi Xương Trạch - 70m2 - 2 Ngủ - 2Wc - Chỉ 5.2 tỷ,5200000000,70.0,Quận Hoàng Mai,Phường Định Công,Hà Nội,Căn hộ/Chung cư,2.0,11 giờ trước,"+ Căn hộ chung cư tòa C14 - BQP làm.CĐT xây dựng cho Chiến sỹ PKKQ 
+ Vị trí cực đẹp tiếp giáp giữa Thanh Xuân vs Hoàng Mai.
+ Diện tích 70m2 - 2 Ngủ - 2Wc
+ Phí dịch vụ 350k/tháng, Slot Ô tô 800k/tháng
+ Thích hợp vs hộ gia đình. Nhà còn như mới, vào ở 2021.
+ Pháp lý chuẩn sổ đỏ chính chủ giao dịch ngay
",74285714.28571428,5.2,sale,medium,5_10b
176045819,132356939,Nhà đẹp Trương Định ,6500000000,25.0,Quận Hoàng Mai,Phường Tương Mai,Hà Nội,Nhà ở,2.0,13 giờ trước,"Mình cần tiền đầu tư nên muốn bán nhanh căn nhà đẹp ở trương định. nhà gần phố lớn, thông tứ tung, Kinh doanh tốt...
sổ đỏ chính chủ sẵn sàng giao dịch 
giá bán: 6,5 Tỷ có thương lượng nhẹ.
Liên hệ em SINH nhà đẹp ☎️ ****""""""""753 để xem và mua giá tốt.",260000000.0,6.5,sale,very_small,5_10b
176048129,132358999,"Bán CH tập thể Thành Công Ba Đình 110m 4PN- tầng đẹp để ở, giá 6.45 tỷ",6450000000,110.0,Quận Ba Đình,Phường Thành Công,Hà Nội,Căn hộ/Chung cư,4.0,12 giờ trước,"CHÍNH CHỦ BÁN CĂN HỘ tập thể Thành Công ngõ Nguyên Hồng, diện tích 50/110m TẦNG ĐẸP ĐỂ Ở - giá 6,45 tỷ TL
NHÀ TRUNG TÂM BA ĐÌNH, SỔ ĐỎ 50M, DT SỬ DỤNG 110M, LÔ GÓC, 4 NGỦ, 2WC, TIỀM NĂNG ĐỀN BÙ CỰC NGON.

* Giao thông thuận tiện, dễ dàng kết nối Huỳnh Thúc Kháng -Nguyên Hồng - Nguyễn Chí Thanh - Láng Hạ… đi đâu cũng nhanh
* Đặc biệt tiềm năng lớn: Khu vực có dự án đền bù tại chỗ, hệ số gấp đôi diện tích - cơ hội tăng giá đã nhìn thấy rõ

📕Sổ đỏ chính chủ đang để tạm ngân hàng, khách cọc chủ tự rút sổ hoặc nhờ khách hỗ trợ đều được",58636363.63636363,6.45,sale,large,5_10b
176045833,132356953,Em cần pass phòng trọ này ạ,3100000,25.0,Quận Bắc Từ Liêm,Phường Phú Diễn,Hà Nội,Phòng trọ,3.0,13 giờ trước,"Dự án: 
Thông tin chi tiết: em pass phòng 17 ngõ 23/72/31 đức diễn
phòng tầng 5 giá 3tr1, ở 1 mình là 3tr vskk, nội thất đầy đủ( điều hoà, bàn ghế, bếp, hút mùi, nóng lạnh), có máy giặt tầng 1
điện 4k/ số, nước 100k/ng, wifi 100k/ phòng, dvu 150k/ng( máy giặt, thang máy, vệ sinh…)
cửa vân tay, giờ giấc tự do
chuyển vào ở luôn được ạ",124000.0,0.0031,sale,very_small,under_1b
175673292,132037482,"Ngõ 262B nguyên. trãi và 212 Khương trung giá 2tr đến 4,8tr ",2000000,16.0,Quận Thanh Xuân,Phường Thượng Đình,Hà Nội,Phòng trọ,3.0,11 giờ trước,"Nhà 7 tầng còn phòng khép kín cho thuê . 

D/c : Ngõ 262b nguyễn trãi và 212 khương trung  Phòng khép kín điều hoà, nóng lạnh phòng to, giường, tủ quần áo , kệ nấu ăn 
giá 2tr khép kín, giường. 
2,3tr  - 2,8tr  - 3,4tr và 4,8tr /tháng . Điện 3,8k/ số, nước 26k/ khối. Đi lại tự do 

Thanh toán tháng 1 lần .",125000.0,0.002,sale,very_small,under_1b
174173983,130759541,CHÍNH CHỦ BÁN NHÀ NGÕ HÒA BÌNH 6 - MINH KHAI - HAI BÀ TRƯNG - HÀ NỘI,5800000000,21.0,Quận Hai Bà Trưng,Phường Minh Khai,Hà Nội,Nhà ở,2.0,12 giờ trước,"CHÍNH CHỦ BÁN NHÀ NGÕ HÒA BÌNH 6 - MINH KHAI - HAI BÀ TRƯNG - HÀ NỘI
Diện tích: 21m2 --- Mặt tiền: 5m
Nhà 4 tầng + lửng , xây khung cột bê tông chắc chắn
Nhà thoáng sáng, phòng nào cũng có ánh sáng tự nhiên
Thiết kế:
Tầng 1: Phòng khách + Bếp + WC
Tầng 2,3, Mỗi tầng 1 phòng ngủ + WC
Tầng 4: Phòng thờ + Sân phơi, view thoáng mát

Ô tô cách nhà ~50m Ngõ thông thoáng, khu dân trí tốt
Gần Times City , trường, chợ

Giá: 5.8 tỷ (có thương lượng) --- Sổ đỏ chính chủ sẵn sàng giao dịch
Liên hệ: Chính chủ A Khánh  ***
*** ( Miễn trung gian , quảng cáo)",276190476.1904762,5.8,sale,very_small,5_10b
173398012,130081678,BÁN CĂN HỘ CHUNG CƯ CAO CẤP IRIS GARDEN,6300000000,61.4,Quận Nam Từ Liêm,Phường Mỹ Đình 1,Hà Nội,Căn hộ/Chung cư,2.0,12 giờ trước,"Bán căn hộ chung cư tại Iris Garden tầng 12B09 có diện tích 61,4m gồm; 2 ngủ, 2wc, khách, bếp full đồ hiện đại, mới. Ban công hướng Nam, cửa hướng Tây Bắc. Sổ đỏ chính chủ. Giá 6,3 tỷ. (đến xem điện thoại trước)",102605863.1921824,6.3,sale,medium,5_10b
176048198,132359085,BÁN NHÀ GẦN TRUNG TẦM THƯƠNG MAI LONH BIÊN 56M2 GIÁ CHỈ HƠN 100TR/M2,9000000000,56.0,Quận Long Biên,Phường Việt Hưng,Hà Nội,Nhà ở,2.0,12 giờ trước,"BÁN NHÀ PHƯỜNG VIỆT HƯNG – LONG BIÊN – Ô TÔ – KINH DOANH – DIỆN TÍCH RỘNG Diện tích: 56m2 Hiện trạng: Nhà tầng cũ – xác định bán đất, tặng nhà
Mặt tiền rộng, dễ thiết kế lại theo nhu cầu
Đường trước nhà ô tô tránh, vào nhà thoải mái
Phù hợp xây tòa căn hộ – văn phòng – nhà ở kết hợp kinh doanh
Khu vực dân cư đông, nhu cầu thuê cao, dòng tiền tốtHạ tầng đồng bộ, gần chợ, trường học, tiện ích đầy đủ 
Sổ đỏ vuông đẹp ",160714285.7142857,9.0,sale,small,5_10b
176052980,132363189,"CỰC HIẾM - CẦN BÁN CHUNG CƯ MINI MỄ TRÌ THƯỢNG 19,0 TỶ - DT 1,3 Tỷ/NĂM",19000000000,75.0,Quận Nam Từ Liêm,Phường Mễ Trì,Hà Nội,Nhà ở,11.0,9 giờ trước,"Nhà xây mới 7 tầng, THANG MÁY HIỆN ĐẠI - LUÔN FULL PHÒNG
Tổng 25 phòng khép kín, khai thác cho thuê hiệu quả, Dt 125 triệu/tháng, 
Vị trí đẹp: gần phố, ô tô tiếp cận thuận tiện

 Thiết kế tối ưu: Có Khu để xe - Khu Sân Phơi - PCCC đầy đủ 

 Trang bị full nội thất: Giường, tủ, bếp, tủ lạnh, điều hòa, nóng lạnh  sẵn sàng khai thác ngay

Pháp lý rõ ràng, sẵn sàng giao dịch nhanh

 Gọi ngay để xem nhà và chốt sớm  sản phẩm dòng tiền tốt luôn có người nhanh tay!
 Inbox ngay để nhận thêm thông tin chi tiết và đầy đủ hình ảnh!",253333333.33333334,19.0,sale,medium,over_10b
171895081,128791487,"Bán vườn tại Phú Diễn, đẹp oto vào tận nơi",750000000,300.0,Quận Bắc Từ Liêm,Phường Phú Diễn,Hà Nội,Đất,3.0,12 giờ trước,"Mình cần bán vườn tại Phú Diễn, khu dân cư đông đúc, nhà cửa san sát, cực yên tĩnh, không khí trong lành. Có thể làm vườn hay kho xưởng ok. Đất gần 300m2, oto vào tận đất rất đẹp. Mặt tiền 5m, đã có cọc bê tông ranh giới rõ ràng. Mình bán hơn 7 trăm, ai cần alo mình sớm nhé. Đất đẹp, đi lại thuận tiện. Mua bán viết tay hoặc vi bằng thoải mái a. Cảm ơn!",2500000.0,0.75,sale,large,under_1b
176050698,132361152,Giá quá hiếm cho khu Cổ Nhuế - Hơn 7 tỷ có ngay nhà đẹp full nội thất,7500000000,30.0,Quận Bắc Từ Liêm,Phường Đông Ngạc,Hà Nội,Nhà ở,5.0,10 giờ trước,"GIÁ QUÁ HIẾM CHO KHU CỔ NHUẾ – VỚI HƠN 7 TỶ CÓ NGAY NHÀ ĐẸP FULL NỘI THẤT

* Thời điểm này tìm được căn nhà tại Cổ Nhuế với mức giá hơn 7 tỷ mà đẹp, đầy đủ nội thất như này thực sự rất khó!
* Chủ nhà đang cần thanh khoản gấp nên giảm sâu thiện chí bán nhanh

* Thông tin căn nhà:
Diện tích: 30m²
Kết cấu: 5 tầng kiên cố, công năng đầy đủ
Chủ tặng lại full nội thất, khách chỉ việc xách vali về ở
Nhà đẹp, sạch sẽ, thiết kế hiện đại, tối ưu không gian

* Vị trí cực tiện:
Cách đường ô tô chỉ khoảng 20m
Ngõ thông thoáng, đi lại thuận tiện
Khu dân trí tốt, an ninh đảm bảo

* Tiện ích xung quanh không thiếu thứ gì:
Gần chợ, siêu thị, trường học
Gần các trường đại học lớn khu Bắc Từ Liêm
Di chuyển nhanh ra Phạm Văn Đồng, Hoàng Quốc Việt, Cầu Giấy

* Giá chỉ  7.5 tỷ – quá tốt cho một căn nhà đẹp khu trung tâm Cổ Nhuế
Nhà đẹp – giá tốt – full nội thất – chủ cần bán nhanh nên cơ hội không có nhiều!
* Lh /Zalo: 0819tamhaitamchintamchin để xem nhà trực tiếp và làm việc chính chủ.",250000000.0,7.5,sale,very_small,5_10b
175044730,131500993,CCMN phòng trọ  trong căn biệt thự Phố Đi Bộ Carnaby,5500000,40.0,Quận Thanh Xuân,Phường Hạ Đình,Hà Nội,Phòng trọ,3.0,9 giờ trước,"Dự án: 
Thông tin chi tiết: 214 Nguyễn xiển còn 1  phòng to rộng + gác xép ở 5-7 người đc, đẹp thoáng full đồ  mới xây mới xong giá 5,5 tr  .
Địa chỉ Số nhà SH 70, khu biệt thự liền kề Phố đi Bộ Car.NaBy  Đi từ phố Tưởng Dân Bảo. (đối diện 64 Triều Khúc). cổng 2 là ngõ 214 nguyễn xiển đi vào .",137500.0,0.0055,sale,small,under_1b
176048274,132359108,NHÀ ĐẸP NGỌC THỤY 5 TẦNG – 5PN – FULL ĐỒ – NGÕ Ô TÔ THÔNG–CHỈ VỀ Ở,13000000,45.0,Quận Long Biên,Phường Ngọc Thụy,Hà Nội,Nhà ở,5.0,12 giờ trước,"🏡✨ NHÀ NGUYÊN CĂN NGỌC THUỴ – FULL NỘI THẤT – 5PN – Ô TÔ TRÁNH – CHỈ XÁCH VALI VỀ Ở ✨🏡
🌹 Cho thuê nhà nguyên căn phố Ngọc Thuỵ, vị trí đẹp gần cầu Long Biên – sát Mipec Riverside – khu dân trí cao, giao thông cực thuận tiện.
📍 Cách đường Hồng Tiến chỉ 100m, ngõ ô tô tránh nhau, thông thoáng.
📐 Diện tích 45m² x 5 tầng
🛏️ Thiết kế 5 phòng ngủ – phù hợp ở gia đình, nhóm chuyên gia hoặc làm văn phòng.
🔹 Công năng: • Tầng 1: Phòng khách, bếp, 1PN, WC
• Tầng 2-3: Mỗi tầng 1PN khép kín
• Tầng 4: 2PN + WC
• Tầng 5: 1 phòng + sân phơi rộng
🛋️ Full nội thất đầy đủ: ✔️ 5 điều hoà
✔️ 4 nóng lạnh
✔️ Giường tủ đầy đủ
✔️ Tủ lạnh, máy giặt
✔️ Bếp từ, hút mùi
✔️ Sofa, bàn ăn…
🎯 Phù hợp: ✅ Hộ gia đình
✅ Nhóm người nước ngoài
✅ Công ty thuê ở kết hợp làm việc
💰 Giá thuê: 🇻🇳 Khách Việt: 13 triệu/tháng
🌍 Khách nước ngoài: 15 triệu/tháng
📄 Thanh toán: Đóng 3 cọc 1 – HĐ lâu dài trên 1 năm.

........ Liên hệ ngay để đ𝐢 𝐱𝐞𝐦 𝟐𝟒/𝟕, và tư vấn miễn phí, làm việc 𝐜𝐡𝐢́𝐧𝐡 𝐜𝐡𝐮̉! ----- #batdongsanlongbien #muabannhadatlongbienOk ạ, em viết lại cho gọn – mượt – dễ chốt nhé 👌 #nhadatlongbien #BánNhà🔥 #BánĐất #LongBiên #ĐầuTư #BấtĐộngSản #BấtĐộngSảnHàNội #xuhuong ——————— ☎️☎️☎️ 𝐋𝐢𝐞̂𝐧 𝐡𝐞̣̂: Nguyễn Hoa Chuyên Bất Động Sản Long Biên / Kho Lớn Nhất / Nhanh Nhất/ Chuyên Nghiệp Nhất.",288888.8888888889,0.013,sale,small,under_1b
175382335,131787721,Phòng trọ bình dân giá rẻ trong làng Phú Mỹ,2700000,25.0,Quận Nam Từ Liêm,Phường Mỹ Đình 2,Hà Nội,Phòng trọ,3.0,12 giờ trước,"Hiện tại nhà mình còn phòng trống cần cho thuê

PHÒNG rộng 24m2 và có riêng phòng bếp bên cạnh, nóng lạnh điều hòa đủ cả

điện 4k/số, nước 100k/người

Khu trọ nhà mình chỗ để xe, sân phơi rộng rãi thoáng mát, an ninh tốt
Xung quanh khu trọ nhiều tạp hóa, giặt là, cắt tóc, vv
Vị trí giữa làng Phú Mỹ cách bến xe Mỹ Đình 700m, THPT Trí Đức 300m, vv",108000.0,0.0027,sale,very_small,under_1b
176053042,132363212,"BÁN NHÀ TIÊN PHƯƠNG, CHƯƠNG MỸ Ô 45M2 Ô TÔ ĐỖ CỬA - GIÁ TỪ 3,83 TỶ",3830000000,45.0,Huyện Chương Mỹ,Xã Tiên Phương,Hà Nội,Nhà ở,4.0,9 giờ trước,"Dự án: 
Thông tin chi tiết: MỞ BÁN CỤM 4 CĂN TIÊN PHƯƠNG, CHƯƠNG MỸ (CÒN 2 CĂN) 🏠 - GIÁ TỪ 3,83 TỶ 
🏠 Vị trí: Nằm trên trục chính huyết mạch liên thôn Quyết Tiến, Tiên Phương, Chương Mỹ, Hà Nội. Ô tô dừng đỗ cửa nhà. 📍
✨ Ưu điểm: Gần ngay chợ, hệ thống trường học các cấp 1-2-3 và ủy ban. Vị trí kinh doanh hoặc ở cực thuận tiện. Bao sang tên sổ đỏ, lắp đặt sẵn công tơ điện nước.
📐 Thông số:
• Căn 1: 45m² x 4 tầng - Giá 3,83tỷ.
• Căn 2: 50m² x 4 tầng - Giá 4,1 tỷ. 💎
⚙️ Phù hợp: Gia đình ở lâu dài, kết hợp kinh doanh nhỏ hoặc đầu tư sinh lời an toàn.
📜 Pháp lý: Sổ đỏ chính chủ, bao phí sang tên, pháp lý sạch, giao dịch ngay.
✨ BĐS Minh Khôi - Thiết kế và xây dựng.
Hỗ trợ bán nhanh nhà - đất - căn hộ Hà Nội.
1️⃣ Sẵn nguồn khách hàng tiềm năng.
2️⃣ Bán nhanh nhất, giá cao nhất.
3️⃣ Bảo mật sự riêng tư tuyệt đối.
4️⃣ Phí môi giới hợp lý nhất.
5️⃣ Hỗ trợ pháp lý toàn diện.
Trân trọng!",85111111.1111111,3.83,sale,small,3_5b
175403927,131806161,"nha tây hồ xuân la 60met 5tầng  chỉ 15, 3tỷ",15300000000,60.0,Quận Tây Hồ,Phường Nhật Tân,Hà Nội,Nhà ở,4.0,4 giờ trước,"🔥 Nhà Xuân La Tây Hồ – Lô Góc Thang Máy – 60m² x 5T – 15.3 Tỷ (Hiếm)
Có những căn nhà… xem để biết,
và có những căn… xem là muốn giữ luôn.
Căn nhà này là kiểu thứ hai.
Dẫn khách đi xem nhiều căn quanh Xuân La,
đến đây thì khách dừng lại ngay từ cửa:
👉 Lô góc 2 mặt thoáng – ánh sáng ngập nhà
👉 Thiết kế hiện đại, thang máy nhập khẩu
👉 Không gian vào là cảm nhận được “chất sống”
Chỉ một câu khách nói:
“Không mua thì tiếc.”
👉 Tầm tiền rất hiếm căn thứ 2 có thang máy + lô góc tại Xuân La
📍 Vị trí
Trung tâm Xuân La – Tây Hồ
Khu dân trí cao, an sinh tốt
Giao thông thuận tiện, kết nối nhanh Võ Chí Công – Lạc Long Quân
📞 Liên hệ
Thuý – Chuyên nhà thổ cư Tây Hồ",255000000.0,15.3,sale,small,over_10b
176057029,132369376,Lô góc phố Trương Định 40m2 x5T 7.8 tỷ ngõ nông sát phố thang máy nhà,7800000000,40.0,Quận Hoàng Mai,Phường Tương Mai,Hà Nội,Nhà ở,3.0,4 giờ trước,"Dự án: 
Thông tin chi tiết: VIP HIẾM 6 TẦNG - THANG MÁY - TRƯỚC NHÀ NGÕ VF3 ĐỖ CỬA - GIÁP DANH HAI BÀ TRƯNG - HOÀNG MAI - CÁCH MP 60M 🌹🌹🌹

Lô góc phố Trương Định 40m2 x5T 7.8 tỷ ngõ nông sát phố thang máy nhà mới sổ CC có TL


🏡 VỊ TRÍ : 
- Gần Bến Xe Giáp Bát , Chợ Đầu Mối Đền Lừ , Các Trường Đại học . 

🏡 Thiết kế : 6 tầng thang máy.
- Tầng 1: Sân để xe , khách, wc.
- Tầng 234 thông sàn khép kín(3 ngủ ).
- Tầng 5 : Phòng thờ, bếp , sân phơi
-Tầng 6: Ban công, sảnh BBQ
📕 Sổ Đỏ Vuông Đẹp, nét căng. 
LH Tú *** để xem nhà 24/7",195000000.0,7.8,sale,small,5_10b
171302873,128279547,Chính chủ bán Căn hộ Cao cấp View Đẹp MHD Trung Văn,9400000000,106.0,Quận Nam Từ Liêm,Phường Trung Văn,Hà Nội,Căn hộ/Chung cư,3.0,11 giờ trước,"Bán Căn hộ 3N Chung cư MHD Trung Văn, Q.NTL.
- Kết cấu: 3 phòng ngủ, 2 WC hiện đại, 1 phòng khách thoáng đãng, 1 bếp riêng biệt
- View đẹp, 2 phòng ngủ đều có view hướng ra đường Tố Hữu
- Thiết bị nội thất đã có đầy đủ, các phòng đều có điều hoà, bếp, hút mùi, tủ, thiết bị vệ sinh hiện đại sang trọng nhập khẩu từ Nhật Bản và Đức
- Căn hộ mới 100% chưa qua sử dụng, đã có sổ đỏ tận tay
- Khu vực mua bán kinh doanh sầm uất, đa dạng. Tiện ích xung quanh đầy đủ.gần chợ, trường, siêu thị...
- Khu dân cư đông thân thiện, an ninh đảm bảo.
Địa chỉ: Căn 3501 Chung cư MHD Trung Văn
Giá: 9.5 Tỷ
Liên hệ: ***",88679245.28301887,9.4,sale,large,5_10b
175379916,131785732,BÁN ĐẤT TẶNG NHÀ – LÊ VĂN HIẾN- ĐÔNG NGẠC- LÔ GÓC 3 THOÁNG,21500000000,80.0,Quận Bắc Từ Liêm,Phường Đức Thắng,Hà Nội,Đất,3.0,10 giờ trước,"BÁN ĐẤT TẶNG NHÀ – LÊ VĂN HIẾN- ĐÔNG NGẠC- LÔ GÓC 3 THOÁNG, Ô TÔ CHẠY VÒNG QUANH.
-Diện tích 80m – mt 13,6 m – giá 21,5 tỷ còn thương lượng.
-Vị trí: Khu phân lô cán bộ, lô góc 3 mặt thoáng, ô tô chạy vòng quanh, khu vực gần nhiều trường ĐH lơn: Học viện tài chính, Đại học mỏ địa chất, HV cảnh sát, y tế công cộng, trường cấp 1,2, chợ …
-Hiện chủ đang cho thuê 4 phòng 12tr/ tháng giữ đất, chủ mới mua đầu tư xây 7 tầng, thang máy kinh doanh gì cũng ra tiền.
-Sổ đỏ chính chủ; giao dịch ngay.
-Khách quan tâm LH sđt: *** – Mr Xuân.",268750000.0,21.5,sale,medium,over_10b
171539033,128486406,"Anh Thuấn Bán Lô Đất Dịch Vụ Aeon Mall Hà Đông – 50m², Vỉa Hè, Ô Tô.",12500000000,50.0,Quận Hà Đông,Phường Dương Nội,Hà Nội,Đất,3.0,13 giờ trước,"Anh Thuấn gửi bán mảnh đất dịch vụ 50m² tại Aeon Mall Hà Đông, vị trí đẹp, đường rộng, vỉa hè thoáng.
Hàng xóm toàn khu đô thị, dân cư đông, tiện ích quanh nhà.
Phù hợp giữ đất – xây nhà – đầu tư lâu dài.
Giá bán: 12,5 tỷ.",250000000.0,12.5,sale,small,over_10b
175877133,132211732,"Bán gấp căn 3PN2WC full đồ đẹp, giá 5,7 tỷ thương lượng",5700000000,76.0,Quận Nam Từ Liêm,Phường Tây Mỗ,Hà Nội,Căn hộ/Chung cư,3.0,6 giờ trước,"Chủ ngộp bank cần bán căn 3PN
Diện tích: 75m
Full nội thất đẹp
Giá: 5,7 tỷ có thương lượng
Liên hệ xem nhà e Thắng",75000000.0,5.7,sale,medium,5_10b
176050788,132361241,"102 Phố Chính Kinh, nhà đẹp ở luôn, KD ngày đêm, oto đỗ cửa, 32m*5 tầ",7000000000,32.0,Quận Thanh Xuân,Phường Nhân Chính,Hà Nội,Nhà ở,4.0,10 giờ trước,"Dự án: 
Thông tin chi tiết: Vị trí đẹp , an ninh tốt ,sát phố ,sát trường học,thuận lợi di chuyển sang các tuyến phố Nguyễn Trãi, Trần Duy Hưng, Lê Văn Lương, Hoàng đạo Thúy, Quan Nhân, Hoàng Ngân, Nguyễn Ngọc Vũ...
Tiện ích đầy đủ không thiếu thứ gì, gần chợ, trường học các cấp... 

🌺 Nhà thiết kế:

+ tầng 1 : phòng khách + bếp + wc

+ tầng 2,3,4 :mỗi tầng 1 phòng+ wc

+ tầng 5: phòng thờ + sân phơi. 

📕Sổ đỏ cất két, sẵn sàng giao dịch.

- LH: Mr Tú *** để được tư vấn và xem nhà.",218750000.0,7.0,sale,small,5_10b
176048397,132359201,"8 Tỷ -   ĐẶNG TIẾN ĐÔNG - VIP ĐỐNG ĐA - 26m x 5T x mt 3,5m",8200000000,26.0,Quận Đống Đa,Phường Trung Liệt,Hà Nội,Nhà ở,3.0,12 giờ trước,"Dự án: 
Thông tin chi tiết: 🆘🆘🆘  Hàng Hiếm, Ô Tô Tải Đỗ Cửa, Kinh Doanh Onl, 2 Thoáng Trước Sau, Trung Tâm Quận Đống Đa, Vị Trí Cực Đẹp, Nhà 5 Tầng Xây Mới 

✅ Thiết kế: 
+ T1 Khách, Bếp, Wc.
+ T2-3-4 ngủ + Wc.
+ T5 Phòng thờ, sân phơi

 ✅ Sổ đỏ nở hậu cất két.",315384615.38461536,8.2,sale,very_small,5_10b
175377515,131783717,Cần bán căn hộ Tập Thể tại Hà Đông 3 Ngủ,2850000000,60.0,Quận Hà Đông,Phường Kiến Hưng,Hà Nội,Căn hộ/Chung cư,3.0,11 giờ trước,"Chính chủ: 
Bán nhà phố- Hà Đông 

Nhà rất gần các TTTM lớn, Chợ, Trường học các cấp, Hồ, bệnh viện, bãi xe...Ngã Tư Sở vô cùng thuận tiện 

Căn hộ Chung cư Tầng 2 rất thuận tiện đi lại, Phố thông ra các tuyến phố: Yên Xá , Cầu Bươu, Phạm Tu, Nguyễn Khuyến,… sầm uất nhất Quận. 

Nhà thiết kế gồm: 
 1 Phòng Khách , 3Phòng ngủ, 1 Khu bếp riêng ,wc 
Full nội thất mới 100%

Khu vực dân trí cao nguyên là phân khu cán bộ cao cấp được nhà nước cấp. Ấm mùa đông, mát mùa hè.

Sổ Đỏ.trao tay chốt liền ngay
Lh *** chủ nhà

Ace trung gian, mg không làm phiền
.xin cám ơn!",47500000.0,2.85,sale,small,1_3b
173992111,130599979,"Cần Bán tòa CCMN 58 m2 tại mặt ngõ 143 Đê Trần Khát Chân, Vĩnh Tuy, HN",10990000000,58.0,Quận Hai Bà Trưng,Phường Thanh Lương,Hà Nội,Nhà ở,7.0,13 giờ trước,"CẦN TIỀN GẤP cần
📣📣📣 Bán Chung cư mini mặt ngõ 143 đường Đê Trần Khát chân
💰Giá chào: 11.5 tỷ - giảm chào hơn 500tr
💰Còn: 1***  (Rẻ nhất phân khúc)
👉 👉 Hiện đang có 7 phòng cho thuê, doanh thu 35tr / tháng. Quý khách mua về có thể sử dụng cho thuê tiếp hoạc vừa ở vừa cho thuê, tùy theo nhu cầu
👉 Đường rộng, thuận tiện đi lại, cách phố 15m, cách chợ 15m - rất gần, tiện ích xung quanh bạt ngàn

👉 Vị trí đẹp, cách mặt phố và chợ 15m, lúc nào cũng cháy phòng, dân đông đúc, cực kỳ sầm uất, gần trường trung học Hai Bà Trưng, phố Trần Khát Chân, Nguyễn Khoái, Minh Khai.
--> Khách đuổi đi không hết.
👉 Sổ đỏ chính chủ, sẵn sàng giao dịch.
👉 Đang cho thuê dòng tiền

Đi lại thuận tiện, thông thương tuyệt vời.
☎️ Quý Khách xem phòng inbox tôi (chủ nhà) zalo số *** (hoạc gọi trực tiếp) - Xin cảm ơn bạn đã đọc tin !",189482758.62068966,10.99,sale,small,over_10b
176053192,132363317,BÁN NHÀ TT QUANG MINH - MÊ LINH - Ô TÔ ĐỖ CỬA- LOANH QUANH 3 TỶ,3200000000,40.0,Huyện Mê Linh,Thị trấn Quang Minh,Hà Nội,Nhà ở,2.0,9 giờ trước,"Bạn đang tìm một căn nhà ở ngay, không phải sửa sang, vừa đủ ấm cúng cho gia đình trẻ nhưng vẫn thoải mái cho nhiều thế hệ?
Chính chủ cần bán gấp Nhà 3 tầng  tại  Quang Minh, Mê Linh
- Ngõ rộng, thoáng sáng, ô tô vào tận cửa.
 - Vị trí gần các trục đường lớn như đường 100 Mê Linh, đường Vành đai 3.5.
Chỉ 5p tới khu công nghiệp Quang Minh, 3 phút tới trường mầm non, tiểu học Quang Minh A, trường cao đẳng Y Dược Tuệ Tĩnh...
Đi nội đô chỉ 25p, sân bay chỉ 20p. Giao thông rất thuận tiện.
Khu dân trí cao, hàng xóm thân thiện, an ninh đảm bảo.
💡 Đây là lựa chọn hiếm có cho gia đình trẻ muốn an cư ngay hoặc nhiều thế hệ cùng sống thoải mái, vừa tiện sinh hoạt vừa có tiềm năng tăng giá.
Giá chỉ 3.2 tỷ có thương lượng cho khách thiện chí.
",80000000.0,3.2,sale,small,3_5b
176050800,132361270,"12 Tỷ - THỊNH QUANG - VIP ĐỐNG ĐA - 50m x 3T x mt 6,8",12100000000,50.0,Quận Đống Đa,Phường Thịnh Quang,Hà Nội,Nhà ở,3.0,10 giờ trước,"Dự án: 
Thông tin chi tiết: ⭐️ NHÀ 2 MẶT NGÕ THÔNG - Ô TÔ ĐỖ CỬA - MẶT TIỀN SIÊU RỘNG - 2 THOÁNG, KINH DOANH TỐT -  NHÀ ĐẸP CHẮC CHẮN Ở NGAY💥
- Cách mặt ngõ Thịnh Quang 3m, lô góc cực thoáng. Nhà chủ tự xây chắc chắn, mới sơn lại tính ở nhưng do điều kiện công việc nên muốn bán đổi vị trí cho thuận tiện, chủ sơn sửa lại rất kĩ khách mua về ở ngay.

⭐️ Thiết kế:
- Tầng 1: Phòng khách - Bếp - Wc 
- Tầng 2: 2 ngủ - 1 Wc
- Tầng 3: 1 ngủ - 1 Wc - Phòng thờ - Sân phơi
📕 Sổ đỏ đẹp chính chủ",242000000.0,12.1,sale,small,over_10b
176050846,132361286,"Bán căn hộ tập thể ngõ 122 Mai Dịch, 80m2, 3 ngủ, 2 wc, full nội thất.",4780000000,80.0,Quận Cầu Giấy,Phường Mai Dịch,Hà Nội,Căn hộ/Chung cư,3.0,10 giờ trước,"Chủ nhà cần bán căn hộ tập thể ngõ 122 Mai Dịch, lô góc 3 mặt thoáng.
Diện tích: 80m2, thiết kế: 3 phòng ngủ, 1 phòng khách, 1 bếp, 2 wc.
Nội thất đầy đủ, khách chỉ xách vali vào ở.
Gần chợ Đồng Xa, trường Mầm non Mai Dịch, cấp 1, cấp 2 Mai Dịch..
Sổ đỏ chính chủ
Giá bán: 4.78 tỷ có thỏa thuận

",59750000.0,4.78,sale,medium,3_5b
173963989,130575433,"MẶT PHỐ ĐƯỜNG GIÁP BÁT, HOÀNG MAI - 195M ĐẤT- SIÊU RẺ - SIÊU RỘNG",26200000000,194.0,Quận Hoàng Mai,Phường Giáp Bát,Hà Nội,Nhà ở,11.0,13 giờ trước,"***Siêu Sốc ---> Mặt Phố giá chỉ 134tr / Mét đất
📣📣📣 Bán nhà mặt phố đường Giáp Bát - Hoàng Mai - Hà Nội - Việt Nam ( Mặt đường rộng 2 ô tô tránh nhau thoải mái ), sầm uất, xây tòa nhà, 195m².
💰Giá chào: 32 tỷ giảm gần 6 tỷ, 
💰Còn: 26.2 tỷ - chỉ 134tr / mét vuông đất
👉 👉 Hiện đang có 13 phòng cho thuê, doanh thu 85tr / tháng. 
👉 Đường rộng, thuận tiện kinh doanh.
👉 Xây tòa nhà văn phòng thì đẹp nhất khu vực.
👉 Vị trí siêu đẹp, mặt đường Giáp Bát đoạn sầm uất nhất, gần đường Tân Mai, Giải phóng, Bờ Sông Sét, Trương Định
👉 Đường rộng, đông dân, sầm uất ngày đêm.
👉 Sổ đỏ chính chủ, sẵn sàng giao dịch.
👉 Đang cho thuê dòng tiền
==> 👍👍👍 Tuyến phố Tân Mai, Giải phóng đang cải tạo mở rộng làm đường hầm, đường rộng thênh thang, vị thế nhà tương lai rất đẹp.
Đi lại thuận tiện, thông thương tuyệt vời.
☎️ Quý Khách xem phòng inbox tôi (chủ nhà) zalo số *** (hoạc gọi trực tiếp) - Xin cảm ơn bạn đã đọc tin !",135051546.39175257,26.2,sale,large,over_10b
175905847,132236369,"CHÍNH CHỦ CẦN BÁN ĐẤT 74,9 M2, GẦN KHU CNC, GẦN ĐƯỜNG LỚN",3300000000,74.9,Huyện Thạch Thất,Xã Đồng Trúc,Hà Nội,Đất,3.0,13 giờ trước,"Đất 74,9 m2 gồm 60m2 đất ở và 14,9 m2 đất trồng cây lâu năm
Mặt tiền > 4m, Dài 18.8m
Hẻm rộng > 3m
Đất gần khu CNC, Hẻm gần đường lớn",44058744.99332443,3.3,sale,medium,3_5b
175561013,131941459,cãn hộ đủ đồ trúc bạch - quán thánh,5500000,30.0,Quận Ba Đình,Phường Trúc Bạch,Hà Nội,Căn hộ/Chung cư,1.0,9 giờ trước,"Dự án: 
Thông tin chi tiết: Chính chủ cho thuê căn hộ đủ đồ khu hồ Trúc Bạch - Châu Long - Quán Thánh. 35 - 40 m² có loại phòng chia 1 phòng ngủ 1 phòng khách và căn hộ studio khép kín có ban công điều hòa, nóng lạnh, tivi, tủ lạnh, bếp, bát đũa,... Chỉ việc đến ở. Căn hộ có ban công thoáng mát. Vài bước ra hồ Trúc Bạch mát lộng. Khu phố văn minh dịch vụ gì cũng có. Ô tô đỗ cửa. Đi lại có chìa khóa riêng.",183333.33333333334,0.0055,sale,very_small,under_1b
176050875,132361322,"CHUNG CƯ NGUYỄN ĐỨC CẢNH – 86M² CĂN GÓC THOÁNG SÁNG CHỈ 5,4 TỶ",5400000000,86.0,Quận Hoàng Mai,Phường Tương Mai,Hà Nội,Căn hộ/Chung cư,2.0,10 giờ trước,"CHUNG CƯ NGUYỄN ĐỨC CẢNH – 86M² CĂN GÓC THOÁNG SÁNG CHỈ 5,4 TỶ 

+ Vị trí đẹp tại Nguyễn Đức Cảnh, Hoàng Mai – trung tâm tiện ích, sống cực tiện
+ Diện tích rộng 86m² thiết kế 2 ngủ 2 vệ sinh, dễ cải tạo thành 3 ngủ
+ Căn góc thoáng sáng, phòng nào cũng đón ánh sáng tự nhiên
+ Gần hồ Đền Lừ, không gian sống xanh mát, tập thể dục thư giãn mỗi ngày
+ Sổ đỏ chính chủ – sang tên nhanh gọn
+ Giá chỉ 5,4 tỷ
+ Liên hệ *** xem nhà trực tiếp",62790697.674418606,5.4,sale,medium,5_10b
176060460,132369518,"Hót Phố Cự lộc, nhà đẹp ở luôn, cách 30m oto tránh, tiện ích bạt ngàn,",7200000000,39.0,Quận Thanh Xuân,Phường Nhân Chính,Hà Nội,Nhà ở,4.0,4 giờ trước,"Dự án: 
Thông tin chi tiết: Vị trí đẹp , an ninh tốt ,sát phố ,sát trường học,thuận lợi di chuyển sang các tuyến phố Nguyễn Trãi, Trần Duy Hưng, Lê Văn Lương, Hoàng đạo Thúy, Quan Nhân, Hoàng Ngân, Nguyễn Ngọc Vũ...
Tiện ích đầy đủ không thiếu thứ gì, gần chợ, trường học các cấp... 

🌺 Nhà thiết kế:

+ tầng 1 : phòng khách + bếp + wc

+ tầng 2,3,4 :mỗi tầng 1 phòng+ wc

+ tầng 5: phòng thờ + sân phơi. 

📕Sổ đỏ cất két, sẵn sàng giao dịch.

- LH: Mr Tú *** để được tư vấn và xem nhà.",184615384.6153846,7.2,sale,small,5_10b
176060411,132369522,"BÁN NHÀ TỨ HIỆP, THANH TRÌ – LÔ GÓC 62M² – Ô TÔ VÀO NHÀ – HƠN 10 TỶ",10500000000,62.0,Huyện Thanh Trì,Xã Tứ Hiệp,Hà Nội,Nhà ở,3.0,4 giờ trước,"🔥 BÁN NHÀ TỨ HIỆP, THANH TRÌ – 62M² – Ô TÔ VÀO NHÀ – LÔ GÓC 🔥

📍 Vị trí đẹp trung tâm Tứ Hiệp, Thanh Trì, gần Ngọc Hồi, Giải phóng, B.xe Nước Ngầm, B.viện nội tiết TW chợ trường học xung quanh, tiện ích đầy đủ, ở cực sướng.

✨ Diện tích 62m²
✨ Nhà 3 tầng khung BTCT chắc chắn
✨ Lô góc 2 thoáng, mặt tiền rộng
✨ Ngõ thẳng tắp, ô tô vào nhà, cách 30m ra chợ thị trấn Văn Điển

🏡 3 phòng ngủ đủ công năng sử dụng.

💎 Khu dân cư văn minh, gần chợ, trường học, trung tâm hành chính Thanh Trì, giao thông thuận tiện.

📕 Sổ đỏ riêng, pháp lý chuẩn.

☎️ Liên hệ Hiệu BĐS Thổ cư - ***

#bannhatuhiep #bannhathanhtri #nhadatthanhtri #bannhaotovao #nhadeptuhiep #bdsthocu #muabannhathanhtri #nhadatngochoi #nhalinhdam",169354838.70967743,10.5,sale,medium,over_10b
175718773,132076669,"Tôi bán chung cư của mình tại Hemisco xala cạnh bv K, quân y 103",5100000000,79.5,Quận Hà Đông,Phường Phúc La,Hà Nội,Căn hộ/Chung cư,2.0,14 giờ trước,"Dự án: 
Thông tin chi tiết: Tôi chính chủ bán chung cư cao cấp tại Hemisco xala, nhà ở căn hộ tầng trung, thoáng mát, nội thất tôi rất chăm chút, tỉ mỉ từng góc một. Tiện ích xung quanh ngập tràn, siêu thị lớn, chợ dân sinh, phòng tập tất cả đều all in one. Trẻ con người lớn chạy bộ xung quanh khu toà nhà. Cách 3 bước là đến trường học từ trường công đến trường quốc tế. Cấp 1,2,3 đầy đủ. Học viện quân y, CĐ kinh tế, bệnh viện lớn.",64150943.39622641,5.1,sale,medium,5_10b
175733413,132088996,🔥 100M² FULL THỔ CƯ – Ô TÔ VÀO TẬN CỬA – GIÁ 5.32 TỶ 🔥  📍 Vị trí đẹp –,5320000000,100.0,Huyện Đông Anh,Xã Xuân Nộn,Hà Nội,Đất,3.0,11 giờ trước,"Dự án: 
Thông tin chi tiết: Dự án: 
Thông tin chi tiết: 📍 Vị trí đẹp – khu vực đang phát triển mạnh
📐 Diện tích: 100m² – MT 8.03m cực thoáng

💎 Lợi thế nổi bật:
✔️ Đường trước đất rộng, ô tô 5 chỗ vào tận cửa
✔️ Mặt tiền đẹp – dễ xây ở, làm nhà vườn hoặc đầu tư chia lô
✔️ Khu vực dân cư đông, tiềm năng tăng giá tốt
✔️ Vài bước ra khu bia làng – không gian sống thoáng mát

📜 Pháp lý chuẩn – sẵn sàng giao dịch ngay

💰 Giá: 5.32 tỷ (có thương lượng nhẹ)

⚡ Sản phẩm diện tích đẹp – mặt tiền rộng – rất dễ bán lại
📞 Liên hệ ngay trước khi chủ đổi ý!",53200000.0,5.32,sale,medium,5_10b
175886876,132220072,PHÒNG MỚI TINH FULL NỘI THẤT – GẦN GIẢI PHÓNG,4500000,30.0,Quận Thanh Xuân,Phường Phương Liệt,Hà Nội,Phòng trọ,3.0,7 giờ trước,"Địa chỉ: 106 ngõ 1 Phan Đình Giót, Phường Phương Liệt, Quận Thanh Xuân, Hà Nội
Giá: 4.5 triệu/tháng, vào ở luôn
Diện tích: 30m² – rộng rãi, ở cực thoải mái
Nhà mới xây 100%, phòng cực sạch – sáng – thoáng
•	Ban công giếng trời riêng, cửa sổ lớn → ánh sáng tự nhiên
•	Bếp + tủ bếp riêng (nấu ăn thoải mái, không ám mùi)
•	WC khép kín hiện đại, sạch sẽ
•	Nội thất có sẵn: Giường tủ, Điều hòa 2 chiều, Tủ lạnh, Bình nóng lạnh, Máy lọc nước, Tủ bếp, chậu rửa
TIỆN ÍCH & AN NINH
•	Camera 24/7, khóa vân tay
•	Công tơ điện nước riêng (minh bạch)
•	Thang riêng – không chung chủ (rất thoải mái)
•	Chỗ để xe rộng rãi
•	Vị trí đẹp gần Giải Phóng – di chuyển cực tiện
•	Xung quanh đầy đủ: ăn uống, siêu thị, tiện ích
LIÊN HỆ NGAY ***
",150000.0,0.0045,sale,very_small,under_1b
176050965,132361384,"Hiếm Phố Quan Nhân, nhà đẹp ở luôn, KD, oto đỗ cửa, 30m*5 tầng",7000000000,30.0,Quận Thanh Xuân,Phường Nhân Chính,Hà Nội,Nhà ở,4.0,10 giờ trước,"Dự án: 
Thông tin chi tiết: Vị trí đẹp , an ninh tốt ,sát phố ,sát trường học,thuận lợi di chuyển sang các tuyến phố Nguyễn Trãi, Trần Duy Hưng, Lê Văn Lương, Hoàng đạo Thúy, Quan Nhân, Hoàng Ngân, Nguyễn Ngọc Vũ...
Tiện ích đầy đủ không thiếu thứ gì, gần chợ, trường học các cấp... 

🌺 Nhà thiết kế:

+ tầng 1 : phòng khách + bếp + wc

+ tầng 2,3,4 :mỗi tầng 1 phòng+ wc

+ tầng 5: phòng thờ + sân phơi. 

📕Sổ đỏ cất két, sẵn sàng giao dịch.

- LH: Mr Tú *** để được tư vấn và xem nhà.",233333333.33333334,7.0,sale,very_small,5_10b
176015393,132330665,"Siêu phẩm đất đẹp Phúc Lợi – vị trí tiềm năng tăng giá mạnh!

hot hot!",6950000000,55.0,Quận Long Biên,Phường Phúc Lợi,Hà Nội,Đất,3.0,12 giờ trước,"Siêu phẩm đất đẹp Phúc Lợi – vị trí tiềm năng tăng giá mạnh!

Dt 55m², mặt tiền rộng 6,4m cực đẹp, chỉ vài bước ra đường oto tránh. Mảnh đất thoáng sáng, vuông vức, nằm cạnh khu Rubicity, giáp mặt đê Vàng – khu vực đang phát triển từng ngày.

Tiện ích bạt ngàn: gần trường học, chợ, giao thông thuận tiện, ở sướng hoặc đầu tư đều cực kỳ hợp lý. Đặc biệt khi đê Vàng mở rộng thành mặt đường lớn, giá trị bất động sản sẽ còn tăng cao trong tương lai.

Tc chưa đến 7 tỷ, có thương lượng mạnh cho khách thiện chí.

Sổ đỏ sẵn sàng giao dịch ",126363636.36363636,6.95,sale,small,5_10b
176046251,132357295,"KHƯƠNG TRUNG, THANH XUÂN - Ở LUÔN - GIÁ RẺ",7000000000,35.0,Quận Thanh Xuân,Phường Khương Đình,Hà Nội,Nhà ở,3.0,13 giờ trước,"KHƯƠNG TRUNG, THANH XUÂN - Ở LUÔN - GIÁ RẺ
 
Diện tích 35m²,  Giá chào 7 TỶ ~ 200tr/m² - Mặt tiền 3.5 lận

👉 BÁN NHÀ KHƯƠNG TRUNG -VỊ TRÍ CỰC HIẾM -3 BƯỚC RA Ô TÔ - FULL NỘI THẤT NGÕ NÔNG - THOÁNG

👉Ngõ 211 Khương Trung nút giao thông kết nối nhanh Ngã Tư Sở, Hoàng Văn Thái, Vương Thừa Vũ...

Đỗ xe Vị trí nhà mình rất đẹp gần ô tô chỉ 50m ra mặt ngõ 211 oto tránh, kinh doanh và vài bước đã ra đến Đầm Hồng, Vành đai 2.5

• Thiết kế:
+ Tầng 1: Phòng khách, bếp, phòng ăn, wc nội thất cơ bản
+Tầng 2 : 2 ngủ+ vs giữa
+Tầng3: 1 phòng+ vs+ sân phơi
+Tầng 4: tum -phòng thờ+ phòng nhỏ

📕 Sổ đỏ nở hậu 
LH: Mr Quang Hà ***
(16)",200000000.0,7.0,sale,small,5_10b
175870112,132205747,Nhà tập thể chính chủ quận Hai Bà - Hà Nội 3ngủ 2vs,3340000000,57.0,Quận Hai Bà Trưng,Phường Quỳnh Mai,Hà Nội,Căn hộ/Chung cư,3.0,13 giờ trước,"  Nhà tập thể chính chủ quận Hai Bà - Hà Nội 3ngủ 2vs đầy đủ bình NL, ĐH, Wifi cáp quang, đủ đồ về ở luôn tiện lợi. Căn tầng4 cầu thang thông tầng trong nhà, View thoáng sáng tuyệt vời, nhà khô đẹp không lo ngấm như các nhà tầng dưới, tường xây chắc chắn, 57m ánh sáng tự nhiên khắp các phòng, toà mặt phố chính ô tô đỗ cửa, kinh doanh sầm uất, nhiều nhà hàng, chợ, cafe, Siêu thị .v..v.. Gần bệnh viện, các trường học Top đầu, tiện ích ngập tràn, không thiếu thứ gì. Sổ đỏ chính chủ cầm tay, có ảnh nhà thực tế trên tin đăng.",58596491.22807018,3.34,sale,small,3_5b
176046266,132357327,"Bán gấp nhà riêng 3PN, 3WC, 53m2 tại Hưng Đạo, Quốc Oai, Hà Nội",5150000000,53.0,Huyện Quốc Oai,Xã Đại Thành,Hà Nội,Nhà ở,3.0,13 giờ trước,"Nhà riêng Xã Hưng Đạo, Hà Nội (địa chỉ cũ: Đại Thành,Huyện Quốc Oai, Hà Nội) - với thiết kế hiện đại và tiện nghi, là lựa chọn lý tưởng cho gia đình.
- Diện tích: 53m²
- Số tầng: 3
- Số phòng ngủ: 3PN
- Số toilet: 3WC
- Pháp lý: đầy đủ
- Nội thất: đầy đủ, bao gồm điều hòa, tủ lạnh, giường...

Đặc biệt, nhà nằm ở vị trí thuận tiện, cách trường học 400m, oto qua cửa, cách khu đô thị Đô Nghĩa 3km, cách bến xe Yên Nghĩa 5km, mang lại cuộc sống thoải mái và dễ dàng di chuyển. Pháp lý đầy đủ, đảm bảo sự an tâm cho người mua.",97169811.32075472,5.15,sale,small,5_10b
176060550,132369620,"BÁN NHÀ THANH TRÌ – 50M² –5 TẦNG – GARA Ô TÔ – FULL NỘI THẤT, HƠN 7 TỶ",7850000000,50.0,Huyện Thanh Trì,Xã Ngũ Hiệp,Hà Nội,Nhà ở,5.0,3 giờ trước,"🔥 BÁN NHÀ TRUNG TÂM THANH TRÌ – 50M² – 5 TẦNG – GARA Ô TÔ VÀO NHÀ – HƠN 7 TỶ 🔥

🏡 Căn nhà cực phù hợp cho gia đình trẻ cần không gian rộng, khu vực an sinh tốt và giao thông thuận tiện.

📍 Vị trí trung tâm Thanh Trì, ngõ thông thoáng, ô tô chạy vòng quanh, di chuyển nhanh ra Ngọc Hồi, Tứ Hiệp, Linh Đàm, Giải Phóng.

✨ Diện tích 50m²
✨ Nhà 5 tầng thiết kế hiện đại
✨ Gara ô tô vào nhà cực tiện
✨ Ngõ thông, dân trí cao, an ninh tốt
✨ Nhà thoáng sáng, công năng đầy đủ cho gia đình nhiều thế hệ

💎 Tiện ích xung quanh không thiếu gì:
✔️ Gần chợ, trường học, trung tâm hành chính
✔️ Gần bến xe Nước Ngầm, Linh Đàm
✔️ Khu dân cư đông đúc, ở cực thích

📕 Sổ đỏ riêng, pháp lý chuẩn.

☎️ Hiệu BĐS Thổ cư - ***

#bannhathanhtri #bannhatuhiep #nhagaraoto #nhad",157000000.0,7.85,sale,small,5_10b
176003137,132320469,"P. Trọ khép kín có gác xép gần Ga, Bến xe Gia Lâm",2800000,40.0,Quận Long Biên,Phường Bồ Đề,Hà Nội,Phòng trọ,3.0,10 giờ trước,"Dự án: 
Thông tin chi tiết: Dự án: 
Thông tin chi tiết: Phòng trọ khép kín có gác xép cao rộng, thoáng mát ấm áp về mùa đông mát về mùa hè.
Khu bếp nấu riêng biệt sạch sẽ 
Có điều hoà hai chiều, bình tắm nóng lạnh, sen vòi 
Điện, nước máy sạch, Intenet Wifi đầy đủ
Hành lang lối đi riêng không chung với chủ
Giờ gấc tự do
Chính chủ cho thuê cam kết mô tả đúng theo hình ảnh đã gửi.",70000.0,0.0028,sale,small,under_1b
176063011,132371672,Bán nhà  Hồ Tùng Mậu :giá 8  tỷ,8000000000,35.0,Quận Cầu Giấy,Phường Mai Dịch,Hà Nội,Nhà ở,4.0,22 phút trước,"Dự án: 
Thông tin chi tiết: Bán nhà Hồ Tùng Mậu 
Diện tích :35 m
5 tầng ,
Sổ đỏ chính chủ 
Full nội thất 
Vị trí :gần công viên ,gần chợ ,gần trường đại học ,tiện ích xung quanh 
Lh :***",228571428.57142857,8.0,sale,small,5_10b
175788764,132136167,LƯƠNG KHÁNH THIỆN : 50M - 5 TẦNG,8000000000,50.0,Quận Hoàng Mai,Phường Hoàng Văn Thụ,Hà Nội,Nhà ở,3.0,11 giờ trước,"GẦN HỒ , CÔNG VIÊN , CHỢ . KHU VỰC DÂN TRÍ CAO , NGÕ THÔNG BA GÁC ĐỖ CỬA 
GỌI NGAY EM HIẾU ***  ĐỂ ĐƯỢC TƯ VẤN ",160000000.0,8.0,sale,small,5_10b
176022820,132365544,Có thể vào ở luôn Số 9 ngõ 803 đường Giải Phóng,3000000,20.0,Quận Hoàng Mai,Phường Giáp Bát,Hà Nội,Phòng trọ,3.0,7 giờ trước,"😍Còn phòng trống cho thuê ( Có thể vào ở luôn )}}
{{🤩Vị Trí : Số 9 ngõ 803 đường Giải Phóng}}
🍀Giá : 3tr /phòng đầy đủ: nóng lạnh, điều hòa, giường tủ, Bếp Từ, Ấm siêu tốc
🍀Gần các trường đại học KTQD, ĐHBK, ĐHXD, ĐHYHN
🍀chỗ để xe T1
🍀Giờ giấc thoải mái, không chung chủ
🍀Ngay ngõ chợ, gần trung tâm, gần phố xá đông đúc
🍀Giá điện : 4k/số
🍀Nước: dùng bn chia đầu người
🍀Dịch Vụ:
150k/người gồm: rác, để xe, điện hành lang, vệ sinh chung 2 lần/ tháng, máy giặt
LH: ***
",150000.0,0.003,sale,very_small,under_1b
175605705,131986666,nhà ở full đồ tại phố Pháo Đài Láng,3500000,30.0,Quận Đống Đa,Phường Láng Thượng,Hà Nội,Nhà ở,1.0,10 giờ trước,"Dự án: 
Thông tin chi tiết: Cần cho thuê căn phòng T3 diện tích 25-30 mét của  ngôi nhà 4 tầng . có điều hòa, quạt trần , nóng lạnh full đồ . tại phố Pháo Đài Láng  phường Láng gần các trường đại hoc, trung tâm thương mại, chợ . Giao thông thuận tiện, giá 3tr đến 3,5 tr/ 1 phòng.",116666.66666666667,0.0035,sale,very_small,under_1b
176058166,132367595,chính chủ cần bán,5500000000,70.0,Quận Hoàng Mai,Phường Hoàng Liệt,Hà Nội,Căn hộ/Chung cư,2.0,6 giờ trước,"Dự án: 
Thông tin chi tiết: Chính chủ cần bán CHCC tại k khu u X2 linh đàm",78571428.57142857,5.5,sale,medium,5_10b
176050061,132361468,"CHUNG CƯ NGUYỄN ĐỨC CẢNH – 86M² CĂN GÓC THOÁNG SÁNG CHỈ 5,4 TỶ",5400000000,86.0,Quận Hoàng Mai,Phường Tương Mai,Hà Nội,Căn hộ/Chung cư,2.0,10 giờ trước,"CHUNG CƯ NGUYỄN ĐỨC CẢNH – 86M² CĂN GÓC THOÁNG SÁNG CHỈ 5,4 TỶ 

+ Vị trí đẹp tại Nguyễn Đức Cảnh, Hoàng Mai – trung tâm tiện ích, sống cực tiện
+ Diện tích rộng 86m² thiết kế 2 ngủ 2 vệ sinh, dễ cải tạo thành 3 ngủ
+ Căn góc thoáng sáng, phòng nào cũng đón ánh sáng tự nhiên
+ Gần hồ Đền Lừ, không gian sống xanh mát, tập thể dục thư giãn mỗi ngày
+ Sổ đỏ chính chủ – sang tên nhanh gọn
+ Giá chỉ 5,4 tỷ
+ Liên hệ *** xem nhà trực tiếp",62790697.674418606,5.4,sale,medium,5_10b
174487490,131028221,MẶT NGÕ CHÍNH GIÁP BÁT - MẶT TIỀN 5.4M - KINH DOANH ĐỈNH - 6.86 TỶ,6860000000,22.0,Quận Hoàng Mai,Phường Giáp Bát,Hà Nội,Nhà ở,3.0,12 giờ trước,"MẶT NGÕ CHÍNH GIÁP BÁT - MẶT TIỀN 5.4M - KINH DOANH ĐỈNH - 6.86 TỶ 🔥
Vị trí kinh doanh đắc địa: Nhà nằm ngay mặt ngõ 12x Giáp Bát, vị trí sầm uất, dân cư qua lại tấp nập. Khu vực phát triển chóng mặt, gần nhiều trường đại học, bến xe và chợ.
Mặt tiền ""Hoa hậu"": Sở hữu mặt tiền rộng lên tới 5.38m, cực kỳ hiếm có, lý tưởng để mở tiệm Nail, Spa, Tóc, hoặc cửa hàng tạp hóa, thuốc tây.
Thông số & Hướng đẹp:
Diện tích: 22m².
Số tầng: 4 tầng chắc chắn.
Hướng: Chính Nam mát mẻ, đón tài lộc.
Nhà mới - Ở luôn: Thiết kế hiện đại, chủ tặng lại Full nội thất cao cấp, khách mua chỉ việc xách vali về vừa ở vừa kinh doanh ngay.
Công năng đầy đủ:
Tầng 1: Khu vực kinh doanh/Khách, bếp, WC.
Tầng 2, 3: Mỗi tầng 1 phòng ngủ rộng + WC.
Tầng 4: Phòng thờ và sân phơi.
Pháp lý chuẩn: Sổ đỏ chính chủ, vuông đẹp, sẵn sàng giao dịch.
Giá bán: 7.86 tỷ (Mặt ngõ kinh doanh, tầm tài chính hiếm).
Alo Em: *** Thuận Property
(Xem nhà và tư vấn phương án kinh doanh 24/7!)",311818181.8181818,6.86,sale,very_small,5_10b
176022680,132336921,Gia Đình Em Cần bán gấp lô đất sát với ĐH FPT và Đại Học Quốc Gia ,2560000000,68.0,Huyện Thạch Thất,Xã Đồng Trúc,Hà Nội,Đất,3.0,8 giờ trước,"Cần tiền bán gấp mảnh đất đẹp tại HÒA LẠC THẠCH THẤT 
Diện tích : 67,8m mặt tiền 5m hậu 5m vuông như bánh chưng.đường trước đất cách 10m 3 ô tô tránh nhau thoải mái.gần các trường đại học,chợ,khu vui chơi...tiện ích đầy đủ,sổ đỏ cất két sẵn sàng công chứng trong ngày
Em bán gấp ( do đang cần tiền nên em bao sang tên cho bác nào thiện chí)
Lh chính chủ ( các bác quan tâm gọi trực tiếp giúp em,ko tiếp môi giới ạ)
",37647058.823529415,2.56,sale,medium,1_3b
176063092,132371739,CĂN HỘ CCMN - NGAY GẦN ĐẠI HỌC Y - ĐH NGÂN HÀNG - 45m - 2 tỷ,2000000000,45.0,Quận Thanh Xuân,Phường Khương Đình,Hà Nội,Căn hộ/Chung cư,2.0,11 phút trước,"Dự án: 
Thông tin chi tiết: CĂN HỘ CCMN - NGAY GẦN ĐẠI HỌC Y - ĐH NGÂN HÀNG - 45m - 2 tỷ

  Một nhà ra phố, căn hộ phù hợp gia đình trẻ. Vị trí trung tâm Đống Đa, gần các trường Đại học, THCS Khương Thượng, Đại Học Y.
  Đầy đủ PCCC , thang thoát hiểm, an toàn tuyệt đối , an ninh bảo vệ 24/24.
- Tòa nhà thiết kế 8 tầng, thang máy.
- Thiết kế công năng hợp lý :
• 01 Ngủ
• 01 WC
• Phòng khách + bếp + khu ăn uống riêng biệt, tiện sinh hoạt

Pháp lý: Sổ đỏ chung cả tòa.",44444444.44444445,2.0,sale,small,1_3b
176022665,132336942,"HIẾM NHÀ LONG BIÊN MẶT TIỀN 7M - Ô TÔ TRÁNH - GẦN HỒ - 20,X TỶ",20900000000,91.0,Quận Long Biên,Phường Long Biên,Hà Nội,Nhà ở,4.0,12 giờ trước,"Đến một giai đoạn, nhiều người không còn tìm nhà chỉ để ở, mà bắt đầu muốn một nơi khiến mình thấy nhẹ hơn khi trở về sau một ngày dài. Nơi đó có hồ, gió và đủ gần nội đô Hà Nội.
Căn nhà này nằm bên trong đê Xuân Quan - Long Biên, cách hồ nội khu khoảng 20m. Chủ nhân chỉ cần vài phút đi bộ là lên đê sông Hồng đón gió. Khu dân cư khá yên tĩnh, đường xá thoáng và an ninh tốt.
Thông tin cụ thể:
- Diện tích 91m², mặt tiền 7m, sâu 13m vuông đẹp, đường trước nhà rộng 9m có vỉa hè, ô tô tránh thoải mái.
- Nhà xây 4 tầng chắc chắn, có gara ô tô trong nhà, móng cọc có thể nâng thêm tầng.
- Nội thất gỗ phong cách Đông Dương, nhiều cây và hoa, ánh sáng tự nhiên khá đẹp và dễ chịu.
- Từ đây vào nội đô Hà Nội khoảng 20 phút, kết nối cầu Vĩnh Tuy, Thanh Trì, sân bay và cao tốc đều thuận tiện.
- Gần Aeon Mall, trường học, chợ dân sinh và nhiều tiện ích lớn của Long Biên. Phù hợp gia đình nhiều thế hệ, vừa ở vừa làm văn phòng hoặc kinh doanh nhẹ.
- Trong phân khúc xung quanh 20 tỷ tại Long Biên, với mặt tiền 7m, căn nhà này chắc chắn tạo lợi thế rất lớn cho khách mua khai thác lâu dài: mở văn phòng, công ty/showroom nhỏ/spa, lớp học/vừa ở nhiều thế và tích sản giữ giá trị bền vững.
- Giá: 20,x tỷ (thương lượng tuỳ duyên). Địa chỉ: Nhà 48 ngõ Vườn Hồ 1, phường Long Biên, Hà Nội. Liên hệ chính chủ: Anh Mạnh - ***.
",229670329.67032966,20.9,sale,medium,over_10b
175695329,132056366,"Nhà Lô góc đầu Phố Tam Trinh-Cầu Mai Động. MB40m2*5T thang Máy, MT6.2m",10500000000,40.0,Quận Hai Bà Trưng,Phường Minh Khai,Hà Nội,Nhà ở,5.0,13 giờ trước,"❇️Mình cần bán nhà Lô Góc, Ngõ 139 Tam Trinh, Cách cầu Mai Động - Minh Khai 150m. 
----------------
✅ MB~40m2, MT6.2m. Nhà xây mới 5 Tầng Thang máy lên tận nóc. 
✅Thiết kế : 
   👉Tầng 1/2/3 Thông Sàn. 
   👉Tầng 4: hai phòng ngủ. 
   👉Tầng 5: một phòng thờ và sân chơi. 
   👉Tổng 5PN, 5WC.
✅ Nhà đã full nội thất cao cấp, chủ mới chỉ việc xách valy tới ở. 
✅ Vị trí nhà đẹp, từ nhà ra phố chỉ một rẽ ***, tương lai Quy hoạch ra mặt đường. Khu dân trí cao, hàng xóm thân thiện. Giao thông kết nối siêu thuận lợi.
-----------------------------------------
✅ Sổ đỏ chính chủ, giấy phép XD5T đầy đủ. Giá: 10.5 tỷ_ có TL. 
✅ Anh chị em, cô bác có nhu cầu hoặc có khách quan tâm giúp em nhé. ",262500000.0,10.5,sale,small,over_10b
173826296,130454834,"CC bán nhà 146 ngõ 318 Đê La Thành, Ô Chợ Dừa, ĐĐ, HN",9300000000,49.0,Quận Đống Đa,Phường Ô Chợ Dừa,Hà Nội,Nhà ở,6.0,14 giờ trước,"Chính chủ đứng tên Sổ đỏ bán nhà đất số 146 mặt ngõ 318 phố Đê La Thành, phường Ô Chợ Dừa, quận Đống Đa, thành phố Hà Nội (nay là phường Ô Chợ Dừa).

Vị trí cách mặt phố 100m, cách ôtô 50m, ngõ 3m, thông thoáng sáng, khu phố dân trí văn minh, sát tòa chung cư 4-500m2 x 10tầng, dân cư sầm uất, kinh doanh nhỏ được. Sổ đỏ 49m2, mặt tiền và hậu 4.2m, vuông vắn trước sau, xây dựng 52m2 x 5tầng = 260m2 (đã được chứng nhận hoàn công nhà bê tông 5tầng trên Sổ đỏ), không lỗi phong thủy.

Nhà khung cột bê tông kiên cố, riêng biệt, còn mới đẹp, sạch sẽ, ở được luôn. Tầng 1: phòng khách + để xe và bếp + ăn + wc, tầng 2-4: mỗi tầng 2phòng ngủ + wc, tầng 5: phòng thờ và khu giặt + sân phơi. Tổng 6-7phòng ngủ và 4wc, bố trí công năng hợp lí, phù hợp cho đại gia đình đông người, nhiều thế hệ cùng ở, hoặc cho thuê căn hộ dòng tiền cao. Có thể nâng lên 7tầng, thêm nhiều phòng và lắp được hệ thang máy (có bản vẽ chi tiết).

Khu vực lõi trung tâm quận, giao giữa nhiều tuyến phố lớn: Hoàng Cầu, Hào Nam, Giảng Võ, Láng Hạ, Ô Chợ Dừa..., đi lại thuận tiện vào quận gốc nội đô: Hoàn Kiếm, Ba Đình, Hai Bà Trưng..., cơ quan trung ương và các điểm văn hóa, di tích, lịch sử: Phố Cổ, Lăng Bác, Văn Miếu..., gắn liền với mọi tiện ích trường chợ, bệnh viện và thương mại...

Giá: 9.3tỷ (~189triệu/m2, thương lượng nhẹ).
Liên hệ: Quốc, ĐT: ***.",189795918.36734694,9.3,sale,small,5_10b
176025064,132339004,"Siêu Gấp Phố Quan Nhân, nhà đẹp ở luôn, cách 20m oto tránh, tiện ích b",8000000000,38.0,Quận Thanh Xuân,Phường Nhân Chính,Hà Nội,Nhà ở,4.0,12 giờ trước,"Dự án: 
Thông tin chi tiết: Vị trí đẹp , an ninh tốt ,sát phố ,sát trường học,thuận lợi di chuyển sang các tuyến phố Nguyễn Trãi, Trần Duy Hưng, Lê Văn Lương, Hoàng đạo Thúy, Quan Nhân, Hoàng Ngân, Nguyễn Ngọc Vũ...
Tiện ích đầy đủ không thiếu thứ gì, gần chợ, trường học các cấp... 

🌺 Nhà thiết kế:

+ tầng 1 : phòng khách + bếp + wc

+ tầng 2,3,4 :mỗi tầng 1 phòng+ wc

+ tầng 5: phòng thờ + sân phơi. 

📕Sổ đỏ cất két, sẵn sàng giao dịch.

- LH: Mr Tú *** để được tư vấn và xem nhà.",210526315.78947368,8.0,sale,small,5_10b
175906094,132236605,"Chính chủ cần bán nhà phân lô, oto đậu trước nhà và vào nhà tại số 47,",23500000000,71.9,Quận Đống Đa,Phường Quang Trung,Hà Nội,Nhà ở,4.0,7 giờ trước,"Dự án: 
Thông tin chi tiết: Chính chủ cần bán nhà phân lô, oto đậu trước nhà và vào nhà tại số 47, ngách 15, ngõ 167 Tây Sơn (ngõ thông, ô tô vào từ ngách 15 hoặc ngách 25 đều thuận tiện).
Vị trí cực đẹp:
- Ô tô vào tận nhà hoặc đỗ ngay trước cửa
- Kết nối nhanh các tuyến phố: Thái Hà – Chùa Bộc – Tôn Thất Tùng – Trường Chinh
- Đối diện khuôn viên Đại học Công Đoàn – khu vực đông sinh viên, dân trí cao, an ninh tốt
- Không gian thoáng, có sân chơi, cây xanh, phù hợp sinh hoạt gia đình
Thông tin chi tiết:
- Diện tích: 71,9m²
- Mặt tiền: 4,7m
- Kết cấu: Nhà 4 tầng, khung bê tông chắc chắn, nhà đang để thông các tầng cho thuê kinh doanh quán bar mini
Hiện trạng: Đang cho thuê kinh doanh ổn định gần 30 triệu/tháng, hợp đồng cho thuê đã hết, chủ mới về ký lại hoặc có thể kết thúc hợp đồng, lấy lại nhà. Tôi đang làm hồ sơ xin 
cấp giấy phép xây dựng 5 tầng, 1 lửng, 1 tum
Ưu điểm nổi bật:
- Ngõ rộng, ô tô ra vào thoải mái
- Khu phân lô, sổ đỏ chính chủ, pháp lý rõ ràng
- Phù hợp ở kết hợp kinh doanh, mở văn phòng, spa hoặc đầu tư giữ tiền lâu dài
Giá bán: 23,5 tỷ (có thương lượng)",326842837.27399164,23.5,sale,medium,over_10b
176063147,132371777,"CHUNG CƯ HOÀNG MAI – 80M² – 2 NGỦ 2 VS – CHỈ 5,3 TỶ",5300000000,80.0,Quận Hoàng Mai,Phường Tương Mai,Hà Nội,Căn hộ/Chung cư,2.0,5 phút trước,"CHUNG CƯ HOÀNG MAI – 80M² – 2 NGỦ 2 VS – CHỈ 5,3 TỶ

Diện tích 80m² thiết kế 2 phòng ngủ, 2 vệ sinh rộng rãi, tối ưu công năng sử dụng.
Căn hộ nằm tại vị trí trung tâm quận Hoàng Mai, giao thông thuận tiện, đầy đủ tiện ích sống như trường học, chợ, siêu thị, trung tâm thương mại.

Sổ đỏ chính chủ, sang tên nhanh gọn.

Giá chỉ 5,3 tỷ.

Liên hệ *** xem nhà trực tiếp.",66250000.0,5.3,sale,medium,5_10b
174214867,130794817,"Bán Nhà định công dt 50m2 x 5T,giá 11.6 tỷ,ngõ Oto tránh,sđcc",11600000000,50.0,Quận Hoàng Mai,Phường Định Công,Hà Nội,Nhà ở,6.0,5 giờ trước,"🏠 BÁN NHÀ ĐỊNH CÔNG – 50m² x 5 TẦNG – GIÁ 11.6 TỶ -XÂY MỚI– SỔ ĐỎ CHÍNH CHỦ - OTO ĐỂ TRONG NHÀ
📍 Vị trí: Khu vực Định Công, ngõ rộng, to, gần phố – di chuyển cực thuận tiện.
🔹 Diện tích: 50m²
🔹 Xây dựng: 5 tầng chắc chắn
🔹 Giá chào: 11.6 tỷ (có thương lượng)
🔹 Pháp lý: Sổ đỏ chính chủ, sẵn sàng giao dịch
🏡 Thiết kế công năng hợp lý:
 • Tầng 1: Để xe rộng rãi, phòng khách, bếp
 • Tầng 2, 3, 4: Mỗi tầng 2 phòng ngủ + WC
 • Tầng 5: Phòng thờ, sân phơi thoáng
✨ Nhà phù hợp gia đình đông người hoặc vừa ở vừa cho thuê phòng.
✨ Khu vực dân trí cao, an ninh tốt, hàng xóm văn minh.
✨ Xung quanh đầy đủ tiện ích: chợ, trường học, siêu thị, khu vui chơi…

📞 Liên hệ ngay để xem nhà thực tế – nhà đẹp, giá hợp lý trong khu vực!
*** CAM KẾT THÔNG TIN THẬT-ẢNH THẬT- MÔI GIỚI MIỄN LÀM PHIỀN!

Lê Thái - thổ địa 10 năm chỉ chuyên khu vực Hoàng Mai, am hiểu thị trường, sản phẩm, làm việc chuyên nghiệp, uy tín,nhiệt tình.",232000000.0,11.6,sale,small,over_10b
176051144,132361542,"Nhà ngõ 20 phố Trần Quý Kiên, Dt 50m2 x 6 tầng có Thang Máy - 25tr/th",26000000,50.0,Quận Cầu Giấy,Phường Dịch Vọng,Hà Nội,"Văn phòng, Mặt bằng kinh doanh",3.0,10 giờ trước,"Cho thuê căn nhà ngõ 20 phố Trần Quý Kiên - Cầu Giấy
-  Diện tích 50m2 x 6 tầng ,  đường trước nhà ô tô đi lại
- Nhà mới đẹp có Thang Máy,  điều hòa, cửa kính, sàn gỗ, bếp
- Tầng 1,2,3 để thông mỗi tầng 1 phòng 1 wc
- Tầng 4,5 mỗi tầng gồm 2 phòng 1 wc
- Tầng 6 sân và phòng thờ
- Nhà gần phố phố Trần Đăng Ninh - phố Cầu Giấy - Nguyễn Phong Sắc,  Trần Quốc Hoàn - Tô Hiệu - Xuân Thủy, gần nhiều trường Đai Học, Đi lai thuận tiện 
- Phù hợp làm Văn phòng cty, lớp học, Kinh doanh Spa, phòng khám, Kinh doanh online, Gia đình ở
- Giá 26 triệu/tháng
- Liên hệ: Anh Thành xem nhà miễn phí ",520000.0,0.026,sale,small,under_1b
176020340,132334918,"Nhỉnh nhẹ 6 TỶ – NHÀ MỚI CẦU CỐC, TÂY MỖ – Ô TÔ ĐỖ CỔNG – 3 MẶT THOÁNG",6000000000,35.0,Quận Nam Từ Liêm,Phường Tây Mỗ,Hà Nội,Nhà ở,4.0,12 giờ trước,"Nhỉnh nhẹ 6 TỶ – NHÀ MỚI CẦU CỐC, TÂY MỖ – SÁT VINHOMES SMART CITY
Ô TÔ ĐỖ CỔNG – 3 MẶT THOÁNG – VỀ Ở NGAY

📍 Vị trí cực đẹp:

Cầu Cốc – Tây Mỗ – Nam Từ Liêm 

Hàng xóm Vinhomes Smart City 

Khu vực phát triển mạnh, dân cư đông, tiện ích đầy đủ 

Gần Đại lộ Thăng Long, Lê Trọng Tấn, trường học, trung tâm thương mại 

🏡 Thông số:

Diện tích: 35m² 

Xây: 5 tầng 

Thiết kế hiện đại 

3 mặt thoáng cực hiếm 

Ô tô đỗ ngay cổng 

Nhà mới đẹp, xách vali về ở ngay 

💰 Giá chỉ: nhỉnh nhẹ 6 tỷ

Phù hợp:

Gia đình trẻ muốn ở gần Smart City 

Khách làm khu Mỹ Đình – Cầu Giấy – Nam Từ Liêm 

Đầu tư giữ tiền, cho thuê tốt nhờ vị trí sát đại đô thị 

📞 Liên hệ xem nhà thực tế ngay trước khi chủ tăng giá.",171428571.42857143,6.0,sale,small,5_10b
175137225,131577168,Khu Vực Bạch Mai. 5 tầng 3 ngủ 4wc. SĐCC,4300000000,15.0,Quận Hai Bà Trưng,Phường Bạch Mai,Hà Nội,Nhà ở,3.0,11 giờ trước,"Dự án: 
Thông tin chi tiết: 💥 Nhà đẹp Hồng Mai – trung tâm Bạch  Mai 
4tỷ300 💸
Ngõ cực nông, thông tứ phía – đi bộ ra phố lớn!
🏠 Nhà 5 tầng, 3 phòng ngủ – xây chắc, sổ đỏ vuông vắn
Vị trí vàng, tiện ích ngập tràn quanh nhà
📞 Liên hệ: Mr Kiên Akay – ***",286666666.6666667,4.3,sale,very_small,3_5b
175649923,132017491,Vỡ BANK CẦN BÁN NHANH LÔ ĐẤT 2 MẶT THOÁNG,2500000000,60.0,Huyện Thạch Thất,Xã Thạch Hoà,Hà Nội,Đất,3.0,9 giờ trước,"Dự án: 
Thông tin chi tiết: 🎉🎉Chưa đến 2,5tỷ sở hữu ngay sổ hồng Hà Nội,
60,6 m2 mặt tiền 5 m, 2 mặt thoáng trước sau
Xây ở 10 điểm không nhưng 👏👏
✅ Vuông văn full cư
✅ Ô tô đậu cửa
✅ 5' đến đại học Quốc Gia, 7' đến đại học FPT

Anh/chị quan tâm ib em",41666666.666666664,2.5,sale,small,1_3b
176053467,132363616,HIẾM!!! CC ĐẠI CỒ VIỆT TRẦN ĐẠI NGHĨA VIEW THOÁNG 2N ĐẸP TT HBT 5.9 TỶ,5900000000,55.0,Quận Hai Bà Trưng,Phường Bách Khoa,Hà Nội,Căn hộ/Chung cư,2.0,9 giờ trước,"🏙 HIẾM!!! CĂN HỘ ĐẸP KHU ĐẠI CỒ VIỆT – TRẦN ĐẠI NGHĨA, VIEW THOÁNG – 2 NGỦ ĐẸP – TRUNG TÂM HAI BÀ TRƯNG – GIÁ 5.9 TỶ

Chính chủ cần bán căn hộ chung cư khu Đại Cồ Việt – Trần Đại Nghĩa, vị trí trung tâm hiếm nhà bán. Khu vực tập trung đông sinh viên, giảng viên, văn phòng và dân cư trí thức.

•	Diện tích sử dụng 55m²
•	Thiết kế hợp lý gồm 2 phòng ngủ, khách, bếp riêng
•	Nhà thoáng sáng, đón gió tự nhiên

Tiện ích khu vực:
✅ Gần Công viên Thống Nhất, không gian sống xanh
✅ Xung quanh nhiều trường đại học top đầu Hà Nội
✅ Gần Vincom, bệnh viện Bạch Mai, Thanh Nhàn
✅ Khu dân cư an ninh tốt, tiện ích đầy đủ
✅ Phù hợp gia đình trẻ, người đi làm hoặc đầu tư cho thuê

Vị trí trung tâm giúp di chuyển nhanh sang Hoàn Kiếm, Đống Đa, Thanh Xuân chỉ trong ít phút.
💰 Giá bán gấp: 5.9 tỷ (Có thương lượng)
📞 Liên hệ xem nhà miễn phí: *** Em Hà hỗ trợ nhiệt tình 24/7
",107272727.27272727,5.9,sale,small,5_10b
176048762,132359525,7 TỶ - NAM DƯ - TIỀM NĂNG x5 giá - ĐÓN SÓNG QH ĐL SÔNG HỒNG,7500000000,30.0,Quận Hoàng Mai,Phường Vĩnh Hưng,Hà Nội,Nhà ở,4.0,12 giờ trước,"Dự án: 
Thông tin chi tiết: ĐÓN SÓNG QUY HOẠCH ĐẠI LỘ CẢNH QUAN SÔNG HỒNG - TƯƠNG LAI ĐẤT NAM DƯ CỰC GIÁ TRỊ 

SIÊU PHẨM NHÀ ĐẸP, FULL NỘI THẤT LONG LANH, Ở SƯỚNG, 150M RA ĐƯỜNG VÀNH ĐAI 3

Vị trí đẹp: Ngõ rộng, an ninh yên tĩnh, Gần ô tô, ngõ ba gác tránh. 
Thiết kế: 5 tầng: 
- Tầng 1: Phòng khách, bếp, vs
- Tầng 2: Phòng ngủ + vs
- Tầng 3 Phòng ngủ + vs
- Tầng 4 Phòng ngủ + vs
- Tầng 5 phòng thờ, sân phơi.
. 

Pháp lý: sổ đỏ chính chủ sẵn sàng giao dịch.",250000000.0,7.5,sale,very_small,5_10b
176036898,132349290,Sang nhượng cửa hàng 7 năm tuổi Mai Hắc Đế - 250tr,40000000,260.0,Quận Hai Bà Trưng,Phường Nguyễn Du,Hà Nội,"Văn phòng, Mặt bằng kinh doanh",3.0,8 giờ trước,"SANG NHƯỢNG QUÁN BUFFET CHAY 7 NĂM TUỔI – LỢI NHUẬN ỔN ĐỊNH, VÀO VẬN HÀNH NGAY 
📍 (Mai Hắc Đế, Hai Bà Trưng, HN)
D've không phải là một concept thử nghiệm, mà là mô hình đã được kiểm chứng qua 7 năm hoạt động. Hiện tại, do không còn đủ thời gian để tiếp tục vận hành, mình muốn tìm một người chủ mới tâm huyết để chuyển giao.
💎 Điểm mạnh
Tệp khách hàng ""thực"": Lượng khách quen ổn định (đặc biệt dân văn phòng xung quanh khu vực, nhiều ngân hàng trong phạm vi 300m)
Tiết kiệm chi phí & thời gian: Quán đã setup hoàn thiện từ không gian đến nhân sự. 
Đội ngũ nhân viên cũ thạo việc và sẵn sàng đồng hành cùng chủ mới.
Mức giá thuê 40tr/tháng từ tầng 1-4, mỗi tầng 65m2.
Mức giá sang nhượng là 250 triệu",153846.15384615384,0.04,sale,large,under_1b
176005929,132322668,3 TỶ Hơn- NHÀ 2 TẦNG MỚI ĐẸP .Cửa Ngõ Sân Bay Nội Bài.,3100000000,66.0,Huyện Sóc Sơn,Xã Quang Tiến,Hà Nội,Nhà ở,3.0,11 giờ trước,"Chính chủ cần bán gấp căn nhà 2 tầng còn rất mới, vị trí đắc địa, giao thông thuận tiện:
    Vị trí: Cách trục chính kinh doanh chỉ vài bước chân, đường ô tô tránh nhau thoải mái. Khu vực dân cư sầm uất, gần trường học, chợ, nhà văn hóa, trường mầm non... đầy đủ tiện ích.
    Diện tích: 66.5 m2 (Mặt tiền 5m vuông vắn, cực đẹp).
    Hiện trạng: Nhà 2 tầng mới, thiết kế hiện đại, dọn vào ở ngay.
    Giá chào: 3 tỷ mốt. (Có thương lượng cho khách thiện chí).
    Pháp lý: Sổ đỏ sẵn sàng, giao dịch nhanh chóng trong ngày.
​   Phù hợp để ở hoặc đầu tư sinh lời cao.",46969696.96969697,3.1,sale,medium,3_5b
176055930,132365682,"Bán quá rẻ căn hộ Tập thể 60m2 2PN chỉ 3,98 tỷ Q Cầu Giấy",3980000000,60.0,Quận Cầu Giấy,Phường Mai Dịch,Hà Nội,Căn hộ/Chung cư,2.0,7 giờ trước,"Dự án: 
Thông tin chi tiết: - Chỉ 3,98 tỷ mua ngay được Căn tập thể Ngay đầu đường Phạm Văn Đồng , Vị trí quá đẹp và thông thoáng, ngay đối diện Bộ Công An 
- Diện tích 60m2, sổ chính chủ , 2 PN, 1 WC, 1 Phòng khách, Bếp , Ban công thoáng , Tầng 3 thang bộ lên xuống quá tiện, có slot để xe oto dưới Tầng 1 , 
- Căn hộ làm rất đẹp tặng toàn bộ Full nội thất xịn cho chủ mới về ở ngay, Toà căn hộ TT xây chưa lâu chất lượng còn rất tốt , là khu tập thể Ngân hàng đầu tư và phát triển Thăng Long
- LH xem trực tiếp chính chủ",66333333.333333336,3.98,sale,small,3_5b
176051107,132361595,chính chủ bán,1550000000,38.0,Quận Tây Hồ,Phường Yên Phụ,Hà Nội,Nhà ở,2.0,10 giờ trước,"YDự án: 
Thông tin chi tiết: Chính chủ bán căn liền kề ngõ 32/43 an dương . Giá 1.550. Có thương lượng
Căn 2 ngủ - 2 vs
Giấy tờ vi bằng 
Ko tranh chấp 
Đồng hồ điện nước giá dân
Call  24/7: 024.85867785
Thanks!",40789473.684210524,1.55,sale,small,1_3b
174244301,130819462,bán nhà,13800000000,52.5,Quận Hai Bà Trưng,Phường Cầu Dền,Hà Nội,Nhà ở,3.0,11 giờ trước,"Nhà chính chủ quận hai bà trưng.

-DT:52,5 m2.

-Mặt tiền :4,5m.

-Nhà 3 tầng ,3ngủ,3WC.

-Sổ đỏ chính chủ sang tên một nốt nhạc .

-Nhà kết cấu vững chắc có thể lên 5-6 tầng .

-Pháp lý ok ko tranh chấp , sổ đỏ cầm tay ra ngay công chứng.",262857142.85714287,13.8,sale,small,over_10b
175630808,132001167,Chính chủ bán nhà nhỉnh 6 tỷ,6450000000,28.0,Quận Hoàng Mai,Phường Tương Mai,Hà Nội,Nhà ở,3.0,13 giờ trước,"Dự án: 
Thông tin chi tiết: Chính chủ bán nhà 106 Phố Minh Khai ngõ thông gần ô tô gần trường chợ Hoàng Mai các cấp 

Diện tích 24/28m x 4 tầng mặt tiền 3,5 mét 

Gồm 3 phòng ngủ cực rộng thoáng tặng toàn bộ nội thất ở được ngay 

Sổ đỏ chính chủ. LH *** Zalo.",230357142.85714287,6.45,sale,very_small,5_10b
176056026,132365739,Ảnh thực tế - Tin thực chuẩn - Bán căn chung cư 151 Nguyễn Đức Cảnh,5400000000,86.0,Quận Hoàng Mai,Phường Tương Mai,Hà Nội,Căn hộ/Chung cư,2.0,7 giờ trước,"ẢNH THỰC TẾ - TIN THỰC CHUẨN - KHÔNG LÀM MẤT THỜI GIAN CỦA BẠN !

Chung cư 151 Nguyễn Đức Cảnh, Hà Nội - 86m - 5tỷ4 ===> Bác nào chọn tiêu chí NGON - BỔ - RẺ thì chốt ngay ạ !

- Vị trí view Hồ Đền Lừ thoáng mát, di chuyển ra các trường đại học nổi tiếng, các bệnh viện trung ương thuận tiện...

- Nhà có 1 phòng khách,  2 phòng ngủ, 2 vệ sinh , số lượng căn trên một tầng ít nên hành lang rất yên tĩnh và rộng rãi

Cùng MÊ NHÀ ĐẸP - SĂN NHÀ NGON với Hằng - 0878chinamchintamchinchin nhé !",62790697.674418606,5.4,sale,medium,5_10b
176053639,132363725,📢📢📢 OTO ĐỖ CỬA ✅️ NGUYỄN VĂN LINH SÀI ĐỒNG LONG BIÊN HÀ NỘI.,10000000000,68.0,Quận Long Biên,Phường Sài Đồng,Hà Nội,Nhà ở,4.0,9 giờ trước,"📢📢📢 OTO ĐỖ CỬA - NHÀ 2 MẶT NGÕ - NỞ HẬU - VỊ TRÍ HIẾM - NHÀ ĐẸP Ở LUÔN ✅️ NGUYỄN VĂN LINH SÀI ĐỒNG LONG BIÊN HÀ NỘI.
✅️DT 68M, rộng 4m, dài 15 m, kết cấu 4 tầng ✅️  Tầng 1: Sân để xe, phòng khách, bếp, wc ✅️  Tầng 2,3: Mỗi tầng 2 phòng ngủ, wc ✅️  Tầng 4: Phòng thờ, sân phơi đồ siêu rộng, thoáng mát, khu vực sầm uất đông dân, an ninh tốt, an sinh đỉnh. ✨ Nhà mới, thiết kế mới, phù hợp với mọi lứa tuổi. Khách mua chỉ việc ở + SỔ ĐỎ CHÍNH CHỦ - PHÁP LÝ CHUẨN.
💰 chỉ nh-ỉnh 10đ ti ti.
☎️LH xem nh-à Mr Huấn ",147058823.52941176,10.0,sale,medium,5_10b
176055839,132365780,Căn hộ  2PN+2VS FLC garden City Đại Mỗ,4790000000,65.0,Quận Nam Từ Liêm,Phường Đại Mỗ,Hà Nội,Căn hộ/Chung cư,2.0,7 giờ trước,"Chính chủ bán căn hộ tầng cao 
Căn hộ chung cư 2 phòng ngủ + 2 WC = 65m2
- Mở rộng không gian phòng khách. Chia riêng không gian sảnh tủ giày và bếp. Có vách ngăn di động.
- Phòng ngủ mở sử dụng giường gấp có vách ngăn di động kết hợp phòng khách không gian cực rộng tràn ngập ánh sáng (mặt bằng cũ của CĐT hơi xấu :D )
-Tầng có trần cao nhất. Đã nâng trần thạch cao  lắp được đèn chùm quạt trần siêu mát, Trần bê tông cao 3.8. Có thể cải tạo phòng khủ master hoặc phòng ngủ phụ thành gác xép kiểu DUPLEX
- Phòng master rộng 14.2m2 + WC 3.6m2
- Nội thất + thiết bị gia dụng (điều hòa máy giặt + bếp ....) đầy đủ, chỉ việc về ở ko cần sắm gì thêm
- Sẵn sổ hồng dễ dàng vay NH
- Có thương lượng",73692307.6923077,4.79,sale,medium,3_5b
176048893,132359644,Nhà đẹp Trần Đại Nghĩa – ngõ rộng thoáng – 3PN đủ công năng – hiếm,89500000000,35.0,Quận Hai Bà Trưng,Phường Đồng Tâm,Hà Nội,Nhà ở,3.0,11 giờ trước,"Nhà đẹp Trần Đại Nghĩa – ngõ rộng thoáng – 3PN đủ công năng – hiếm nhà bán
📍 Vị trí đẹp phố Trần Đại Nghĩa, thông Trương Định – Đại La – Bạch Mai – Giải Phóng.
Gần ĐH Bách Khoa, Kinh tế Quốc dân, chợ Đồng Tâm, tiện ích ngập tràn.
🏡 35m² x 5 tầng, mặt tiền 4m
✨ 3PN rộng, đủ công năng sử dụng
✨ Ngõ trước nhà 3m, thông thoáng sáng
✨ Nội thất đẹp, tặng lại nhiều đồ xịn sò
✨ Khu dân trí cao, thanh khoản tốt
💰 Giá mới chỉ 8,95 tỷ (chủ giảm mạnh 100 triệu)
📞 Ms Hải *** (Xem nhà ngay)
#nhadepHaNoi #TranDaiNghia #HaiBaTrung #nhadepho #batdongsanHanoi #nhadep #BachKhoa #KinhTeQuocDan",2557142857.142857,89.5,sale,small,over_10b
176056094,132365810,Bán chung cư phố Tam trinh 2PN 2WC 1 Khách 1 logia đẹp nguyên bản 68.2,5680000000,70.0,Quận Hoàng Mai,Phường Yên Sở,Hà Nội,Căn hộ/Chung cư,2.0,7 giờ trước,"Dự án: 
Thông tin chi tiết: BÁN CHUNG CƯ 885 TAM TRINH - TẦNG 19 VIEW THOÁNG - PHÍ SIÊU RẺ 

 2 Ngủ - 2 WC 1 Khách + 1 Bếp + Lôgia + Ban công thoáng mát 4 thang máy di chuyển cực tiện Khu nhà ở thương mại dân trí cao, an ninh tốt

 Tiện ích ngập tràn: gần chợ, trường học, siêu thị, bến xe, kết nối Minh Khai - Times City cực thuận tiện

 Nhà đẹp ở ngay, phù hợp gia đình trẻ hoặc đầu tư cho thuê giữ tiền cực tốt!

 LH Tú *** xem nhà trực tiếp",81142857.14285715,5.68,sale,medium,5_10b
175111315,131554819,Nhà Mới Phú Đô - Chỉ Cần Xách Vali Ở Ngay - Thang Máy - Khép Kín,3600000,20.0,Quận Nam Từ Liêm,Phường Phú Đô,Hà Nội,Phòng trọ,3.0,5 giờ trước,"Dự án: 
Thông tin chi tiết: Mình Còn 3 Phòng nhà mới tinh vừa xây xong

- Thang Máy + Khép Kín + Không chung chủ

- Nội Thất đầy đủ có máy giặt máy sấy

- Lh Chủ Nhà Thế Đạt",180000.0,0.0036,sale,very_small,under_1b
176031045,132347396,BÁN LÔ ĐẤT XÃ TRUNG GIÃ,1111111000,146.0,Huyện Sóc Sơn,Xã Trung Giã,Hà Nội,Đất,3.0,8 giờ trước,"💥 LÔ ĐẤT TẠI XÃ TRUNG GIÃ-SÓC SƠN_ HÀ NỘI.

+ Diện Tích 150m (  thổ cư 60m .còn lại là đất CLN )
+ Mặt Tiền và Mặt Hậu 5m
👉 đường trước đất 6m. thông tứ phía, cách trục lớn 30m . nhiều tiện ích xung quanh
+ Vị trí cực đẹp  khu đông dân cư
+ Bán kính 500m Chợ, Trường Mầm Non, Cấp 1, Cấp 2, 
+ Khu vực đang có rất nhiều dự án mở đường và khu đô thị.
+ Vào Trung Tâm nội thành 1 giờ lái xe                                                                                                                                                        ĐT ***",7610349.315068494,1.111111,sale,large,1_3b
176015805,132331030,"🏡🏡 BÁN ĐẤT PHÚC LỢI SIÊU ĐẸP 55M- MẶT TIỀN KHỦNG.  GIÁ SIÊU HOT 💥

",7250000000,55.0,Quận Long Biên,Phường Phúc Lợi,Hà Nội,Đất,3.0,11 giờ trước,"


👉 Đất nằm ở vị trí cực đẹp, mặt ngõ thoáng, mấy bước chân  Vincom 
🏡 Nhà gần khu vực nhiều trường học chuẩn quốc gia cấp 1,2,3 Phúc Lợi 
🏡 +Vị trí gần chợ, gần chung cư ruby 
📕 sổ đỏ chính chủ sẵn sàng giao dịch ",131818181.81818181,7.25,sale,small,5_10b
172306580,129140251,"Gần ô tô phố Bạch Mai, ngõ nông rộng, 2 thoáng sáng, nhà đẹp,30m*5T.",6350000000,30.0,Quận Hai Bà Trưng,Phường Bạch Mai,Hà Nội,Nhà ở,3.0,13 giờ trước,"*5T. 

NHÀ MỚI - GẦN ĐH BÁCH, KINH, XÂY - 2 THOÁNG TRƯỚC SAU - 30M RA MẶT PHỐ - FULL NỘI THẤT - KHU VỰC RẤT HIẾM NHÀ BÁN - TIỀM NĂNG TĂNG CAO.

-Bán nhà ngõ Chùa Liên Phái ( ngõ to như phố). Dt 30m*5T bán giá 6.35 tỷ.
-Vị trí: Ngõ Chùa Liên Phái chính là ngõ 180 Bạch Mai. Ngách 68 ngõ chùa thông ngõ Đỗ Thuận. Ngõ nông 30M ra mặt phố.
- Tiện ích: Gần khu ĐH Bách - Kinh - Xây, mua ở hoặc đầu tư cho thuê đều rất ổn, khu dân trí cao, cách viện Bạch Mai 1km. Giao thông tiện lợi. 
-Nhà thiết kế 5 tầng
*T1: Phòng khách, bếp, wc
*T2,3,4: Mỗi tầng 1 phòng khép kín
*T5: Khu thờ, sân phơi
- Sổ Vuông đẹp, sẵn sàng giao dịch luôn trong phút mốt.
-Liên hệ với e Lam để được tư vấn",211666666.66666666,6.35,sale,very_small,5_10b
175875236,132210220,CHDV Mới!!! Ưu Đãi Xịn,4700000,33.0,Quận Nam Từ Liêm,Phường Mễ Trì,Hà Nội,Căn hộ/Chung cư,1.0,10 giờ trước,"🏡 CHO THUÊ CĂN HỘ 1N1K - NGAY TẠI PHÚ ĐÔ NAM TỪ LIÊM 
📍 Địa chỉ: ngõ 8/151 Lê Quang Đạo, Nam Từ Liêm
💰 Giá thuê: 4tr7 /tháng
✨ Nhà 8 tầng có thang máy, khu ở yên tĩnh, an ninh cực tốt – gần SVĐ Mỹ Đình, Mễ Trì, Đại lộ Thăng Long, thuận tiện đi làm.
📐 Căn hộ thiết kế 1 ngủ 1 khách, không gian riêng tư, hiện đại.
💫 Full nội thất:
 • Điều hòa, tủ lạnh
 • Giường, tủ quần áo, bàn ghế
 • Đồ dùng cơ bản đầy đủ
🐾 Được nuôi pet
🚪 Không chung chủ – giờ giấc tự do
🔐 Cổng vân tay, camera an ninh 24/7
🅿️ Free 2 xe máy",142424.24242424243,0.0047,sale,small,under_1b
176051415,132361775,"Bán nhà siêu phẩm tại Trần Phú, Hà Đông - Nhà lô góc 4 mặt thoáng",18000000000,60.0,Quận Hà Đông,Phường Mộ Lao,Hà Nội,Nhà ở,4.0,10 giờ trước,"BÁN NHÀ SIÊU PHẨM TẠI TRẦN PHÚ - HÀ ĐÔNG
- Vị trí đẹp: 
Cách 2 nhà ra mặt phố Trần Phú, gần Ga Phùng Khoang, cạnh trường Đại Học Nghệ Thuật Trung Ương, gần ĐH An Ninh, HV Tuệ Tĩnh, gần ngã 3 đường Chiến Thắng.
- Nằm ở đầu cổng Trung Tâm Phân tích khoáng sản Địa Chất Hà Nội.
- Nhà lô góc 4 mặt thoáng, mặt tiền khủng cực hiếm. 
- Nhà xác định bán đất tặng nhà 3 tầng cũ vẫn ở tốt, khách mua về đập đi xây lại hoặc sơn sửa lại vì nhà còn rất chắc chắn.
- Khu vực An Ninh cực tốt.
- Sổ đỏ cực đẹp, sẵn sàng giao dịch.
Lh: 0946hainamtamsaubahai ĐÀO THU THỦY",300000000.0,18.0,sale,small,over_10b
176053225,132363827,"Bán mảnh đất 115m Xuân Mai Hà Nội giá 1 tỷ 7 đường ô tô tránh, sầm uất",1700000000,115.0,Huyện Chương Mỹ,Thị trấn Xuân Mai,Hà Nội,Đất,3.0,9 giờ trước,"Anh trai em đang cần rút vốn để mở rộng xưởng gỗ nên phải nhượng lại lô đất bố mẹ để lại ở Xuân Mai Chương Mỹ.
Thông tin: Dt 115m2, mặt tiền 6,5m cực rộng bề thế. Đường trước đất rộng thênh thang ô tô tránh nhau thoải mái.
Trường học các cấp xung quanh đất, đi vài bước chân ra chợ, tiện ích không thiếu thứ gì.
Thế Đất đẹp, sổ đỏ sẵn. Anh đang cần tiền gấp trong tháng nên để giá cực tốt cho ac nào thiện chí làm việc nhanh.
👉 Lh em: *** dẫn xem đất và gặp trực tiếp anh em mua bán đất. ",14782608.695652174,1.7,sale,large,1_3b
176058530,132367945,"Mặt Bằng Kinh Doanh/VP ở Đống Đa, Hà Nội, ví trí trung tâm, 45tr",45000000,160.0,Quận Đống Đa,Phường Văn Miếu,Hà Nội,"Văn phòng, Mặt bằng kinh doanh",3.0,5 giờ trước,"🏢 CHO THUÊ TẦNG 1 CỬA HÀNG / VĂN PHÒNG / MẶT BẰNG KINH DOANH - VỊ TRÍ TRUNG TÂM - ĐÔNG ĐÚC
📍 101B Nguyễn Khuyến, P. Văn Miếu – Q. Đống Đa, Hà Nội

✨ Diện tích: 160m² (Cho thuê Tầng 1)
✨ Mặt tiền: 5m – nhà đẹp, vuông vắn, thoáng sáng
💰 Giá: 45tr/tháng ( có thương lượng)
📞 Liên hệ chính chủ: *** (Zalo/SĐT)
📌 Vị trí trung tâm, sầm uất, Nhiều Lộc, cực kỳ thuận tiện:
• Gần Văn Miếu – Quốc Tử Giám, Ga Hà Nội, đường sắt đô thị trên cao, bến xe bus
• Bao quanh là dân cư đông đúc, văn phòng, ngân hàng, chợ dân sinh, bệnh viện, trường học các cấp
• Di chuyển chỉ 10 phút đến Hồ Hoàn Kiếm, Phố Cổ, Lăng Bác, Hồ Tây, Công viên, Nhà hát lớn

✅ Phù hợp: Kinh doanh, showroom, văn phòng công ty, studio, cửa hàng thời trang, spa, nail, trung tâm dạy học, bán hàng online,…",281250.0,0.045,sale,large,under_1b
173870932,130494030,CHÍNH CHỦ BÁN NHÀ CẦU GIẤY OTO ĐỖ CỬA NHƯ MƠI,9000000000,30.0,Quận Cầu Giấy,Phường Yên Hoà,Hà Nội,Nhà ở,3.0,12 giờ trước,"CHÍNH CHỦ BÁN NHÀ 30M 4 TẦNG YÊN HÒA-CẦU GIẤY NGÕ OTO TẢI ĐỖ CỬA GẦN PHỐ. GIÁ BÁN 9 TỶ CÓ TL.
 
Diện tích : 28m T1 ; từ tầng 2 Lên tầng 4 là 30m.
Vị trí        : Phố Hoa Bằng, P Yên Hòa, Cầu Giấy.
Thiết kế  : T1  :khách  + Bếp.
                  T2  : 1Ngủ  + Tắm master .
                  T3  : 2 ngủ + vs.
                  T4  : P Thờ + Sân phơi.
Sổ đỏ chính chủ , chính chủ đăng bán.",300000000.0,9.0,sale,very_small,5_10b
176051462,132361812,Biệt Thự Khu Đô Thị Thanh Hà Cienco 5,21000000000,200.0,Quận Hà Đông,Phường Kiến Hưng,Hà Nội,Nhà ở,4.0,10 giờ trước,"Chính chủ bán đất nền biệt thự trong khu đo thị Thanh Hà.
 Điẻm tinh hoa hội tụ của các đại dự án mới. Như Vành đai 3,5, Vành đai 4.  Sân vận động Hùng Vương,. Công viên 365 Hà đông. 
 Nhà bắt đầu xây thô đầu năm 2027 nhận nhà. 
 Pháp lý HĐMB, xây nhà xong cấp sổ đỏ chính chủ.
",105000000.0,21.0,sale,large,over_10b
176058599,132367961,bán nhà tam hiệp thanh trì,6200000000,33.0,Huyện Thanh Trì,Xã Ngọc Hồi,Hà Nội,Nhà ở,3.0,5 giờ trước,"Dự án: 
Thông tin chi tiết: Chính chủ bán nhà khu hunh cung tam hiệp thanh trì hn. Bác nào muốn sem trực tiếp k qua trung gian nhé chính chủ bán *** dt 33 mét nhà 4 tầng 3 ngủ . Công lăng đầy đủ d sân phơi . Phòng thờ , phòng giặt phòng bếp phòng khách đầy đủ k phải sắm thêm",187878787.87878788,6.2,sale,small,5_10b
175194884,131626587,"Chung cư CT6 Xa La, Hà Đông",3150000000,61.5998,Quận Hà Đông,Phường Kiến Hưng,Hà Nội,Căn hộ/Chung cư,2.0,8 giờ trước,"Chính chủ bán nhanh căn hộ chung cư 2 phòng ngủ tòa CT6 KĐT Xa La, Hà Đông, Hà Nội.

Diện tích:  61.6m2 – Thiết kế thông minh, tối ưu công năng sử dụng.

Công năng: 2 Phòng ngủ, 2 WC, phòng khách ngập tràn ánh sáng tự nhiên.

Vị trí vàng: Tọa lạc tại trục đường huyết mạch, dễ dàng di chuyển vào trung tâm hay các khu vực lân cận.

Tiện ích tận tay: Dưới chân tòa nhà là hệ thống siêu thị, phòng gym, spa, trường học và các bệnh viện lớn...  đáp ứng mọi nhu cầu chỉ trong vài bước chân.

Tình trạng: Nhà mới, nội thất tâm huyết, chủ mới chỉ việc xách vali về ở.",51136529.66405735,3.15,sale,medium,3_5b
174851584,131335771,Bán Tòa Nhà 60m x 6 Tầng Tại Hoang Hoa Thám,20000000000,60.0,Quận Ba Đình,Phường Cống Vị,Hà Nội,Nhà ở,10.0,12 giờ trước,"Bán tòa căn hộ 60m x 6 tầng , mt rôngk hơn 4, 3m , nở hậu hơn 5m
thiết kế 10 căn hộ cho thuê full nội thất
 cao cấp , đầy đủ PCCC
VỊ TRÍ : Ô Tô đỗ cửa , cách mặt phố 4 nhà , không dính quy hoạch
giá chào bán 20 tỷ có thương lượng
liên hệ ***",333333333.3333333,20.0,sale,small,over_10b
176058584,132367967,Nhà Mới Xây Bùi Xương Trạch Thanh Xuân 40m x 6 Tầng ,7900000000,40.0,Quận Thanh Xuân,Phường Khương Đình,Hà Nội,Nhà ở,4.0,5 giờ trước," Bán Nhà Mới đẹp Keng, Bùi Xương Trạch_ Ngã Tư Sở, ví trí vàng của Thủ Đô đi đâu cũng tiện.  

Full nội thất cao cấp, sàn gỗ nhập khẩu, chỉ việc xách vali về ở , phòng nào cũng có ban công rất thoáng . 

Tiện ích bạt ngàn , bán kính 100m các trường học , bệnh viện , chợ , khu giải trí ..vv
Sổ đỏ chính chủ - giao dịch uy tín - chủ cần bán gấp. ",197500000.0,7.9,sale,small,5_10b
176058540,132367968,TT TÂY HỒ -PHÚ THƯỢNG -50m -5 TẦNG,12800000000,50.0,Quận Tây Hồ,Phường Phú Thượng,Hà Nội,Nhà ở,8.0,5 giờ trước,"Dự án: 
Thông tin chi tiết: TT HỒ TÂY - PHÚ THƯỢNG -50m -5 TẦNG - GIÁ 12,8 tỷ
-NHÀ ĐẸP DÂN XÂY - PHÂN LÔ - OTO ĐỖ CỬA - NGÕ THÔNG - HÀNG XÓM CIPUTRA.
👉Nhà mình bán là căn nhà 5 tầng, nằm trong khu phân lô. Oto đỗ cửa. Nhà dân xây rất đẹp, chủ tặng lại nội thất cơ bản . 
👉Khu vực an ninh tốt, hàng xóm văn minh. Chỉ 300m ra khu Citputra,  Sunshine, tiềm năng tăng giá cao. 
👉 Nhà hiện trạng đang là 5 tầng, cầu thang giữa. Khách mua có thể lên thêm tầng thoải mái. Tk thêm thang máy . Nhà vừa ở vừa cho thuê kd dòng tiền 
👉Thiết kế:- Tầng 1: để xe - Tầng 2, 3 , 4 ,5 mỗi tầng 2 phòng ngủ, wc, cầu thang giữa 
👉 Pháp lý: sổ đỏ chính chủ , sẵn sàng giao dịch 
 Liên hệ em Hồng dt ***",256000000.0,12.8,sale,small,over_10b
175968159,132290143,1N1K Phúc Diễn nhà nhiều ánh sáng (k chung chủ),6000000,60.0,Quận Nam Từ Liêm,Phường Xuân Phương,Hà Nội,Phòng trọ,3.0,13 giờ trước,"Dự án: 
Thông tin chi tiết: PHÚC DIỄN-NAM TỪ LIÊM

Cho thuê 1n1k (khách chung bếp), tắm và toilet riêng.

Diện tích 60m2, đủ nội thất cơ bản + máy giặt, tủ lạnh, điều hoà, bình nóng lạnh, sửoi phòng tắm. Chỉ việc mang đồ cá nhân đến ở.

Có sân tầng 1 rộng, chỗ để xe, ban công phơi đồ tầng 2, cầu thang riêng lên phòng. Một căn nhà siêu nhiều ánh sáng, ngủ dậy có tiếng chim hót, có hoàng hôn đẹp lung linh, ban công siêu chill uống cà phê nhiều cây xanh.

Giờ giấc tự do, không chung chủ

Gần đại học Phenikaa, bệnh viện đh Phenikaa, chợ Cầu Diễn, trường mầm non, Ga Cầu Diễn,...

Nước rất sạch do đường nước mới hơn các khu trung tâm

🌿6 (ở trên 6 tháng, đóng 1 cọc 2, nước 150k/ng, điện giá dân) 

IB qua xem nhà luôn ( tớ k bắt cọc trước khi qua, hãy qua cảm nhận ngôi nhà )",100000.0,0.006,sale,small,under_1b
176003915,132320869,CC Trung Kính - 2PN - 60M - Vị Trí Vàng Cầu Giấy - Full Đồ - Ở ngay,6680000000,60.0,Quận Cầu Giấy,Phường Yên Hoà,Hà Nội,Căn hộ/Chung cư,2.0,12 giờ trước,"Cần bán căn hộ đẹp tại khu vực Trung Kính – trung tâm quận Cầu Giấy, vị trí đắc địa hiếm có, nằm trên trục đường lớn kết nối nhanh các tuyến trọng điểm như Cầu Giấy – Trung Hòa – Yên Hòa – Nam Trung Yên.
Khu vực tập trung nhiều tòa văn phòng, trung tâm thương mại, trường đại học – cao đẳng lớn, cực kỳ thuận tiện để ở hoặc đầu tư cho thuê.
Căn hộ được thiết kế hiện đại, tối ưu không gian sống, nội thất nhập khẩu sang trọng, khách mua chỉ việc về ở.
🏠 Thiết kế căn hộ:
- Phòng khách liên thông bếp, không gian mở rộng rãi và thoáng sáng
- 2 phòng ngủ đầy đủ công năng
- 1 WC tiện nghi
- Ban công rộng, khu giặt sấy riêng biệt
- Nội thất nhập khẩu Luxury, hoàn thiện đẹp mắt
🌟 Thông tin tòa nhà:
- Chung cư cao 12 tầng
- Tầng 1: Sảnh cư dân + kiot thương mại, nhà sách, nhà hàng
- Tầng 2–12: Khu căn hộ để ở
- Hành lang rộng 3m, camera an ninh mỗi tầng
- Dân trí cao, an ninh tốt
🌆 Ưu điểm nổi bật:
- Trung tâm quận Cầu Giấy – phân khúc giá nhỏ cực hiếm
- Gần các KĐT Yên Hòa, Trung Hòa, Nam Trung Yên
 -Gần trường đại học, văn phòng, TTTM lớn
- Phù hợp ở lâu dài hoặc đầu tư cho thuê cực tốt
📕 Pháp lý:
- Sổ đỏ chính chủ, sẵn sàng giao dịch
📞 Liên hệ:
- Gọi ngay để xem căn hộ thực tế
- Cam kết thông tin chuẩn – hỗ trợ tận tâm",111333333.33333333,6.68,sale,small,5_10b
176015910,132331135,Bán Đất Thổ cư thôn Kim Châu xã thanh oai Hà Nội,3390000000,51.2,Huyện Thanh Oai,Xã Kim Thư,Hà Nội,Đất,3.0,13 giờ trước,"💰 BÁN ĐẤT THỔ CƯ KIM CHÂU, THANH OAI 💰

​Diện tích: 51,2m²

​Giá: 3,39tỷ (có thương lượng)

​✨ Điểm nhấn của lô đất:

​🔥 Vị trí đắc địa: Nằm trong thôn Kim Châu, xã Thanh Oai, huyện Thanh Oai, TP. Hà Nội.

​🏡 Mặt tiền: Rộng rãi, phù hợp xây dựng nhà ở hoặc kinh doanh.

​🛣️ Giao thông thuận tiện: Kết nối dễ dàng với các tuyến đường chính như Quốc lộ 21B, đường 427, v.v.

​🏫 Tiện ích xung quanh: Gần trường học, chợ, bệnh viện, khu vui chơi giải trí, v.v.

​📈 Tiềm năng phát triển: Khu vực đang phát triển mạnh, cơ sở hạ tầng hoàn thiện, giá trị đất ngày càng tăng.

​🌈 Ưu đãi đặc biệt:

​🎁 Tặng 10% giá trị hợp đồng khi đặt cọc trong tháng 8.

​🎁 Hỗ trợ vay vốn ngân hàng lên đến 70% giá trị lô đất.

​📞 Liên hệ ngay: ***để biết thêm thông tin chi tiết và đặt cọc ngay hôm nay!",66210937.5,3.39,sale,small,3_5b
176049093,132359809,Nhà 6 tầng Ngõ 71 gốc đề minh khai và 317 Trần Đại Nghĩa ,1800000,17.0,Quận Hai Bà Trưng,Phường Minh Khai,Hà Nội,Phòng trọ,3.0,11 giờ trước,"Còn 4-5 phòng cho thuê khép kín, dọn ở luôn 
Giá 1,8tr khép kín , giường 
Phòng 2,3tr- 2,7tr - 3,5tr và 4,8tr khép kín nóng lạnh, điều hoà, giường, tủ quần áo , kệ bếp nấu ăn , tuỳ phòng. 
Đ/c : Ngõ 71 Gốc đề minh khai và 317 trần đại nghĩa 
Xem liên hệ trực tiếp , có bớt cho bạn nào ở 1 người . ",105882.35294117648,0.0018,sale,very_small,under_1b
176003900,132320902,"Nhà đẹp phố Thái Hà 60m2, 4 tầng, mặt tiền 4.6m, ô tô đỗ cửa, giá tốt",14900000000,61.0,Quận Đống Đa,Phường Trung Liệt,Hà Nội,Nhà ở,4.0,11 giờ trước,"Nhà đẹp Thái Hà 60m², ô tô đỗ cổng, 2 thoáng, ở ngay.
- Vị trí đẹp tại phố Thái Hà, khu vực trung tâm, dân trí cao, giao thông thuận tiện.
- Diện tích 60m², xây 4 tầng chắc chắn, mặt tiền 4.6m.
- Nhà dân xây còn mới đẹp, khách mua về ở ngay.
- Hai mặt thoáng trước sau, các phòng đều có cửa sổ sáng tự nhiên.
- Thiết kế:
+ Tầng 1: Sân để xe, phòng khách, bếp, WC.
+ Tầng 2, 3: Mỗi tầng 2 phòng ngủ, WC.
+ Tầng 4: Phòng thờ, sân phơi, phòng đọc sách.
- Ô tô đỗ cổng thuận tiện sinh hoạt.
- Sổ đỏ chính chủ.
- Giá bán: 14.9 tỷ.
Liên hệ xem nhà thực tế.",244262295.0819672,14.9,sale,medium,over_10b
175086925,131536520,🏠 NHÀ GỐC ĐỀ – 5 TẦNG DÂN XÂY CHẮC CHẮN. BAGAC ĐỖ CỬA,7950000000,32.0,Quận Hoàng Mai,Phường Tương Mai,Hà Nội,Nhà ở,5.0,11 giờ trước,"Dự án: 
Thông tin chi tiết: Gốc Đề. Minh Khai 
7,95 tỷ
Mặt ngõ kinh doanh. Ngõ thông. Nhà dân xây kiên cố
5 tầng 5 ngủ 
***",248437500.0,7.95,sale,small,5_10b
175144809,131583657,"Bán nhanh căn 1N+ 43m- 3,2 tỷ- G2 Imperia sola park vinhome smart city",3200000000,43.0,Quận Nam Từ Liêm,Phường Tây Mỗ,Hà Nội,Căn hộ/Chung cư,2.0,8 giờ trước,"Chính chủ bán gấp căn 1N+ tại Imperia The Sola Park tại KĐT Vinhomes Smart City Tây Mỗ, dự án cao cấp nhất trong KĐT.
- Căn hộ 43m2 thông thủy thiết kế 1 ngủ cộng, công năng sử dụng như căn 2 ngủ.
Nội thất bàn giao: Full đồ liền tường cao cấp nhập khẩu:.
Sàn gỗ, trần thạch cao 2.9m, bếp, tủ bếp trên dưới, thiết bị vs nhập khẩu, hệ thống điện thông minh, cảm ứng, điều hòa 2 chiều daikin...
Đã lâu rồi ko có sản phẩm ngon mua được giá rẻ hơn thị trường mua đầu tư là lãi luôn, ở cao cấp, đầu tư bền vững tăng giá ổn định, sở hữu vĩnh viễn.
A/C ib hoặc gọi trực tiếp cho tôi để chi tiết thông tin giá bán + tiến độ thanh toán vào tiền chỉ nhỉnh 1 tỷ, hỗ trợ vay tối đa 70% ân hạn gốc và lãi.",74418604.65116279,3.2,sale,small,3_5b
175868427,132204202,Phòng 3.7 tr Full Đồ - Gần Mỹ Đình - Vào Ở Luôn ( Còn Phòng Đẹp ),3700000,30.0,Quận Nam Từ Liêm,Phường Phú Đô,Hà Nội,Phòng trọ,3.0,6 giờ trước,"Dự án: 
Thông tin chi tiết: Chính chủ còn phòng khu tại đường Phú Đô

Giá linh động từ 3 triệu đến hơn 4 triệu.

Ưng phòng nào có hỗ trợ thêm về giá, có quà nhận phòng tân gia

Liên hệ xem phòng miễn phí !!",123333.33333333333,0.0037,sale,very_small,under_1b
173822086,130451119,68 Đoàn Thị Điểm phòng víp cao cấp nội thất nhập khẩu,4000000,25.0,Quận Đống Đa,Phường Hàng Bột,Hà Nội,Phòng trọ,3.0,7 giờ trước,"Apartment HC Luxury ra mắt toà nhà mới tiêu chuẩn như khách sạn 5 sao.

- Đ/C: Số 68 Đoàn Thị Điểm giao Phố Tôn Đức Thắng và Phố Cát Linh.

- Nhà cách mặt phố chỉ có 15m, Cạnh Trường Cao Đẳng Y Tế, Văn Miếu - Quốc Tử Giám, lên Phố Cổ 3 phút. Rất nhiều tiện ích xung quanh.

- Diện tích các phòng từ 20 - 25m2 khép kín, đều có ban công cửa sổ cực kỳ thoáng sáng - Full nội thất mới nhập khẩu, bếp, máy giặt máy sấy, tủ lạnh, lò vi sóng, chăn, ga, gối đệm.

- Toà nhà an ninh cực tốt, bảo vệ và lễ tân 24/24h, đủ tiêu chuẩn PCCC.

+ Giá các phòng từ 4tr - 4,5tr - 5tr - 5,5tr - 6tr/tháng.

LH: A Tùng *** (miễn trung gian).",160000.0,0.004,sale,very_small,under_1b
176015995,132331192,Bán căn hộ 2PN - 1WC diện tích 55m². Full đồ sẵn sổ,4500000000,55.0,Quận Nam Từ Liêm,Phường Tây Mỗ,Hà Nội,Căn hộ/Chung cư,2.0,12 giờ trước,"Chính chủ cần bán gấp căn hộ tại Vinhomes Smart City.
Diện tích 55m² với 2 phòng ngủ, 1wc, phòng khách rộng rãi, ban công thoáng.
Tầng trung, ban công Đông Bắc mát mẻ, không bị nóng.
Nhà full nội thất đẹp, sẵn sổ.
Giá bán: 4,5 tỷ.
Liên hệ xem nhà: ***",81818181.81818181,4.5,sale,small,3_5b
176049124,132359866,"9 Tầng Mặt Phố Trung Phụng Đống Đa 92,5 Tỷ 100m2 mặt tiền 6,5m",92500000000,100.0,Quận Đống Đa,Phường Trung Phụng,Hà Nội,Nhà ở,11.0,11 giờ trước,"SIÊU PHẨM TRUNG PHỤNG ĐỐNG ĐA : TÒA NHÀ ĐA NĂNG – KHẲNG ĐỊNH VỊ THẾ – SINH LỜI BỀN VỮNG
​Sở hữu ""viên kim cương"" hiếm hoi tại lõi di sản Đống Đa, nơi hội tụ hoàn hảo giữa không gian sống thượng lưu và giá trị thương mại đắc địa.gần nút giao Xã Đàn ,Khâm Thiên ,Ô Chợ Dừa
​Kiến trúc đẳng cấp: Công trình 9 tầng (8 tầng nổi, 1 hầm) sừng sững, kết cấu kiên cố, thang máy tốc độ cao. Nhà mới hoàn thiện 3 năm, nội thất cao cấp.mặt tiền 6,5m
​Điểm Vàng pháp lý : Hệ thống PCCC đạt chuẩn đi kèm xác nhận hoàn công đầy đủ – một lợi thế tuyệt đối và cực kỳ khan hiếm trong phân khúc nhà phố hiện nay.
​ Tọa lạc trên mặt phố Trung Phụng kinh doanh sầm uất, giao lộ huyết mạch kết nối các quận trung tâm. Khu vực nằm trong quy hoạch phân khu H1-3, hứa hẹn sự bứt phá mạnh mẽ về hạ tầng và giá trị tài sản trong tương lai gần.
​Khai thác tối ưu:
​Khối kinh doanh (Tầng 1-4): Thiết kế thông sàn linh hoạt, hiện đang mang về dòng tiền ổn định ~80 triệu/tháng.
​Khối gia đình (Tầng 5-9): Căn hộ Penthouse tiện nghi với phòng khách sang trọng, bếp ấm cúng và sân thượng view ""Panorama"" ôm trọn thành phố.
​Đặc quyền chủ sở hữu: Tặng lại toàn bộ nội thất liền tường tinh tế. Quý khách chỉ việc tiếp quản dòng tiền hoặc xách vali về ở ngay.
​Sổ đỏ chính chủ - Quy hoạch ổn định - Sẵn sàng sang tên.
​Giá chào: 92,5
​Liên hệ trực tiếp để sở hữu biểu tượng thịnh vượng này!",925000000.0,92.5,sale,medium,over_10b
174587160,131112655,"Nhà KIm giang 50m2 x5T,ngõ oto tránh,giá 11.2 tỷ,sổ đỏ,ở luôn",11200000000,50.0,Quận Hoàng Mai,Phường Đại Kim,Hà Nội,Nhà ở,4.0,5 giờ trước,"HÀNG HIẾM KIM GIANG -OTO TRÁNH- NHÀ ĐẸP CHUẨN CHỈ - NGÕ RỘNG THOÁNG - CHỦ GẤP BÁN

Cực hiếm trong khu vực Đại Kim - Kim Giang! Căn nhà 50m² xây 5 tầng chắc nịch, chủ nhà tự tay giám sát thi công từng chi tiết nhỏ.
Nhà đẹp ở ngay: Không cần sửa sang, thiết kế hiện đại, nội thất xịn xò.
Vị trí đắc địa: Ngõ thông, thoáng,oto tránh, oto vào nhà, Thuận tiện di chuyển ra đường vành đai 3, giao thương sầm uất.
Môi trường sống: Hàng xóm toàn cán bộ công chức, sống tình cảm, dân trí cao.
Pháp lý: Sổ đỏ cất két, sang tên trong nốt nhạc.
Giá: 11.2 tỷ (Chủ đang rất thiện chí bán, giá chốt linh hoạt).

Liên hệ xem nhà Mr Thái 

CAM KẾT LÀM VIỆC CHÍNH CHỦ- THÔNG TIN THẬT-ẢNH THẬT.
-MIỄN TIẾP TRUNG GIAN - MÔI GIỚI TRÁNH LÀM MẤT THỜI GIAN 2 BÊN.

Lê Thái - Môi giới thổ cư 10 năm quanh khu vực Hoàng Mai- am hiểu sản phẩm-thị trường-pháp lý- giá cả khu vực -làm việc CHUYÊN NGHIỆP-NHIỆT TÌNH-TẬN TÂM.
Nhận mua bán bất động sản quanh khu vực ,thông tin bảo mật,kín đáo,mua nhanh bán gọn.",224000000.0,11.2,sale,small,over_10b
175342930,131753696,6.66 TỶ – 30M2 – 5 TẦNG – FULL NỘI THẤT  – GỐC ĐỀ-MINH KHAI,6660000000,30.0,Quận Hai Bà Trưng,Phường Minh Khai,Hà Nội,Nhà ở,3.0,9 giờ trước,"6.66 TỶ – 30M2 – 5 TẦNG – FULL NỘI THẤT  – GỐC ĐỀ-MINH KHAI – *** 
​-Gốc Đề - Minh Khai - Hoàng Mai: 30m2 – 5 Tầng – Mặt tiền 5m.
-Vị trí trung tâm Minh Khai, ngõ thông tứ phía, ba gác vào tận nơi, cực gần ô tô tránh.
-Nhà thoáng trước sau, thiết kế hiện đại, đầy đủ nội thất cao cấp chỉ việc xách vali về ở.
-Tiện ích ngập tràn: gần chợ, trường học các cấp, bệnh viện, công sở.
*Thiết kế: 5 Tầng – 3 Ngủ khép kín.
+T1: Sân để xe, phòng khách, bếp, WC.
+T2,3,4: Mỗi tầng 1 phòng ngủ rộng + WC.
+T5: Phòng thờ, sân phơi thoáng đãng.
*Sổ đỏ chính chủ, vuông vắn nở hậu, sẵn sàng giao dịch.
​* Thanh Kim BĐS F0 – Nói không với quy hoạch – ***
* Nhận ký gửi mua bán BĐS phí 1%
* Hỗ trợ: check quy hoạch – vay ngân hàng – xây sửa trọn gói – xin phép xây dựng – làm sổ đỏ, hợp thửa/tách thửa

*30m2-5 tầng-ngõ nông-Gốc Đề-Đền Lừ-6.7 tỷ
*30m2-5 tầng-lô góc-ngõ nông-Thanh Lân-Ngũ Nhạc-Hoàng Mai-6.7 tỷ
*33m2-5 tầng-3 ngủ- Lĩnh Nam-HM-6.8 tỷ
*30m2-4 tầng-3 ngủ-ngõ nông-Tân Khai-Dương Văn Bé-6,8 tỷ
*30m2-5 tầng-ngõ to-Vĩnh Hưng-Dương Văn Bé-6.8 tỷ
*37m2-3 tầng-1 nhà ra phố-Giáp Nhị-Thịnh Liệt-HM-6.86 tỷ
*33m2-5 tầng-ngõ nông-649 Lĩnh Nam-6.86 tỷ
*33/37m2-5 tầng-Trần Khát Chân-HBT-6.88 tỷ",222000000.0,6.66,sale,very_small,5_10b
175655176,132021992,💥MẶT PHỐ NGỌC LÂM – KINH DOANH ĐỈNH – TẶNG NHÀ 5 TẦNG- GIÁ CHỈ 9 TỶ,9050000000,35.0,Quận Long Biên,Phường Bồ Đề,Hà Nội,Nhà ở,3.0,9 giờ trước,"💥MẶT PHỐ NGỌC LÂM – KINH DOANH ĐỈNH – TẶNG NHÀ 5 TẦNG- GIÁ CHỈ  9 T.Ỷ
* Vị trí: Phố Ngọc Lâm – tuyến phố kinh doanh sầm uất bậc nhất
* Ô tô tránh thoải mái, vỉa hè rộng rãi
* Thông phố : Hồng Tiến – Nguyễn Sơn – Nguyễn Văn Cừ - Hoàng Như Tiếp - Bồ Đề
* Phù hợp: Kinh doanh, spa, văn phòng, cho thuê dòng tiền
Giá chỉ nhỉnh 9 tỷ (cực hiếm trong phân khúc mặt phố)
Liên hệ ngay em Hằng để xem nhà và chốt sớm
⸻
#MatPhoNgocLam #NhaDepLongBien #BatDongSanHaNoi #KinhDoanhDinh #LongBiên #NgọcLâm #Bồđề #NguyễnSơn #Hồngtiến #Hoàngnhưtiếp",258571428.57142857,9.05,sale,small,5_10b
176044449,132355829,nhà liên mạc ô tô đỗ gần,5250000000,31.0,Quận Bắc Từ Liêm,Phường Liên Mạc,Hà Nội,Nhà ở,4.0,14 giờ trước,"🏡Bán nhà Liên Mạc Bắc Từ Liêm. Cực hiếm đầu ngõ là chợ, ô tô đỗ cạnh. Giá 5.x tỷ ”Rẻ nhất Quận Bắc Từ Liêm”

🛒Tiện ích ngập tràn, trường chợ ngay cạnh nhà, lắp full nội thất, khách chỉ xách vali về ở ngay

📍Giao thông thuận lợi gần đê đi Hồ Tây - gần Trục Tây Thăng Long thông thương Văn Tiến Dũng - QL32 - Ngoại Giao Đoàn
•••••••••••••••••••••••••••••••••
🏡Nhà 5 tầng thiết kế đẹp, chủ xây tâm huyết
🔸Tầng 1 : Phòng khách, bếp ăn, wc
🔸Tầng 2,3,4: Phòng ngủ, wc
🔸Tầng 5 : Phòng thờ, sân phơi

👉Pháp lý chuẩn giao dịch trong ngày
👉Hỗ trợ ngân hàng 80%, lãi xuất thấp

☎️Lh/zalo: ***",169354838.70967743,5.25,sale,small,5_10b
176037400,132349696,"Khai Trương CCMN Full Gác xép, Full đồ, Lê Trọng Tấn",6000000,24.0,Quận Thanh Xuân,Phường Phương Liệt,Hà Nội,Căn hộ/Chung cư,1.0,12 giờ trước,"Dự án: 
Thông tin chi tiết: 🚨KHAI TRƯƠNG CCMN FULL GÁC XÉP🚨

‼️Địa chỉ: Ngõ 198 Lê Trọng Tấn‼️



Tiện nghi trong phòng:



Có ban công riêng, phơi đồ tại phòng, view thoáng.



Full nội thất: Điều hòa, nóng lạnh, tủ lạnh, máy giặt riêng.



Giường, đệm, tủ quần áo, bàn ghế làm việc, bàn ăn.



Khu bếp: Tủ bếp trên dưới, hút mùi, chậu rửa hiện đại.



Tiện ích & An ninh:



Thang máy, khóa vân tay, Camera 24/24.



An toàn: Hệ thống PCCC chuẩn, có cửa ngăn khói từng tầng.



Giờ giấc tự do, không chung chủ.



Liên hệ xem phòng: ***



Zal0 : ***",250000.0,0.006,sale,very_small,under_1b
174744990,131247874,Chính chủ cần bán CHTT - lô góc sáng thoáng- full nội thất Hồ Tùng Mâu,3700000000,43.0,Quận Bắc Từ Liêm,Phường Phú Diễn,Hà Nội,Căn hộ/Chung cư,2.0,9 giờ trước,"🏡 Cần Bán CHTT full nội thất - Lô góc sáng thoáng - chỉ việc ở 
📍 199 Hồ Tùng Mậu – Bắc Từ Liêm – Hà Nội
💰 Giá: 3.7 tỷ

✨ Căn hộ tập thể đẹp, lô góc cực thoáng – ở ngay không phải sửa!

🔹 Thiết kế: 2 phòng ngủ + 2 WC
🔹 Ban công rộng rãi, thoáng mát, nhiều ánh sáng
🔹 Lô góc 2 mặt thoáng
🔹 Khóa cửa vân tay hiện đại

🎁 Chủ để lại toàn bộ nội thất mới cứng:
	•	Tủ nhôm Xingfa cao cấp
	•	Sàn gỗ nhập Đức
	•	Trần thạch cao Vĩnh Tường chống ẩm
	•	Bếp + thiết bị bếp nhập khẩu
	•	2 điều hoà
	•	Tủ giày, tủ quần áo âm tường kịch trần

📍 Vị trí cực tiện:
Gần các trục đường lớn Phạm Hùng, Xuân Thủy, Cầu Giấy.
Khu vực kinh doanh buôn bán sầm uất, giao thông thuận tiện.

📜 Pháp lý: Sổ đỏ chính chủ

⏰ Đặt lịch xem nhà trước 30 phút

📞 *** – Thuỷ",86046511.62790698,3.7,sale,small,3_5b
174394307,130946825,"Bán 37m2 Đất Thạch Bàn, Sẵn Nhà Cấp 4 Trên Đất, Đường ô tô 5 Chỗ",7350000000,37.0,Quận Long Biên,Phường Thạch Bàn,Hà Nội,Đất,3.0,9 giờ trước,"Bán 37m2 Đất Thạch Bàn, Sẵn Nhà Cấp 4 Trên Đất, Đường ô tô 5 Chỗ ra Vào
- Diện tích 37m2, mặt tiền = hậu 4.8m
- Đường trước đất rộng 3m, xe 5 chỗ qua cửa
- Vị trí đất gần chợ Đồng Dinh, Trường Cấp 3 Thạch Bàn, Khu đô thị Garden City, Tiện ích đầy đủ. Giao thông kết nối Cổ Linh, Aeon Long Biên, Cầu Vĩnh Tuy, Thanh Trì.
- Sổ đỏ chính chủ, ko tranh chấp, quy hoạch.
Tặng Giấy Phép Xây Dựng 7 Tầng Thang Máy.
Giá: 7.35 Tỷ (có thương lượng)
Liên hệ: Mr Tùng để đi xem đất trực tiếp",198648648.64864865,7.35,sale,small,5_10b
176027962,132341515,"Toà căn hộ dịch vụ Mỹ Đình oto đỗ gần 85m x 7 tầng, thang máy",20000000000,85.0,Quận Nam Từ Liêm,Phường Mỹ Đình 2,Hà Nội,Nhà ở,11.0,9 giờ trước,"Dự án: 
Thông tin chi tiết: 🏡Căn hộ dịch vụ 85m x 7 tầng, mới đẹp, mức giá cực hiếm trong khu vực. 
🚒Oto đỗ ngay cửa, khu vực có nhu cầu thuê cao
🏫Ngay gần các trường đại học lớn như: đại học quốc gia, đại học thương mại, đại học fpt, cao đẳng y tế . . .
📕Sổ đỏ vuông đẹp, pháp lý rõ ràng, sẵn sàng giao dịch

📱Ace quan tâm liên hệ e Hiền ***
vị trí đẹp – tầm tiền hiếm khu Mỹ Đình – xem sớm được giá tốt.",235294117.6470588,20.0,sale,medium,over_10b
174879938,131360525,💥 NHÀ ĐẸP ĐỊNH CÔNG – Ô TÔ ĐỖ CỬA – FULL CÔNG NĂNG 💥,12900000000,46.0,Quận Hoàng Mai,Phường Định Công,Hà Nội,Nhà ở,4.0,11 giờ trước,"Dự án: 
Thông tin chi tiết: 🌿 SỐNG CHILL TẠI ĐỊNH CÔNG – NHÀ ĐẸP Ô TÔ ĐỖ CỬA 🌿
Sáng đi bộ ra hồ – tối về xông hơi thư giãn – cuộc sống đáng mơ ước!
📍 Ngõ rộng ô tô đỗ cửa
📍 Gần hồ – gần khu đô thị
📍 Khu vực phát triển mạnh
✨ Nhà đẹp nổi bật:
– Dân xây chắc chắn
– Nội thất cao cấp
– 2 thoáng cực sáng
– Ở ngay không phải làm gì
🏡 Công năng đầy đủ cho gia đình đông người:
✔ 4 phòng ngủ
✔ Phòng khách rộng
✔ Bếp tiện nghi
✔ Phòng thờ riêng
✔ Sân phơi thoáng
📕 Sổ đỏ chính chủ – giao dịch ngay
📲 ***
Căn này hiếm – xem sớm còn!",280434782.6086956,12.9,sale,small,over_10b
176054042,132364052,chính chủ nhờ bán lô đất đấu giá cự khối 2 mặt đường,18800000000,75.0,Quận Long Biên,Phường Cự Khối,Hà Nội,Đất,3.0,8 giờ trước,"Dự án: 
Thông tin chi tiết: Bán đất đấu giá cự khối ngay cạnh hồ điều hòa 30 ha đang khởi công 
+ Diện tích 74.4 m2 
+ Mặt tiền 5 mét 
+ Đường trước nhà 11 mét vỉ hè 2 bên 
+ Phía sau có đường 11 mét 
+ Vị trí siêu đẹp giá 18.8 tỷ
+ Liên hệ *** Em Huân ( chuyên bds long biên)",250666666.66666666,18.8,sale,medium,over_10b
175385614,131790612,"bán nhà khương trung nguyễn trãi thanh xuân, ô tô, 4 tầng- 5 ngủ-sẵn ở",7900000000,39.0,Quận Thanh Xuân,Phường Khương Trung,Hà Nội,Nhà ở,5.0,13 giờ trước,"chủ thiện chí bán vì chuyênt công tác
ngõ rộng thoáng , gần ô tô tránh, gần đường 2,5 đang thi công, tương lai sáng lạng
 nhà tại phố khương trung , quận thanh xuân , trung tâm kết nối với ngã tư sở , nguyễn trãi , trường chinh , tây sơn , đường láng
gần nhiều trường học , mẫu giáo, cấp 1, cấp 2 , cấp 3 , nhà văn hóa , hồ điều hòa
thiết kế 4 tầng
tổng có 5 p ngủ , 4 wc , 1 bếp ăn , 1 p thờ , 1 sân phơi
nhà gần phố , giao thông thuận tiện
vị chí ổn định cam kết không quy hoạch
sổ đỏ đất vuông đẹp công
 chứng nhanh
giá thỏa thuận
ace phù hợp tiêu trí gọi ngay cho tôi đt zlo : 
***
để xem nhà
cảm ơn",202564102.56410256,7.9,sale,small,5_10b
175975567,132296472,"BÁN NHÀ ĐẤT CHƯA CÓ SỔ .LÊ QUANG ĐẠO , NAM TỪ NIÊM HN",2650000000,41.0,Quận Nam Từ Liêm,Phường Phú Đô,Hà Nội,Nhà ở,3.0,13 giờ trước,"Dự án: 
Thông tin chi tiết: <BÁN NHÀ 2 TÂNG 41m2        -VỊ TRÍ ĐẮC ĐỊA .NHẤT NGÕ 56 .ĐƯỜNG LÊ QUANG ĐẠO MỸ ĐÌNH HÀ NỘI                    Chính chủ đất ở lâu dài , bệnh viện Hồng Ngọc & sân vân động quốc Gia ngay canh nhà       Đối diện cung văn Hoá Hữu ngị việt trung .                                           Phố ăn đêm ẩm thực đông đúc .                                                        ~đường lê quang đạo mỹ đình , ngõ rộng oto tránh nhau. Trước nhà có bãi xe oto . Oto đỗ cửa .                                    Nhà xây mới chắc chắn T1 có 1 phòng ngủ+ 1 phòng khách + 1 bếp & Wc điều hoà nóng lạnh đầy đủ.                                         - T2 có 2 phòng ngủ ful điện nước , điều hoà wc tiện lợi vể ở & hoạt động luôn Văn phòng công ty hoặc shop cửa hàng ..                                                     giá cúc tốt để anh chị em sách va ni về ở. Luôn Giá nhỉnh 2ty 650                                   
❤️🍷🍷💰💰💰
☎️📞 *** arung",64634146.34146342,2.65,sale,small,1_3b
176032708,132345633,Nhà đẹp nguyên căn Nguyễn Văn Cừ - 2.5 tầng ô tô đỗ cửa,3500000000,25.0,Quận Long Biên,Phường Bồ Đề,Hà Nội,Nhà ở,3.0,9 giờ trước,"NHÀ ĐẸP NGUYỄN VĂN CỪ – LONG BIÊN 
Ô tô vào nhà – full nội thất – giá chỉ 3.x tỷ!
Địa chỉ: Nguyễn Văn Cừ, Long Biên, Hà Nội
Diện tích: 25m² x 2,5 tầng
Mặt tiền rộng 4m
Ô tô vào nhà
Ưu điểm nổi bật:
Full điều hoà, tủ lạnh và nội thất cơ bản – dọn về ở ngay
Trước nhà sân rộng, thoáng sáng
Đối diện nhà văn hoá, khu dân cư văn minh yên tĩnh
Vị trí đẹp, di chuyển sang phố cổ nhanh chóng
Cam kết:
Không quy hoạch
Pháp lý sạch 
Giá chỉ 3.x tỷ (thương lượng thiện chí)
Liên hệ xem nhà 24/7: ***
@nêu bật
#nhadep
#bdslongbien
",140000000.0,3.5,sale,very_small,3_5b
176044578,132355874,"CHỈ 2 TỶ 686 – SỞ HỮU NGAY LÔ ĐẤT TRẠI HỒ, HOÀ LẠC 100M² – MT6",2686000000,100.0,Thị xã Sơn Tây,Xã Cổ Đông,Hà Nội,Đất,3.0,14 giờ trước,"CHỈ 2 TỶ 686 – SỞ HỮU NGAY LÔ ĐẤT TRẠI HỒ, HOÀ LẠC 100M² – MẶT TIỀN 6M – QUÁ HIẾM
Diện tích: 100m² – full thổ cư
Mặt tiền rộng 6m – vuông vắn, cực đẹp
Đường trước đất thoáng – ô tô vào tận nơi

📍 Vị trí vàng Trại Hồ – trung tâm phát triển Hoà Lạc
Cách Khu Công nghệ cao Hòa Lạc vài phút di chuyển
Gần Đại học FPT, Đại học Quốc gia Hà Nội

Kết nối nhanh Đại lộ Thăng Long – trục Hồ Tây Ba Vì
Xung quanh dân cư đông đúc, hàng quán, dịch vụ đầy đủ

💰 Giá chỉ: 2 tỷ 686 triệu (có thương lượng nhẹ)
👉 Phù hợp:
Xây nhà ở lâu dài – môi trường sống trong lành
Xây trọ, căn hộ mini – dòng tiền ổn định

Đầu tư giữ tiền – khu vực đang tăng trưởng mạnh
📞 Liên hệ ngay: *** – ***
",26860000.0,2.686,sale,medium,1_3b
176006483,132323128,cần bán nhà,2550000000,70.0,Huyện Thanh Trì,Xã Tả Thanh Oai,Hà Nội,Nhà ở,2.0,9 giờ trước,"cần bán nhà ngõ ô tô vào nhà 70m,  liên hệ chính chủ ĐT:0379408299",36428571.428571425,2.55,sale,medium,1_3b
176051726,132362040,"An Trạch, 39m chỉ hơn 6 tỷ, sát phố, nhà dân xây đẹp, full đồ",6850000000,39.0,Quận Đống Đa,Phường Cát Linh,Hà Nội,Nhà ở,4.0,10 giờ trước,"Dự án: 
Thông tin chi tiết: Trung tâm Đống Đa - sát phố - ngõ ba gác thông tứ phía - nhà dân xây mới đẹp - 2 thoáng - full đồ - ở ngay.
- Bán nhà An Trạch, 39m2 xây 5 tầng giá chỉ 6.85 tỷ có thương lượng.
- Vị trí trung tâm Đống Đa, sát phố, gần các tuyến phố lớn: Hào Nam, Cát Linh, Tôn Đức Thắng.. Giao thông di chuyển vô cùng thuận lợi.
- Gần ga Cát Linh, gần Văn Miếu, vài phút di chuyển lên Bờ Hồ Lăng Bác.
- Xung quanh trường chợ, bệnh viện. Tiện ích không thiếu thứ gì.
- Nhà xây mới, 5 tầng 4 ngủ đủ công năng, nhà 2 thoáng nên các phòng đều có ánh sáng tự nhiên.
- Sổ đỏ sẵn giao dịch.
- Liên hệ em Yến để xem nhà.",175641025.64102563,6.85,sale,small,5_10b
176049296,132359997,"Nhà 7 tầng ngõ 10 Tôn thất tùng và 7 Thái Hà giá 2tr đến 4,8tr",2000000,16.0,Quận Đống Đa,Phường Khương Thượng,Hà Nội,Phòng trọ,3.0,11 giờ trước,"Cho thuê CCMN Ngõ 10 Tôn Thất Tùng và 7 Thái Hà . Cách ĐH ngân hàng, Thuỷ lợi, công đoàn 500-800m. 
✌️Phòng 2tr/th khép kín , giường. 
 ✌️Phong 2,5tr/th - 3tr/th -4,8tr/th khép kín Giường, tủ, điều hòa, nóng lạnh, kệ bếp nấu ăn. Cửa sổ thoáng phòng to ban công. 
( gọi trực tiếp vì ít khi online)",125000.0,0.002,sale,very_small,under_1b
176051643,132362048,"Bán căn hộ Hà Thành 102 Thái Thịnh, 68m2.",6780000000,68.0,Quận Đống Đa,Phường Thịnh Quang,Hà Nội,Căn hộ/Chung cư,2.0,10 giờ trước,"Chủ nhà cần bán căn hộ 68m2 ở 102 Thái Thịnh, tòa nhà Hà Thành, P Đống Đa

Thiết kế 2 ngủ, 1 khách, 1WC, tầng trung

Vị trí trung tâm, tiện ích ăn uống mua sắm, sân chơi trẻ con, trường học, bệnh viện đẩy đủ

Để lại đèn điện điều hòa, sàn gỗ, sơn tường đã sửa lại

Pháp lý sổ hồng đầy đủ

Giá 6.78 tỉ",99705882.35294117,6.78,sale,medium,5_10b
176018347,132333376,"Cần bán nhà ở 98 ngõ 7 Lê Trọng Tấn, Dương Nội, Hà Nội",7950000000,30.0,Quận Hà Đông,Phường Dương Nội,Hà Nội,Nhà ở,4.0,10 giờ trước,"Dự án: 
Thông tin chi tiết: Mình cần bán nhà gấp.  Chỉ tiếp khách mua thực ạ. 
nhà mình 30m2, 5 tầng, 
tầng 1 là khách và wc
Tầng 2 ,3 là 1 ngủ +wc
Tầng 4 là 1 ngủ, 1 kho +wc
Tầng 5 là bếp + sân phơi + wc
Khu vực nhà mình gần với đường sắt trên cao, xe bus, đường lớn, cạnh Park city.
Mình đang cần gấp nên rất mong tìm được người mua thực sự. Rất cảm ơn ạ.",265000000.0,7.95,sale,very_small,5_10b
174061652,130662219,Chính chủ bán nhà Nguyễn Chính Tân Mai ngõ 250 Tân Mai,8900000000,35.0,Quận Hoàng Mai,Phường Tân Mai,Hà Nội,Nhà ở,3.0,12 giờ trước,"Chính chủ bán nhà xây mới Tân Mai ngõ thông phân lô, ô tô tải tránh cách nhà 35 mét.  

Diện tích xây 35 x 5 tầng mặt tiền 4.2 mét. 

Tặng toàn bộ nội thất sịn xò tâm huyết từng chút 1. 

Vị trí đẹp gần trường chợ các cấp bán kính chỉ 300 mét.  

Thiết kế 5 tầng 3 phòng ngủ master rộng ban công đầy đủ từng phòng 

Khu dân trí cao ngõ rộng 2 mét, sạch sẽ an ninh tốt. 

Sổ đỏ phân lô vuông đẹp sẵn sàng sang tên, cam kết không tranh chấp, không quy hoạch",254285714.2857143,8.9,sale,small,5_10b
174645071,131161945,Bán nhà Bồ Đề( Ngọc Lâm) - gần cầu - gần ô tô - Long Biên Hà Nội,9300000000,30.0,Quận Long Biên,Phường Ngọc Lâm,Hà Nội,Nhà ở,3.0,8 giờ trước,"Bán nhà Ngọc Lâm -  sát cầu Chương Dương - 5ph sang phố cổ 
Diện tích: 30m2 x 6 tầng - 4pn
Giá: 9.3 tỷ
Nhà đẹp xây mới 
Vị trí ngay đầu cầu Chương Dương, gần ô tô, chỉ 5ph sang phố cổ.
Sổ đỏ vuông vắn, cất két giao dịch ngay
Liên hệ: Ms Lan",310000000.0,9.3,sale,very_small,5_10b
175082402,131532650,BÙI NGỌC DƯƠNG - HAI BÀ TRƯNG 4 Tỷ 100 - SỔ ĐỎ RIÊNG,4100000000,12.0,Quận Hai Bà Trưng,Phường Bạch Mai,Hà Nội,Nhà ở,3.0,11 giờ trước,"Dự án: 
Thông tin chi tiết: BÙI NGỌC DƯƠNG - HAI BÀ TRƯNG
4 Tỷ 100 - SỔ ĐỎ RIÊNG 
- NHỎ TIỀN - HIẾM 
•• Nhà 5 tầng khung cột chắc chắn, đủ công năng
Lõi HBT - gần trường, chợ, bệnh viện, đi lại siêu tiện
Mr Kiên Akay - ***(DaLo)
Nhanh tay chốt kẻo mất căn đẹp!",341666666.6666667,4.1,sale,very_small,3_5b
176049889,132362104,"Nhỉnh 4 tỷ 50m đường thông, trung tâm Kim Nỗ, gần cầuThăng Long",4200000000,50.0,Huyện Đông Anh,Xã Kim Chung,Hà Nội,Đất,3.0,10 giờ trước,"DT 50m mặt tiền lớn. Phù hợp khách mua ở, Khách mua giữ tiền càng tốt.
• Mảnh đất Vàng giữa giữa trung tâm Kim Nỗ ( nay là xã Thiên Lộc) 
Lô đất có ưu điểm: khuôn thửa rất đẹp, giá rẻ nhất khu vực. 
🌱 Diện tích 5m2, full thổ cư 
🌱Cách 100m ra Nhà Văn Hoá Khu Dân Cư 
100m ra Chợ Kim Nỗ vs trường học Thiên Lộc
5 phút Cầu Thăng Long , KCN Bắc Thăng Long
Tiềm năng tăng giá cao khi các dự án khu đô thị G19, Hateco Đông Anh đang được triển khai
☎️ Em làm trực tiếp chủ nhà không qua trung gian, Giá luôn ngon hơn các bên.",84000000.0,4.2,sale,small,3_5b
174394422,130946937,"Bán 50m2 Đất Cổ Linh – Thạch Bàn, Đường Ô tô 7 Chỗ ra vào, Ngõ Thông.",8600000000,50.0,Quận Long Biên,Phường Thạch Bàn,Hà Nội,Đất,3.0,9 giờ trước,"Bán 50m2 Đất Cổ Linh – Thạch Bàn, Đường Ô tô 7 Chỗ ra vào, Ngõ Thông.
- Diện tích sổ đỏ 42.8m2, Diện tích thực tế 50m2, mặt tiền 3.7m.
- Đường trước đất rộng hơn 3m, xe ô tô 7 chỗ ra vào, ngõ thông. Cách 40m ra đường ô to tránh.
- Vị trí đất ngay trường học, chợ, khu đô thị. Khu dân cư văn mình
- Sổ đỏ chính chủ, ko tranh chấp, quy hoạch
- Giá: 8.65 Tỷ (có thương lượng)
Liên hệ: Mr Tùng để đi xem đất trực tiếp.",172000000.0,8.6,sale,small,5_10b
175309752,131725179,"CHÍNH CHỦ BÁN BIỆT THỰ VẠN PHÚC 6T THANG MÁY, FULL NỘI THẤT",24200000000,75.0,Quận Hà Đông,Phường Vạn Phúc,Hà Nội,"Văn phòng, Mặt bằng kinh doanh",3.0,5 giờ trước,"Chính chủ cần bán căn biệt thự liền kề hiện đại, sang trọng tại khu đô thị mới Vạn Phúc – Simco Sông Đà (bên cạnh Himlam), đường Tố Hữu, Hà Đông!
📞Liên hệ trực tiếp CHÍNH CHỦ (không qua môi giới)
💰Giá bán 23,9 tỷ (có thương lượng cho khách thiện chí)
Thông tin chi tiết:
Diện tích: 75m²
Kết cấu: 6 tầng
Mặt tiền: 5m rộng thoáng
Nhà full nội thất cao cấp, thiết kế hiện đại
Trang bị thang máy thương hiệu lớn, tải trọng cao
Đường vào rộng, 2 xe ô tô tránh nhau thoải mái
+ Pháp lý: Sẵn sổ đỏ chính chủ
+ Phong thủy đẹp: Hướng Đông Bắc (Hướng Doanh trại Quận đội_Không ảnh hưởng đối diện khu dân cư).
+ Khu dân trí cao, an ninh tốt, đầy đủ tiện nghi (liền kề khu đô thị Cục CSHS_BCA)
+ Thanh khoản tốt, tiềm năng tăng giá cao

💼 Công năng cực linh hoạt , tối ưu đầu tư:
Thiết kế phù hợp văn phòng – kinh doanh:
+ Làm trụ sở công ty, văn phòng đại diện
+ Mặt bằng kinh doanh đa ngành nghề
+ Có thể cải tạo tầng 5–6 làm khu vực ở riêng biệt, tiện vừa ở vừa làm việc
+ Dễ dàng cho thuê từng tầng làm văn phòng → tạo dòng tiền ổn định hàng tháng
🚗 Kết nối giao thông:
Trục Tố Hữu – Lê Văn Lương
Gần đường 70 (đường Vạn Phúc) đi Lê Quang Đạo, Mỹ Đình – Cầu Giấy
Trục kết nối các khu đô thị Himlam, FLC, Louis City, Geleximco, Vinhomes Smart City...
Thuận tiện ra Vành đai 3, 3.5, Đại lộ Thăng Long
📍 Tiện ích xung quanh:
Gần công viên: hồ Trung Văn, Thiên Văn Học, An Hưng
Gần trung tâm mua sắm: AEON Mall Hà Đông, Co.opmart Goldsilk
Gần Bệnh viện Đa khoa Hà Đông",322666666.6666667,24.2,sale,medium,over_10b
176051806,132362108,"Lô đẹp mặt tiền rộng , vỉa hè - đường thoảng đỗ oto thoải mái",19123456789,79.5,Huyện Hoài Đức,Xã Sơn Đồng,Hà Nội,Nhà ở,5.0,10 giờ trước,"Dự án: 
Thông tin chi tiết: Căn vị trí đẹp nằm trong dự án Sơn Đồng Center , kích thước hợp lí để ở và kinh doanb , hạ tầng đã hiện hữu và tiềm năng. Giá còn thoả thuận khi khách thiện trí qua xem",240546626.27672955,19.123456789,sale,medium,over_10b
174745209,131248006,Bán nhà Định Công Thượng – 38m2*4T– full nội thất – Ngõ nông - Gần Ôtô,8950000000,38.0,Quận Hoàng Mai,Phường Định Công,Hà Nội,Nhà ở,4.0,12 giờ trước,"Dự án: 
Thông tin chi tiết: Bán nhà Định Công Thượng – 36m2*4T– full nội thất – Ngõ nông - Gần Ôtô - Chỉ 8,85 tỷ

Mô tả: 
- Diện tích: 38m2, Mt: 4m
- Kết cấu: 4 tầng, thiết kế hiện đại, đủ công năng
- Nhà đẹp, đầy đủ nội thất, dọn vào ở luôn

Vị trí: Trung tâm phố Định Công Thượng, khu dân cư yên tĩnh, an ninh tốt, ngõ rộng thoáng
- Gần chợ, trường học, tiện ích đầy đủ gần nhà, ở thuận tiện.
- Giao thông kết nối gần ngay đường vành đai 2.5, Giải Phóng, Lê Trọng Tấn, Trường Chinh, Ngã Tư Sở..
📕 Sổ đỏ chính chủ, pháp lý rõ ràng

Giá bán: 8,95 tỷ (có thương lượng)
Xin Lh: Em Hạnh Vân xem nhà trực tiếp",235526315.78947368,8.95,sale,small,5_10b
175657741,132024199,Đầy đủ nội thất cạnh Chợ Vân Canh giá Sinh Viên,2800000,18.0,Quận Nam Từ Liêm,Phường Xuân Phương,Hà Nội,Phòng trọ,3.0,12 giờ trước,"Dự án: 
Thông tin chi tiết: Ưu Đãi Độc Quyền! Nhận Phòng Hôm Nay - Lì Xì Ngay 686K! 🌟
Bạn đang tìm kiếm một không gian sống lý tưởng, tiện nghi và an toàn? Đừng bỏ lỡ cơ hội có một không hai này!
Chúng tôi mang đến những căn phòng full nội thất tại tòa nhà mới tinh ngay cổng chợ Vân Canh. Với mức giá chỉ từ 2.8 tr - 3.2 tr, bạn sẽ được trải nghiệm:
 * ⚡️ Lì xì cực khủng 686K khi nhận phòng ngay hôm nay!
 * 🛋️ Nội thất đầy đủ tiện nghi: Chỉ cần xách vali đến và ở!
 * ⬆️ Thang máy hiện đại: Di chuyển thuận tiện, nhanh chóng.
 * 🧯 Hệ thống PCCC đạt chuẩn: An toàn luôn là ưu tiên hàng đầu.
 * 🛵 Chỗ để xe rộng rãi: Không lo thiếu chỗ đậu xe.
 * 🧺 Sân phơi & máy giặt chung: Tiện lợi cho cuộc sống hàng ngày.
 * ✨ Không gian tòa nhà luôn sạch sẽ & an ninh: Đảm bảo sự riêng tư và yên tĩnh.
 * ⏰ Giờ giấc tự do, không chung chủ: Thoải mái như ở nhà mình.
 * 🤝 Quản lý thân thiện, hỗ trợ tận tình: Luôn sẵn lòng giúp đỡ mọi lúc.
Đặc biệt: Đây là cơ hội chính chủ cho thuê, không qua môi giới, giúp bạn tiết kiệm chi phí.
Số lượng có hạn! Liên hệ ngay để không bỏ lỡ: ☎️ Inbox ngay! 🎯🔥
#phongtrovancanh #phongtrotrinhvanbo #phongtrogiare #phongtrosinhvien",155555.55555555556,0.0028,sale,very_small,under_1b
176006104,132323220,"em đang có mảnh gần trường đại học cần bán, giá chỉ 1 tỷ, đất có sổ.",1000000000,56.0,Thị xã Sơn Tây,Phường Xuân Khanh,Hà Nội,Đất,3.0,13 giờ trước,"Nhanh tay sở hữu lô đất thổ cư tại Đường Hữu Nghị, Phường Tùng Thiện, Hà Nội (địa chỉ cũ: Thị xã Sơn Tây, Hà Nội) với diện tích 56 m2, giá chỉ 1 tỷ VND. Lô đất này có đầy đủ pháp lý và nằm ở vị trí thuận tiện cho việc xây dựng nhà ở hoặc đầu tư.

+ Diện tích: 56 m2  
+ Giá: 1 tỷ VND  
+ Hướng cửa chính: Bắc  
+ Pháp lý: đầy đủ 
+ Cách trường đại học 500M, gần bến xe bus 74.

Lô đất có ngõ vào rộng rãi, phù hợp cho xe ô tô và có mặt tiền tốt cho việc kinh doanh. Pháp lý đầy đủ giúp đảm bảo quyền lợi cho người mua.

Địa điểm tiện ích xung quanh:
- Siêu thị Lan Chi Xuân Khanh chỉ cách vài phút đi bộ.
- Gần các trường học và khu dân cư sầm uất.

Liên hệ để biết thêm thông tin chi tiết qua số điện thoại ***, tên liên hệ: Tùng trần thanh.",17857142.85714286,1.0,sale,small,under_1b
176016085,132331423,"bán đất liền kề Phố Hữu Nghị - Phường Tùng Thiện – Hà Nội 1.3 -1,8 tỷ",1500000000,55.0,Thị xã Sơn Tây,Phường Xuân Khanh,Hà Nội,Đất,3.0,13 giờ trước,"
Chính chủ bán đất liền kề Phân Lô Phố Hữu Nghị - Phường Tùng Thiện – Hà Nội 
Đất Hà Nội 1,3Tỉ - 2 tỉ / lô Đất Ở Tại Đô Thị ( em đang có 10 suất ngoại giao giá cực tốt cho nhà đầu tư. 
👉 Cổng Trường Đại Học Hà Nội - Bán kính : 300m Xung quanh Tiện ích 👇
🏬 Trường Mầm Non . C1 . C2 . C3 
🏬 Trường Đại Học Lao Động và Xã Hội
🏬 Trường Đại Học Công Nghiệp VIỆT - HUNG
🏥 Bệnh Viện Đa Khoa
🚘  Bến xe buýt chạy suốt ngày đêm
🏭 Tập Đoàn Viễn Thông Viettel M3
🏭 KCN xuân khanh Công Ty ViNa.kip
🏣 Chợ Trung Tâm 
🏪 Thế Giới Di Động 
🏨- Siêu Thị Lan Chi Max
🏩- Nhà thuốc LONG CHÂU
🍱 Quán Ăn sáng - Cafe - karaoke - Cầm đồ - cắt tóc gội đầu - trà sữa 
👉ĐẶC BIỆT gần VÀNH ĐAI 5 của thủ đô Hà Nội kết nối 
LH em ngay: ***  để được biết về thông tin và được tư vấn để x3 lần tài sản.
ĐỪNG BỎ LỠ",27272727.272727273,1.5,sale,small,1_3b
176044751,132356015,Bán nhà phố Chùa Bộc- 5 tầng dân xây- cách phố 30m- DT 27m2- 8.25 tỷ,8250000000,27.0,Quận Đống Đa,Phường Trung Liệt,Hà Nội,Nhà ở,3.0,14 giờ trước,"Dự án: 
Thông tin chi tiết: 💥🔥‼️ PHỐ CHÙA BỘC- VIP CỦA VIP- PHÂN KHÚC HIẾM

🏠 Bán nhà Phố Chùa Bộc- 5 tầng dân xây- 2 thoáng trước sau- Ngõ thông thẳng ra mặt phố Tây Sơn- Nhà cách 2 mặt phố chỉ 30m- khu san sinh đỉnh- Tiện ích khỏi bàn.

📕 DT 27m2, MT 5m. Thiết kế 3 ngủ đủ công năng

💵 Giá chỉ: 8.25 tỷ có thương lượng

☎️ LH em Huy để xem nhà",305555555.5555556,8.25,sale,very_small,5_10b
176001893,132319153,🏡 BÁN GẤP NHÀ TRƯƠNG ĐỊNH – 61M² – 4 TẦNG – 9.9 TỶ 💥,9900000000,61.0,Quận Hai Bà Trưng,Phường Bạch Mai,Hà Nội,Nhà ở,5.0,9 giờ trước,"🏡 BÁN GẤP NHÀ TRƯƠNG ĐỊNH – 61M² – 4 TẦNG – 9.9 TỶ 💥

📍 Vị trí đẹp, gần các trường ĐH Bách – Kinh – Xây, vài phút lên phố cổ, tiện ích ngập tràn.

✨ Nhà 4 tầng chắc chắn, đang cho thuê dòng tiền 25 triệu/tháng.

✔ Khu dân cư đông đúc
✔ Giao thông thuận tiện
✔ Phù hợp ở kết hợp đầu tư giữ tiền

💰 Giá bán: 9.9 tỷ (có thương lượng)

📞 Liên hệ chính chủ xem nhà ngay!",162295081.96721312,9.9,sale,medium,5_10b
176009025,132325298,ĐẠI LA – LÔ GÓC  – FULL NỘI THẤT – 10M RA PHỐ | 42m2 | 15.2 TỶ,50000000,42.0,Quận Hoàng Mai,Phường Tương Mai,Hà Nội,Nhà ở,5.0,9 giờ trước,"NHÀ ĐẠI LA - TRUNG TÂM QUẬN HAI BÀ TRƯNG
✅ Nhà mới tinh khách chỉ việc xách vali về ở
✅ Lô góc cực thoáng – phòng nào cũng sáng tự nhiên
✅ Thang máy nhập khẩu vận hành êm ái
✅ Full nội thất cao cấp – thiết kế hiện đại
✅ Ngõ rộng thông thoáng – gần phố – đi lại thuận tiện
✅ Khu dân trí cao – an ninh cực tốt
✅ Gần ĐH Bách Khoa – Kinh Tế – Xây Dựng – BV Bạch Mai – Thanh Nhàn
✅ Phù hợp ở gia đình, cho thuê căn hộ, dòng tiền cực tốt
✅ Sổ đỏ vuông đẹp – pháp lý chuẩn – sang tên ngay
✅ Chủ thiện chí – hỗ trợ khách mua nhiệt tình

#Loanle
#NhàĐẹpHaiBàTrưng
#NhàMớiThangMáy
#NhàLôGóc
#NhàFullNộiThất
#NhàGầnBáchKhoa
#NhàĐầuTưDòngTiền
#NhàChoThuêCănHộ
#NhàTrungTâmHàNội
#NhàNgõThông
#Nhà6Tầng
#BánNhàChínhChủ
#NhàGầnBệnhViệnBạchMai
#NhàĐẹpGiáTốt
#MuaNhàHaiBàTrưng
#NhàỞNgay

☎️ Liên hệ xem nhà 24/7: ***
📞 Hỗ trợ pháp lý – vay ngân hàng – xem nhà miễn phí.
",1190476.1904761905,0.05,sale,small,under_1b
175388204,131792819,"Bán Nhà Thạch Bàn - Long Biên, 47m x 5 Tầng Dân Xây, Đường Ô tô tránh,",12300000000,47.0,Quận Long Biên,Phường Thạch Bàn,Hà Nội,Nhà ở,4.0,9 giờ trước,"Dự án: 
Thông tin chi tiết: Bán Nhà Thạch Bàn - Long Biên, 47m x 5 Tầng Dân Xây, Đường Ô tô tránh, Kinh Doanh.
+ Vị trí trung tâm, gần Aeon Long Biên, trục vành đai vào
Nội đô hay đi tỉnh đều tiện.
+ Nhà 5 tầng thiết kế:
- Tầng 1: phòng khách, bếp, vệ sinh
- Tầng 2: phòng ngủ nhỏ
- Tầng 3: 2 phòng ngủ - vệ sinh ngoài
- Tầng 4: 2 phòng ngủ - vệ sinh ngoài
- Tầng 5: sân phơi - trước sau.
+ Sổ đỏ chính chủ, ko tranh chấp, quy hoạch
Giá nhỉnh 12 tỷ (có thương lượng)
Liên hệ: Mr Tùng để đi xem nhà trực tiếp và miễn phí",261702127.65957448,12.3,sale,small,over_10b
175478798,131870642,Bán căn 67m View Hồ Đầm Hồng ở Tòa 183 Hoàng Văn Thái,6200000000,67.0,Quận Thanh Xuân,Phường Khương Trung,Hà Nội,Căn hộ/Chung cư,2.0,10 giờ trước,"Do chuyển chỗ ở mới nên Gia đình tôi cần chuyển nhượng lại căn hộ 2 ngủ 67m ở Tòa Hà Đô - 183 Hoàng Văn Thái
- Tầng đẹp
- View Đẹp
- Nội thất cơ bản.
- Sẵn giao dịch ngay",92537313.43283582,6.2,sale,medium,5_10b
176044675,132356022,Chính chủ cần bán nhà,10900000000,33.0,Quận Đống Đa,Phường Văn Miếu,Hà Nội,Nhà ở,3.0,13 giờ trước,"Mình bán nhà chính chủ ở Ngõ Thổ Quan đi đường Trung phụng vào, từ nhà ra ô tô tránh 20m, ngõ trước mặt nhà 4m, nhà 5 tầng hoàn công, đủ công năng.

🩸Nhà xây khung cột, 5 tầng đẹp, đủ công năng.
🩸Sổ đỏ 33m, nhưng thực tế xây từ tầng 1 là 36m2 và tầng 2 đua ra là 39m2, nhà đã có hoàn công trên sổ.
🩸Thiết kế : 
  + Tầng 1: Phòng khách, bếp, wc.
  + Tầng 2,3,4: 01 phòng, wc.
  + Tầng 5: Phòng thờ và sân phơi.
🩸Ngõ trước nhà 4m, gần phố, vài bước chân ra mặt phố Trung Phụng, Xã Đàn….
🩸Sổ đỏ chính chủ, vuông
Chính chủ cần thương thảo để chốt bán
LH: ***
",330303030.3030303,10.9,sale,small,over_10b
176051876,132362169,Bán CCMN Sau Royal City- Mới Đẹp Mặt Phố Full Nội Thất,1680000000,36.0,Quận Thanh Xuân,Phường Nhân Chính,Hà Nội,Căn hộ/Chung cư,1.0,10 giờ trước,"Dự án: 
Thông tin chi tiết: ❤️ Bán CCMN Mới tinh, siêu rẻ đẹp về ở luôn. Ô tô đỗ cửa, View Mặt Ngõ. Hàng xóm Royal City 

✅ Khu Vực Hồ Quan Nhân, Cự Lộc , Thanh Xuân, Gần nhiều trường đh,chợ và hồ điều hoà

✅ Dt 35m 1pn 1k 1b 1wc đầy đủ công năng

✅ Thang máy thẻ từ bảo vệ 24/24, an ninh tốt

✅ Cam kết tặng đồ đạc xịn như hình: điều hoà, bếp từ,bộ giường tủ decor...

✅ Nhà vuông vắn, chắc chắn thiết kế thông minh. An toàn Pccc đầy đủ

✅ Chuẩn Pháp Lý có sổ gốc cả toà, mua bán công chứng vi bằng

🤝 Giá Siêu rẻ 1,68 tỷ có thương lượng lấy may cho gia đình 

☎️ A/C qtam xin gọi Mr Công ***( zalo.mess,toktok...) để xem nhà #ccmnhanoi #chungcugiare #chungcuminihanoi #chungcuminihanoidep #banchungcuminihanoi",46666666.666666664,1.68,sale,small,1_3b
174885317,131364803,Nhà đẹp Ngọc Thuỵ - 7 tầng thang máy - Gần phố,9600000000,33.0,Quận Long Biên,Phường Ngọc Thụy,Hà Nội,Nhà ở,3.0,9 giờ trước,"Dự án: 
Thông tin chi tiết: SIÊU PHẨM 7 TẦNG THANG MÁY - FULL NỘI THẤT CAO CẤP. 

Diện tích:  33 m2 x 7 tầng
Giá: 9.6 tỷ 

+ Vị trí cách chưa đến 50m là ra mặt phố Ngọc Thuỵ, nhà rất gần Phố.
Bán kính 500m là trường học, chợ dân sinh, công viên, khu đô thị mới Khai Sơn, hưởng mọi tiện ích.

+ Nhà xây 7 tầng thang máy mới kính coong, cực đẹp.
Thiết kế:
Tầng 1: Phòng để xe.
Tầng 2,3,4: Mỗi tầng 1 phòng ngủ Master.
Tầng 5: Phòng khách và bếp siêu đẹp.
Tầng 6: Phòng thờ.
Tầng 7: Sân BBQ.

+ Sổ đỏ chính chủ, pháp lý chuẩn, chủ cực thiện chí bán.
Liên hệ: em Lan",290909090.90909094,9.6,sale,small,5_10b
138677501,100433859,Căn hộ Studio 38m2 đầy đủ nội thất số 30 Phố Hạ Yên Quyết Trung Kính,6500000,35.0,Quận Cầu Giấy,Phường Yên Hoà,Hà Nội,Căn hộ/Chung cư,1.0,13 giờ trước,"Căn hộ dịch vụ cho thuê dài ngày và ngắn ngày tại số 30 Phố Hạ Yên Quyết, Phường Yên Hoà, Cầu Giấy vào ở được luôn.
 - Nhà nằm cách mặt đường phố Hạ Yên 10m, đường vào rộng, 2 tô con tránh nhau, gần ngã tư Trung Kính Và Phố Hạ Yên. Vị tri rất thuận tiện cho việc đi lại, sinh hoạt, vui chơi, giải trí. Trung tâm thương mại ngay sát, ngay sau Keangnam... Các phòng được thiết kế hết sức hợp lý:
 - Căn hộ rộng được lát sàn gỗ, thiết kế thông thoáng có cửa sổ rộng, ban công phơi đồ riêng biệt. + Gồm 1 phòng ngủ, khách và bếp.
 - Mỗi phòng được trang bị điều hòa 2 chiều, tivi giường, tủ quần áo, bộ bàn ghế sofa, cửa sổ có rèm cản nắng cực đẹp, trần thạch cao, đèn ngủ đủ cả, bàn bếp xịn, bàn ăn,hút mùi, bồn rửa bát xịn, sàn gỗ cao cấp.  
-khu bếp có bàn bếp, tủ bếp, bếp từ đôi, tủ lạnh, hút mùi, đầy đủ ánh sáng, gió và không khí vào phòng.
 - Nhà vệ sinh có thiết bị vệ sinh Inax cao cấp, bình nóng lạnh, ốp lát gạch Prime sang trọng hiện đại.
  - Tòa nhà trang bị thang máy cao cấp, máy giặt, truyền hình cáp, mỗi căn hộ được cấp thẻ từ thang máy riêng.  
- Tòa nhà có bảo vệ 24/24 nên an ninh cực ổn, ra vào thoải mái, nhà để xe rộng rãi gần 300m2.
 - Giá  6.500.000-7.000.000 đ/ tháng. DT Các phòng 30m2. 
- Gía thuê theo ngày 400.000 đ/ ngày.( tuần dọn phòng 2 lần thay chăn ga )
+ Địa chỉ: Số nhà 30 ngõ 32  phố Hạ Yên Quyết, phường Yên Hoà, Cầu Giấy, HN.",185714.2857142857,0.0065,sale,small,under_1b
174993378,131456967,"CẦN BÁN GẤP LIỀN KỀ MẶT TIỀN 7,5M",26500000000,90.0,Huyện Gia Lâm,Xã Đặng Xá,Hà Nội,"Văn phòng, Mặt bằng kinh doanh",3.0,13 giờ trước,mình cần bán gấp căn liền kề khu đô thị Vinhomes đặng xá gia Lâm Hà Nội căn sao biển 7-05 .dân cư đông đúc văn minh. ai có nhu cầu liên hệ chính chủ,294444444.4444444,26.5,sale,medium,over_10b
174497154,131035111,"Đất Thổ cư SĐCC 34.8m2 Đồng Mai, Phường Yên Nghĩa, Hà Nội",3250000000,34.7999,Quận Hà Đông,Phường Đồng Mai,Hà Nội,Đất,3.0,4 giờ trước,"Đất Thổ cư SĐCC 34.8m2 Đồng Mai, Phường Yên Nghĩa, Hà Nội.

Nhà mình có mảnh thổ cư chính chủ muốn bán.
Diện tích 34.8m2 vuông vắn nở hậu tại ngõ Cống Đá, Đồng Mai.
Đất trong khu dân cư có sẵn đông và rất thoáng, sổ đã có từ 2021.

Nay cần bán để dùng làm kinh doanh.
Hiện khu Đồng Mai khá gần các trung tâm, bến xe và cách đường đê Yên Nghĩa mở rộng có 200m nên rất thuận tiện.
Giá hợp lý với các gia đình trẻ để ở và sinh sống lâu dài.",93391072.96285334,3.25,sale,small,3_5b
175772819,132122620,❗TRẦN THÁI TÔNG – SÀN VP 186m² | BUILDING ĐẦY ĐỦ PCCC,35000000,186.0,Quận Cầu Giấy,Phường Dịch Vọng Hậu,Hà Nội,"Văn phòng, Mặt bằng kinh doanh",3.0,38 phút trước,"❗TRẦN THÁI TÔNG – SÀN VP 186m² | BUILDING ĐẦY ĐỦ PCCC

📍 Dịch Vọng Hậu – lõi văn phòng Cầu Giấy, tuyển dụng & tiếp cận khách hàng cực dễ

• Diện tích: ~186m²/sàn
• Mặt tiền: 11m
• Giá thuê: từ 3x triệu/sàn
• Tòa nhà: 7 tầng + 1 hầm, thông sàn, 2 thang máy, PCCC chuẩn

• Phương án thuê:
– T1–2: MBKD
– T3–7: Văn phòng
→ Thuê lẻ hoặc cả tòa

✔️ Phù hợp: Công nghệ, tài chính, đào tạo, thẩm mỹ, showroom

👉 Không hợp: Mô hình nhỏ, ít nhân sự

💬 Comment “TTT” + quy mô (ví dụ: 30–50 người) để nhận layout & đặt lịch xem
📞 Call/Zalo: ***",188172.04301075268,0.035,sale,large,under_1b
176063172,132371799,"CHUNG CƯ HOÀNG MAI – 80M² – 2 NGỦ 2 VS – CHỈ 5,3 TỶ",5300000000,80.0,Quận Hoàng Mai,Phường Tương Mai,Hà Nội,Căn hộ/Chung cư,2.0,26 phút trước,"Dự án: 
Thông tin chi tiết: CHUNG CƯ HOÀNG MAI – 80M² – 2 NGỦ 2 VS – CHỈ 5,3 TỶ

Diện tích 80m² thiết kế 2 phòng ngủ, 2 vệ sinh rộng rãi, tối ưu công năng sử dụng.
Căn hộ nằm tại vị trí trung tâm quận Hoàng Mai, giao thông thuận tiện, đầy đủ tiện ích sống như trường học, chợ, siêu thị, trung tâm thương mại.

Sổ đỏ chính chủ, sang tên nhanh gọn.

Giá chỉ 5,3 tỷ.

Liên hệ *** xem nhà trực tiếp.",66250000.0,5.3,sale,medium,5_10b
175911565,132241233,"Bán CC Mini Mặt Phố Đội Cấn Ba Đình, Rất Mới Thoáng Đẹp. Giá Rẻ",1790000000,35.0,Quận Ba Đình,Phường Đội Cấn,Hà Nội,Căn hộ/Chung cư,1.0,21 phút trước,"Dự án: 
Thông tin chi tiết: ❤️Chính Chủ gửi Bán CCMN Mới,Thoáng, Rất Đẹp gần Mặt Phố . Khu phố Văn Minh, Lịch Sự

✅ Khu Vực Đội Cấn, Giang Văn Minh. Trung tâm kinh tế giao thương sầm Uất

✅ Dt 35m 1n1wc 1ban công .mặt phố Đội Cấn mấy bước chân Ô Tô đỗ. Toà mới đẹp

✅ Cam kết tặng full đồ như hình cho gia đình

✅ Thang máy, bảo vệ đầy đủ. Dịch vụ rẻ. Điện nước giá dân, An toàn Pccc đạt chuẩn

✅ Có Sổ Gốc cả toà. Lên Công Ty ký Hđ Mua Bán trực tiếp với Chủ Đầu Tư

🤝 Giá rẻ 1,7x tỷ có tl thiện chí cho gia đình

☎️Lh *** (zalo, mess,tiktok..) lấy vd và e tư vấn miễn phí 24/24 #ccmnhanoi #chungcugiare #chungcuminihanoi #chungcuminihanoidep #banchungcuminihanoi",51142857.14285714,1.79,sale,small,1_3b
176541943,132784129,Nhà 4T Căn Góc oto Tránh + Hè cách MP Tam Trinh,36000000000,105.0,Quận Hoàng Mai,Phường Hoàng Văn Thụ,Hà Nội,Nhà ở,6.0,7 giờ trước,"Dự án: 
Thông tin chi tiết: BÁN CĂN NHÀ CÓ KHỔ ĐẤT ĐẸP, SIÊU HIẾM CÓ 102 CÒN SÓT LẠI Ở QUẬN HAI BÀ TRƯNG.

- Vị trí trung tâm đắc địa ngay nút giao Vành Đai 2 với Giải Phóng & phố Vọng Và Trần Đại Nghĩa.

- Hàng xóm của trường ĐH Bách - Kinh - Xây và BV Bạch Mai, Tai Mũi Họng, Da Liễu, Việt Pháp, Lão Khoa.

- Nhà nằm trên mặt ngõ chính đường phân lô bàn cờ rộng oto tránh nhau ngõ thẳng tắp ra mặt phố.

- Vỉa hè 2 bên thoáng dừng đỗ xe oto thoải mái. Xung quanh toàn toà nhà trụ sở công ty, tập đoàn.

- Dt sổ đỏ 105m mặt tiền 9m vuông vắn 2 mặt thoáng cực hiếm còn sót lại Hai Bà Trưng.

+ Cam kết không lỗi lầm phong thuỷ và ko bị quy hoạch theo bản đồ mớ nhất quy hoạch 100 năm của HN.

+ Khổ đất đẹp đủ điều kiện có thể chia tách thành 2 thửa đất, đất xây được cao tầng không bị hạn chế.

+ Nhà hiện trạng 4,5 tầng xây kiên cố thiết kế mỗi tầng 2pn 1wc có giếng trời cải tạo lắp được thang máy.

- Rất phù hợp xây cao tầng có hầm để làm bệnh viện, trung tâm anh ngữ, khách sạn,  trụ sở cty, văn phòng...

Gia chủ rất thiện trí bán giá nhỉnh 36tỷ SĐCC pháp lý sạch.

LH: Mr Hiệp ***",342857142.85714287,36.0,sale,large,over_10b
176004352,132321281,"Bán đất tại Đan Tảo, xã Tân Minh, Sóc Sơn, TP Hà Nội",2750000000,85.0,Huyện Sóc Sơn,Xã Tân Minh,Hà Nội,Đất,3.0,7 giờ trước,"Chính chủ bán đất: 
+ Diện tích: 85m² full thổ cư 100% (17x5m, hướng Đông Nam) – thôn Đan Tảo, Tân Minh, Sóc Sơn.
+ Vị trí đẹp, cách xe Bus 200m, cách QL3 khoảng 2km (đang mở rộng QL3 thành 6 làn đường) gần các dự án trọng điểm: trường đua ngựa, Khu công nghiệp sạch; tuyến đường rộng 50m: Nối Quốc lộ 3 đến đường Vành đai phía Đông....
+ Tiện ích đầy đủ: gần trường học, chợ, khu vui chơi giải trí, khu nghỉ dưỡng, an ninh tốt, dân trí cao
+ Tiềm năng tăng giá mạnh – phù hợp đầu tư sinh lời nhanh
+ Giá bán: 2.75 tỷ
+ Các bác đầu tư có thể yêu cầu chủ đất lên văn phòng đăng ký đất đai Sóc Sơn hoặc UBND xã kiểm tra Quy hoạch và Pháp lý
+ Liên hệ để nhận thông tin và vị trí chính xác: ***",32352941.17647059,2.75,sale,medium,1_3b
176520104,132765705,🌹🌹🌹BÁN NHÀ ĐÊ LA THÀNH - NHÀ MỚI - THANG MÁY - FULL NỘI THẤT,9500000000,32.0,Quận Đống Đa,Phường Láng Thượng,Hà Nội,Nhà ở,4.0,6 giờ trước,"🌹🌹🌹 BÁN NHÀ ĐÊ LA THÀNH - TRUNG TÂM ĐỐNG ĐA - NHÀ MỚI - THANG MÁY - FULL NỘI THẤT - 10M RA PHỐ - BAY NHANH 🌹🌹🌹

- Nhà 6 tầng Đê La Thành - Mặt tiền 5m
- Vị trí: Nhà ngay cạnh Ngã tư ô chợ dừa, xã đàn, tôn đức thắng, khâm thiên, nguyễn lương bằng.
- Ngõ nông cách phố 10M trước nhà rộng thoáng mát, Full nội thất khách chỉ việc sách vani đến ở. 

- Gần nhiều trường các cấp 1,2,3 , gần nhiều chợ Dân Sinh, xung quanh nhiều tổ hợp Công ty, Văn phòng lớn nhỏ, tiện ích bạt ngàn. Khu vực lõi Đống Đa, gần nhiều trường CĐ, ĐH, không thiếu khách thuê.

* Thiết Kế: 6 tầng
- Tầng 1: phòng khách, bếp, vs
- Tầng 2,3,4,5: mỗi tầng 1 phòng , vs
- Tầng 6: phòng thờ, sân phơi. 

📕Pháp Lý: Sổ đỏ Vuông đẹp, sẵn sàng giao dịch.

☎️ Gọi Ngay E Dinh Hotline: ***. Để được tư vấn và xem nhà
 ❤️Uy Tín - Minh Bạch - Giá cả hợp lý ❤️",296875000.0,9.5,sale,small,5_10b
176544243,132786186,SỔ ĐỎ VĨNH VIỄN ! CHUNG CƯ C1 VÕ CHÍ CÔNG_PHÚ THƯỢNG_TÂY HỒ,1550000000,52.0,Quận Tây Hồ,Phường Phú Thượng,Hà Nội,Căn hộ/Chung cư,2.0,6 giờ trước,"Chung cư  C1 Võ Chí Công - Phú Thượng - Hồ Tây

Căn hộ gần nhiều trường học - siêu thị - chợ - đầy đủ tiện nghi - nội thất cơ bản đầy đủ.

Sổ hồng sở hữu vĩnh viễn - Nội thất đầy đủ.

Tòa nhà thiết kế tầng 1 để xe, có đầy đủ hệ thống phòng cháy chữa cháy tự động, an ninh tòa nhà bảo vệ chuyên nghiệp.

Liên hệ trực tiếp Trường Chủ Đầu Tư xây dựng để mua nhà giá gốc ***.

Add Zalo để nhận video căn hộ. (Lưu ý miễn môi giới trung gian).",29807692.307692308,1.55,sale,small,1_3b
176544259,132786189,Bán đất xen kẹt,800000000,36.0,Quận Hoàng Mai,Phường Lĩnh Nam,Hà Nội,Đất,3.0,6 giờ trước,"Tôi có mảnh đất nông nghiệp đang có nhu cầu bán. Giá cả có thể thương lượng. Đất vuông đẹp, xung quanh đã nhiều nhà xây và có sổ đỏ.",22222222.222222224,0.8,sale,small,under_1b
176541958,132784142,"TT125 - Căn hộ 1pn giá rẻ ngay Hồ Tùng Mậu, ĐH Công Nghiệp có ban công",3950000,30.0,Quận Bắc Từ Liêm,Phường Minh Khai,Hà Nội,Căn hộ/Chung cư,1.0,7 giờ trước,"🔥 CĂN HỘ 1 NGỦ – CẦU DIỄN – BẮC TỪ LIÊM 🔥
📍 Địa chỉ: TingTong 125 – Ngõ 132 Cầu Diễn
🏠 Căn hộ 1 khách 1 ngủ – có ban công riêng

💰 Giá thuê ưu đãi chỉ từ 3tr950/tháng
🛋 Full nội thất cơ bản – dọn vào ở ngay
Gồm: giường, tủ, điều hòa, nóng lạnh, tủ bếp trên dưới, bàn ăn, tab đầu giường

⚡ Dịch vụ rõ ràng:
🔌 Điện: 4.200đ/số
🌐 Wifi: 100.000đ/phòng
🔋 Sạc xe điện: 90.000đ/xe
🧹 Dịch vụ chung: 320.000đ/người
Gồm: vệ sinh, thang máy, máy giặt, nước, nước Coway
🎓 Gần công viên Hateco, chợ Nguyên Xá, Winmart, ĐH Công Nghiệp, CĐ FPT, khu Minh Khai. Ngõ rộng, gần điểm xe bus, dễ tìm",131666.66666666666,0.00395,sale,very_small,under_1b
176546629,132788248,"Đất thổ cư vuông đẹp , đã cấp phép đang xây dựng đường oto rộng 5m",12000000000,53.2,Quận Long Biên,Phường Cự Khối,Hà Nội,Đất,3.0,4 giờ trước,"Đất thổ cư chính chủ 53,2 m2,  đã cấp phép xây dựng, đang thi công hết tầng 1, cần bán theo tiến độ thi công. đường rộng 5 m, dân cư văn minh, cạnh nhà có sân rộng, trước cửa là nhà văn hóa hưởng nhiều tiện ích, tầng 1 kinh doanh đón lõng cả khu phố.",225563909.7744361,12.0,sale,small,over_10b
176534803,132778015,"💥💥💥5 tầng thang máy mt 4m, KD, giá 10,x tỷ",10300000000,55.0,Huyện Thanh Trì,Xã Ngũ Hiệp,Hà Nội,"Văn phòng, Mặt bằng kinh doanh",3.0,11 giờ trước,"Dự án: 
Thông tin chi tiết: Không có gì để chê từ vị trí đến thông số nhà ở. Đẹp mỹ mãn theo góc nhìn của một ksxd. 
5 tầng thang máy mặt tiền quyền lực, ở hay cho thuê KD đều ok. 
Nhà mới tinh thiết kế siêu hợp lý. 
Sđcc sẵn sàng giao dịch. 
Lh e Tuấn *** để xem nhà gặp chủ đàm phán",187272727.27272728,10.3,sale,small,over_10b
176506366,132753442,Bán CCMN xã đàn ( hơn 10 m ra ô tô-12 PN). S:40m. 5 tầng. giá 6.98 tỷ,6980000000,40.0,Quận Đống Đa,Phường Trung Tự,Hà Nội,Nhà ở,11.0,11 giờ trước,"Dự án: 
Thông tin chi tiết: ❤️❤️TOÀ NHÀ CCMN - XÃ ĐÀN - ĐỐNG ĐA - HƠN 10 M RA ĐƯỜNG Ô TÔ. FULL NỘI THẤT -12 PHÒNG- DÒNG TIỀN 50 TR/ tháng- HIẾM CÓ KHÓ TÌM❤️❤️


Mô tả:
- Toà nhà ccmn xã đàn thông  thoáng.  Đống Đa hiếm nhà bán. dễ cho thuê. hơn 10 m ra đường ô tô. l 12 Phòng Ngủ Khép Kín Full Nội Thất Cao Cấp. Doanh Thu Gần 50tr/1 tháng, Đã Full Điều Hoà, Nóng Lạnh, Hút Mùi, Tủ Lạnh, Bếp Từ, Bộ Chăn Ga, Gối Nệm,… diện tích sử dụng gần 40 m
- Nhà khu dân trí cao nhiều tiện ích

Thiết kế:
+ T1: Để xe + 1phòng full.
+ T2  3 phòng full
+ T3  3 phòng full
+ T4  3 phòng full
+ T5 2 phòng full + sân phơi.

-Sổ đỏ chính chủ sang cất két.
-lh:***",174500000.0,6.98,sale,small,5_10b
176491978,132741164,"Bán nhà - Mặt đường Hoàng Đạo Thành - DT 87,3 m2, 3 Tầng- 10,7 TỶ",10700000000,87.3,Quận Thanh Xuân,Phường Khương Đình,Hà Nội,Nhà ở,4.0,9 giờ trước,"🔥 NHÀ ĐẸP CHÍNH CHỦ MẶT ĐƯỜNG HOÀNG ĐẠO THÀNH – KINH DOANH TỐT – GIÁ 10.7 TỶ 🔥

🏡 Thông tin chi tiết:
• Tổng diện tích sử dụng: 87,3m², bao gồm:
- Diện tích sổ: 16.5m²
- Diện tích sử dụng (theo Hồ sơ trích đo thửa đất): 70,8m²
• 3 tầng, mặt tiền 3m, kinh doanh tốt
• Nhà sạch sẽ, full nội thất, vào ở ngay

📍 Vị trí cực đỉnh:
• Cách chợ Kim Giang chỉ ~140m
• Cách trường tiểu học Kim Giang chỉ ~50m
• Mặt phố Hoàng Đạo Thành, xung quanh cửa hàng buôn bán sầm uất

🛋 Thiết kế:
• Tầng 1: Cửa hàng + Phòng khách + bếp + phòng ngủ + sân (có nhà vệ sinh ở sân) + 1 studio khép kín
• Tầng 2: Phòng ngủ + Nhà vệ sinh
• Tầng 3: Phòng thờ + phòng ngủ

💰 Giá: 10.7 tỷ (có thương lượng) 

📞 Liên hệ Zalo để xem nhà",122565864.83390607,10.7,sale,medium,over_10b
176542020,132784181,"🔥🔥2 ngủ 46m 1,9x tỷ tại Linh Đàm",1900000000,46.0,Quận Hoàng Mai,Phường Hoàng Liệt,Hà Nội,Căn hộ/Chung cư,2.0,7 giờ trước,"Dự án: 
Thông tin chi tiết: Bố mẹ ko phải đau đầu tìm nhà thuê cho con đi học đhoc
Linh đàm ngay gần bách khoa xây dựng đhoc y hà nội kinh tế quốc dân ngân hàng thuỷ lợi công đoàn
Gần ngay bạch mai tai mũi họng vinmec sản hà nội nhi trung ương
500m ra bến giáp bát nước ngầm về quê cực tiện
Giá 1,9x tỷ
2 ngủ
Full đồ nội thất
Ảnh thật nhà
Lhe ***",41304347.82608695,1.9,sale,small,1_3b
176334251,132606004,Cần bán 2PN-55m-4 tỷ Vinhomes Smart City,4000000000,55.0,Quận Nam Từ Liêm,Phường Tây Mỗ,Hà Nội,Căn hộ/Chung cư,2.0,11 giờ trước,"Gia đình chuyển về quê cần bán lại căn hộ 2PN tại kđt Vinhomes Smart City
Nội thất: đầy đủ mới nhà sắm để ở nên làm chỉnh chu
Diện tích sử dụng: 55m 
Tim tường 60m
Giá bán 4 tỷ 
Pháp lý sẵn sổ đỏ giao dịch",72727272.72727273,4.0,sale,small,3_5b
176537193,132780114,"ĐẤT 52m2 , 2 mặt tiền Lai xá , sát QL32 , GẦN GA METRO NHỔN , OTO đỗ",6550000000,52.0,Huyện Hoài Đức,Xã Kim Chung,Hà Nội,Đất,3.0,10 giờ trước,"Dự án: 
Thông tin chi tiết: ĐẤT 2 MẶT ĐƯỜNG LAI XÁ - OTO ĐỖ CỬA  - 100m ra QL32 
Dt 52m2 sổ đỏ vuông A4 
Pháp lý chuẩn ko quy hoạch 
Giá nhỉnh 6 tỷ 
Gần Ga Metro nhổn chỉ 500m 
Đi cầu giấy 15p lái xe 
Vị trí sầm uất dân cư đông gần ĐH Công Nghiệp , ĐH Thành đô - XÂY DỰNG CCMN HÁI RA TIỀN 
Lhe kiên",125961538.46153846,6.55,sale,small,5_10b
176482644,132733025,📍 Vị trí đắc địa ngay trung tâm Mễ Trì Hạ,80000000,120.0,Quận Nam Từ Liêm,Phường Mễ Trì,Hà Nội,"Văn phòng, Mặt bằng kinh doanh",3.0,2 giờ trước,"🏢 Thông tin tòa nhà:
✔️ 01 mặt bằng kinh doanh tầng 1 cực đẹp
✔️ 03 sàn văn phòng thông sàn hiện đại
✔️ Diện tích: 120m²/sàn
✔️ Mặt tiền rộng 7,5m cực kỳ nổi bật
✔️ Nhà mới hoàn thiện – thiết kế hiện đại, sang trọng
✔️ Phù hợp làm showroom, ngân hàng, spa, trung tâm đào tạo, văn phòng công ty, thương hiệu lớn…
✨ Lợi thế nổi bật
– Khu vực tập trung nhiều văn phòng, chung cư, cư dân cao cấp
– Vỉa hè rộng, dễ nhận diện thương hiệu
– Không gian chuyên nghiệp, tối ưu công năng sử dụng
– Khai thác kinh doanh ngay không cần sửa chữa
- Ô tô đỗ cửa thoải mãi ....
- Lh ***
",666666.6666666666,0.08,sale,large,under_1b
169286393,126525554,TT88 - CCMN FULL ĐỒ HOÀNG QUỐC VIỆT - VÕ CHÍ CÔNG XUÂN LA,3550000,25.0,Quận Tây Hồ,Phường Xuân La,Hà Nội,Căn hộ/Chung cư,1.0,10 giờ trước,"🔥 KHU VỰC HOÀNG QUỐC VIỆT - XUÂN LA 🔥 Mã tòa: TingTong 88
📍 Địa chỉ: ngõ 78 VÕ CHÍ CÔNG

🏠 Phòng trống: 301
📏 Diện tích: 25m² - Studio
💰 Giá thuê: ưu đãi chỉ còn 3tr550

🛋 Đủ đồ cơ bản y hình
⚡ Chi phí dịch vụ hợp lý:
Điện: 4.2k/số, Wifi: 100k/phòng, Sạc xe điện: 90k/xe
Dịch vụ chung: 280k/người (vệ sinh 50k, thang máy 50k, máy giặt 60k, nước 120k)
📞 Liên hệ ngay: TingTong",142000.0,0.00355,sale,very_small,under_1b
176534886,132778106,"Giảm sốc 300tr! CHCC Đặng xá 60,5m2 2N1WC SĐCC!!!",2830000000,60.5,Huyện Gia Lâm,Xã Đặng Xá,Hà Nội,Căn hộ/Chung cư,2.0,11 giờ trước,"Chính chủ cần tiền giảm giá sâu 300 triệu!
+Giá chỉ còn nhỉnh 2,8x tỷ(có thương lượng)
CHCC toà nhà D17,18,19 
+DT: 60,5m2 Thiết kế 02 Ngủ, 01 WC, Phòng khách rộng thênh thang!
+ Nội thất cơ bản về ở ngay!
+ KĐT Đặng xá công viên thảm cỏ, bãi gửi xe, siêu thị ngay dưới sân tiện ích vô cùng!
+Toà nhà gần ngay trường tiểu học cấp 12 Cao bá Quát con cái đi bộ đến trường học an ninh an toàn tuyệt đối!!!
Liên hệ ngay Phúc Thành sđt Zalo để được tư vấn và hỗ trợ xem nhà miễn phí!!!!!",46776859.50413223,2.83,sale,medium,1_3b
176177888,132470908,Chính chủ cần bán căn 2PN tầng trung siêu đẹp tại Home City,8000000000,70.0,Quận Cầu Giấy,Phường Yên Hoà,Hà Nội,Căn hộ/Chung cư,2.0,6 giờ trước,"Gia đình tôi chuyển đổi nhu cầu nên muốn bán lại căn 2 phòng ngủ – 70m² tại V4 Home City 177 Trung Kính, Yên Hoà, Hà Nội.

✔ Tầng trung đẹp
✔ Ban công Đông Nam, nhà khá thoáng và mát mẻ quanh năm
✔ Nội thất đẹp, đầy đủ.
✔ View công viên, không gian dễ chịu, yên tĩnh
✔ Nhà gia đình đang ở nên giữ gìn rất cẩn thận, sạch sẽ, nhiều ánh sáng tự nhiên ☀️

💰 Giá hơn 8 tỷ chút (có thương lượng)

📩 Anh/chị quan tâm gọi trực tiếp hoặc zalo chính chủ theo số:
📞 *** (chú Hậu)",114285714.28571428,8.0,sale,medium,5_10b
176544388,132786304,SỔ ĐỎ VĨNH VIỄN_CHUNG CƯ C1 NGUYỄN TRÃI_THƯỢNG ĐÌNH_THANH XUÂN,1480000000,50.0,Quận Thanh Xuân,Phường Thượng Đình,Hà Nội,Căn hộ/Chung cư,2.0,5 giờ trước,"Chung cư giá rẻ C1 Nguyễn Trãi - Thượng Đình - Thanh Xuân

Hệ thống phòng cháy chữa cháy hiện đại như chung cư cao cấp.

Căn hộ gần nhiều trường học - siêu thị - chợ - đầy đủ tiện nghi - nội thất cơ bản đầy đủ.

Tòa nhà thiết kế tầng 1 để xe, có đầy đủ hệ thống phòng cháy chữa cháy tự động, an ninh tòa nhà bảo vệ chuyên nghiệp. Sổ hồng sở hữu vĩnh viễn.

Liên hệ trực tiếp Trường chủ đầu tư xây dựng để mua nhà giá gốc

Add zalo để nhận video căn hộ. (Lưu ý miễn môi giới trung gian).",29600000.0,1.48,sale,small,1_3b
174286923,130855049,"Chỉ từ 1,4tr có phòng trọ full đồ. Ban công ánh sáng ngập tràn. Ở Trần",1400000,12.0,Quận Đống Đa,Phường Ô Chợ Dừa,Hà Nội,Phòng trọ,3.0,9 giờ trước,"Chỉ từ 1,4tr có phòng trọ full đồ. Ban công ánh sáng ngập tràn. Ở Trần Quang Diệu. Đống Đa HN

Phòng đơn. Khoá vân tay. Giờ tự do. Không chung chủ. Phân lô. Ô tô tránh nhau. Full đồ. Ban công. Ánh sáng tự nhiên. Sale tụt quần cho khách chốt ngay. Mại dô ae ơi. 

LH. ***/ *** C Thương chủ nhà có tâm nhất HN",116666.66666666667,0.0014,sale,very_small,under_1b
174420565,131012765,"VP 185 Chùa Láng 40m2 Full Đồ: 11.5Tr, Giảm 50% Tháng 1, HH MG 120%",11500000,40.0,Quận Đống Đa,Phường Láng Thượng,Hà Nội,"Văn phòng, Mặt bằng kinh doanh",3.0,8 giờ trước,"
Diện tích: 40m²

Giá thuê: 11.5 Triệu/tháng (Có thương lượng cho khách thiện chí)

Địa chỉ: Số 185 Chùa Láng, Phường Láng Thượng, Đống Đa, Hà Nội.

✨ ƯU ĐIỂM NỔI BẬT:

Vị trí vàng: Khu vực sầm uất, gần ĐH Ngoại Thương, Ngoại Giao, Luật, Vincom Nguyễn Chí Thanh... thuận tiện giao dịch và tuyển dụng.

Tiện ích: Phòng đã trang bị FULL NỘI THẤT hiện đại, chỉ việc xách máy tính vào làm việc ngay.

Phù hợp: Trung tâm ngoại ngữ, văn phòng giáo dục, Startup, doanh nghiệp nhỏ.

🎁 ƯU ĐÃI ĐẶC BIỆT

Hỗ trợ doanh nghiệp: Giảm 15% - 30% phí tư vấn pháp lý, cho doanh nghiệp mới.

🤝 GÓC HỢP TÁC ANH EM MÔI GIỚI:
Bên mình mở quỹ căn 40m2 cực đẹp này, nhờ anh em đẩy hàng giúp. Cơ chế net, rõ ràng:

Hoa hồng (HH): Từ 70% - 120% (Tùy theo thời hạn hợp đồng).

Hỗ trợ xem phòng 24/7, chốt nhanh, thanh toán HH ngay khi ký hợp đồng.

📞 LIÊN HỆ CHÍNH CHỦ:

Hotline/Zalo: ***

Địa chỉ: Số 185 Chùa Láng, Đống Đa, Hà Nội.",287500.0,0.0115,sale,small,under_1b
174895039,131373215,"Bán CCMN Phạm Hùng, Thiền Hiền Siêu Đẹp Xịn Nội Thất, Đông Nam Mặt Ngo",2220000000,52.0,Quận Nam Từ Liêm,Phường Mỹ Đình 1,Hà Nội,Căn hộ/Chung cư,2.0,11 giờ trước,"Dự án: 
Thông tin chi tiết: 🩷 Bán CCMN Siêu Đẹp Thoáng, Tầng Đẹp 3/9, Tặng Full Nội Thất Xịn Decor. Ô tô đỗ

✅ Tìm Chủ mới tâm huyết cho căn hộ mẫu

✅ Ngay Phạm Hùng, Thiên Hiền, Cầu Giấy. Cách Bxe Mỹ Đình 500m, Đối Diện CV Dịch Vọng

✅ Khu vực sàm uất, gần Đh Quốc Gia, Sư Phạm,Báo Chí, Thương Mại

✅ Dt 52m 2ngủ 1wc 1ban công siêu thoáng Đông Nam, cửa chính Đông Bắc

✅ Tặng toàn bộ nội thất decor xịn hơn 100tr. Là căn hộ mẫu trong toà

✅ An toàn Pccc, cảm biến từng căn, chữa cháy tự động. Thang máy bve 24/24. Dịch vụ rất rẻ

✅Có sổ đỏ chung cả toà, có giấy phép xây dựng. Mua bán Công Chứng chuẩn chỉ với chính Chủ Đầu Tư uy tín

🤝Giá thiện chí 2,22 tỷ có thương lượng hữu duyên may mắn cho khách hàng tâm huyết

☎️Lh ***( zalo, mess,tiktok...) xem nhà 24/24 tư vấn miễn phí và gặp chính chủ mua giá gốc #ccmnhanoi #chungcugiare #chungcuminihanoi #chungcuminihanoidep #banchungcuminihanoi",42692307.692307696,2.22,sale,small,1_3b
168249178,125626531,"BÁN ĐẤT LIÊN NINH THANH TRÌ – Ô TÔ ĐỖ CỬA, 2 MẶT THOÁNG – 40M² –2.5 TỶ",2500000000,40.0,Huyện Thanh Trì,Xã Liên Ninh,Hà Nội,Đất,3.0,46 phút trước,"🏡 BÁN ĐẤT LIÊN NINH THANH TRÌ – Ô TÔ ĐỖ CỬA, 2 MẶT THOÁNG – 40M² –2.5 TỶ
SIÊU PHẨM ĐẤT ĐẦU TƯ LÂU DÀI - 2 MẶT TRƯỚC SAU - Ô TÔ ĐỖ CỬA, CHỦ RẤT THIỆN CHÍ BÁN
✅ Chủ là cán bộ hưu trí, sở hữu nhiều mảnh đất tại khu vực Liên Ninh. Nay cần cân đối lại tài chính để hỗ trợ con cháu kinh doanh nên quyết định bán bớt. Đất giữ lâu năm, vị trí cực đẹp – sẵn sàng nhường lại cho nhà đầu tư thiện chí, muốn “xuống tiền” sinh lời nhanh.
✅Nằm trung tâm Liên Ninh, Thanh Trì – giao thông thuận tiện. Gần chợ, trường học các cấp, bệnh viện Thăng Long, Nội Tiết, ĐH Nông Nghiệp. Bao quanh là hệ sinh thái khu đô thị lớn: Hồng Hà Ecocity, IEC, Tecco, Pháp Vân, Linh Đàm… Tiềm năng tăng giá cao.
✅Mảnh đất vuông vắn, dễ quy hoạch xây dựng, phù hợp xây nhà để bán, cho thuê hoặc đầu tư ngắn hạn – Sinh lời rõ rệt theo chu kỳ khu vực đang phát triển nhanh.
✅ Sổ đỏ chính chủ, pháp lý sạch – Sẵn sàng công chứng sang tên ngay.
📞 Tôi là TRƯƠNG BĐS – chuyên khu vực Thanh Trì. Đồng hành cùng nhà đầu tư chọn đúng cơ hội – Đúng thời điểm. Thông tin rõ ràng – Pháp lý minh bạch – Hỗ trợ từ A-Z.
📞 Gọi ngay Trương BĐS – 034*** để sở hữu mảnh đất sinh lời cao tại Liên Ninh!
Với tầm tài chính 2.5 tỷ, đây là “cửa vào” hợp lý cho nhà đầu tư thông thái – đừng bỏ lỡ!",62500000.0,2.5,sale,small,1_3b
174286973,130855086,"Sale mạnh phòng trọ đơn từ 1,4tr cạnh Thái Hà. Đống Đa. Hà Nội. Full đ",1400000,12.0,Quận Đống Đa,Phường Láng Hạ,Hà Nội,Phòng trọ,3.0,9 giờ trước,"Sale mạnh phòng trọ đơn từ 1,4tr cạnh Thái Hà. Đống Đa. Hà Nội. Full đồ. Full cửa sổ.

Để xe miễn phí. Nhà phân lô. Ô tô tránh nhau. Khoá cửa từ vân tay. Nhà full đồ. Full cửa sổ. Thích hợp bạn nào cần không gian riêng nghỉ ngơi làm việc. 

Phòng trọ cạnh điểm xe bus. Tàu trên cao. Chợ. Siêu thị. Cạnh các tuyến phố lớn. Hoàng Cầu. Thái Hà. Trần Quang Diệu. Nguyễn Lương Bằng. Ô chợ Dừa. Hào Nam. Cát Linh. Giảng Võ. Chùa Bộc. Xã Đàn ....

DT ***/***. Bùi Thương",116666.66666666667,0.0014,sale,very_small,under_1b
176537299,132780207,NHÀ ĐẸP PHÚ THƯỢNG  DÂN XÂY TÂM HUYẾT  3 THOÁNG  Ở NGAY,16000000000,60.0,Quận Tây Hồ,Phường Phú Thượng,Hà Nội,Nhà ở,6.0,10 giờ trước,"NHÀ ĐẸP PHÚ THƯỢNG  DÂN XÂY TÂM HUYẾT  3 THOÁNG  Ở NGAY .
 Trung tâm Phú Thượng  khu vực dân trí cao, an sinh cực tốt
 Thông số vàng:
Diện tích: 60m
Xây dựng: 5 tầng kiên cố
Giá: 15,95 tỷ (có thương lượng)
-  Nhà dân tự xây 4 năm, kết cấu cực kỳ chắc chắn
-  Thiết kế hiện đại, tối ưu công năng, 3 mặt thoáng  ánh sáng tràn ngập, không khí lưu thông cực tốt
- Nội thất đẹp, chỉ việc xách vali vào ở
+  Thiết kế chi tiết:
Tầng 1: Phòng khách + bếp + WC + sân để xe
Tầng 2,3,4: Mỗi tầng 2 phòng ngủ + WC giữa
Tầng 5: Phòng thờ + sân phơi rộng thoáng
  Vị trí đắc địa:
Ngay trung tâm Phú Thượng, di chuyển thuận tiện
Gần trường học, chợ, tiện ích đầy đủ
Khu vực phát triển mạnh, tiềm năng tăng giá cao
  Phù hợp:
Gia đình đông người
Khách mua ở kết hợp đầu tư giữ tiền
 Liên hệ ngay, ***. Em Trinh nhà đẹp Tây Hồ, để xem nhà thực tế  ảnh thật  thông tin chuẩn!",266666666.66666666,16.0,sale,small,over_10b
168435100,125788347,"BÁN CHUNG CƯ G1 HỒ BA MẪU, LÊ DUẨN, Ở NGAY, OTO ĐỖ CỬA, FULL ĐỒ",950000000,30.0,Quận Đống Đa,Phường Trung Phụng,Hà Nội,Căn hộ/Chung cư,2.0,7 giờ trước,"Mở Bán - Chung cư G1 Lê Duẩn - Hồ Ba Mẫu 36 - 55m, Full Nội Thất, Ở ngay Tặng Vàng 24k.
✔️ Gần các tuyến đường trung tâm: lê duẩn, hồ ba mẫu, phương liên, trung phụng...
✔️ Gần các trường c1, c2 Đống Đa
✔️Diện tích:  26m2 - 35m2 - 40m2 - 48m2 – 50m2 - 55m2
✔️Giá bán: Từ 950tr - 1260tr - 1460tr – 1,6 tỷ hơn 1.9 tỷ 
✔️ CHIẾT KHẤU GIẢM GIÁ NGAY 50 TRIỆU MỖI CĂN. 
✔️ Quy mô và thiết kế: Gồm 6 tầng căn hộ, mỗi tầng 4-5 căn, rộng thoáng, tầng 1 để xe.
✔️ Tòa nhà được trang bị 1 thang máy tốc độ cao, bảo vệ trực 24/24, PCCC hiện đại.
✔️ Giá bán đã bao gồm chi phí làm sổ và nội thất căn hộ.
✔️ Nội thất: Tủ bếp trên dưới, bếp từ, hút mùi, thiết bị vệ sinh, bình nóng lạnh, đầu chờ internet, điều hòa., giường tủ, kệ ti vi, sàn gỗ, trần thạch cao
✔️Liên hệ chủ đầu tư: *** (tôi là chủ).
✔️ Xem nhà 24/24 - Có tư Vấn Zalo",31666666.666666668,0.95,sale,very_small,under_1b
175073111,131524797,🔥 NHÀ THẬT GIÁ TỐT: Gần hồ - Trung tâm - Chỉ 3 tỷ,3000000000,17.0,Quận Đống Đa,Phường Quốc Tử Giám,Hà Nội,Nhà ở,3.0,1 giờ trước,"Dự án: 
Thông tin chi tiết: 🏡Toạ lạc ở: bán nhà hồ Ba Mẫu – phường trung tâm, bán nhà quận Đống Đa, ngõ thông sạch thoáng, gần hồ Ba Mẫu, kết nối Đê La Thành – Lê Duẩn cực tiện, ở yên tĩnh mà ra phố rất nhanh

📐Thông số: 🌿 Diện tích ~17m² xây thực tế vuông vắn, tối ưu công năng 🌿 Kết cấu 4 tầng – mặt tiền ~3m, đủ công năng 3 phòng ngủ riêng tư 🌿 Ngõ xe máy tránh nhau thoải mái, di chuyển thuận tiện 🌿 Cách phố lớn và chợ vài bước chân, mọi ngả đều thuận 🌿 Giá bán nhỉnh nhẹ 3 tỷ (có thương lượng) ▸ tương đương trên 200 triệu/m² khu lõi Đống Đa 🍀 Tặng bản thiết kế đẹp như hình minh hoạ

(Hết phần mô tả nhà)

⸻

⸻

TẠI SAO KHÔNG THỂ BỎ QUA:
🌳 Sống cạnh hồ sinh thái, không khí thoáng mát, mỗi ngày đều dễ chịu
🏙️ Trung tâm Đống Đa, bước ra là tiện ích, không thiếu thứ gì
💎 Tầm tiền hiếm nhà 4 tầng sổ riêng, cực dễ mua – cực dễ bán lại
🛡️ Nhà dân xây chắc, pháp lý rõ, mua về ở ngay không lo phát sinh
👣 Đọc thì thấy hợp, nhưng đi xem mới thấy “đáng tiền thật”

🔑Lưu tâm:
Phù hợp người mua hiểu giá trị vị trí trung tâm, ưu tiên ở thật gọn gàng, pháp lý rõ ràng, không chạy theo hình thức nhưng cần sự ổn định lâu dài

📲 Liên hệ: *** - O ba. Từ năm đến bảy. 4 số ba. Hai -  để được cố vấn Nhiệt tình, Tận Tâm . Hỗ trợ cô bác miễn phí tránh mọi rủi ro, cạm bẫy khi mua nhà và đất.",176470588.2352941,3.0,sale,very_small,1_3b
174286998,130855108,Giá rẻ bất ngờ chỉ 1.5tr Có phòng đơn full ban công. Không chung chủ,1400000,12.0,Quận Đống Đa,Phường Ô Chợ Dừa,Hà Nội,Phòng trọ,3.0,9 giờ trước,"Giá rẻ bất ngờ chỉ 1.4tr. Có phòng đơn full ban công. Không chung chủ ở Ô Chợ Dừa. Đống Đa. HN

Giữa lõi Đống Đa. Ô Chợ Dừa. Có phòng trọ giá rẻ bất ngờ chỉ từ 1,4tr. Có phòng trọ full đồ. Full cửa sổ. Khoá cửa vân tay giờ giấc tự do. Để xe miễn phí. Cực chil.  Cạnh các con phố lớn như. Hào Nam. Cát Linh. Hoàng Cầu. Ô chợ Dừa. Xã Đàn. Thái Hà. Chùa Bộc. Huỳnh Thúc Kháng. Nhà trang bị hệ thống PCCC đầy đủ. Không thiếu đồ gì 

DT ***/***. Bùi Thương",116666.66666666667,0.0014,sale,very_small,under_1b
176180415,132473049,"cc bán nhà phố Nguyễn An Ninh, 5 tầng, dân xây mới, 30 m2",7950000000,30.0,Quận Hai Bà Trưng,Phường Trương Định,Hà Nội,Nhà ở,3.0,7 giờ trước,"chính chủ cần bán nhà phố Nguyễn An Ninh, mặt ngõ thông, xây mới một căn, 5 tầng, đầy đủ nội thất.
- Vị trí: nằm trên con phố Nguyễn An Ninh, thông sang Trương Định. gần trường Tân Định, chợ, nhà thi đấu.
- Thiết kế: nhà xây 5 tầng, đầy đủ nội thất. Do mua được nhà to hơn nên em bán. Nhà xây mới khung cột, chỉ *** một căn.
Sổ đỏ chính chủ, vuông đẹp 30 m2.
- Nhà không quy hoạch, tương lai gần đường chính, công viên
Nhanh Tay liên hệ Phạm Vũ: *** để xem nhà.
( Miễn tiếp MG và TG, hữu duyên cho người mua để ở )",265000000.0,7.95,sale,very_small,5_10b
176511182,132757724,"Bán gấp lk 120m đường 13m cạnh đại cv lớn Vinhomes Đan Phượng 17,9 tỷ",17900000000,120.0,Huyện Đan Phượng,Xã Tân Hội,Hà Nội,Nhà ở,6.0,6 giờ trước,"cần bán gấp căn liền kề thoáng mát tại dự án Vinhomes Wonder City Đan Phượng.
Diện tích đất 120m với mặt tiền rộng tới 8m thoải mái đỗ mọi loại xe. Xây dựng sẵn nhà rồi.
Vị trí bên khu Hừng Đông, trục đường thông 13m nối từ tỉnh lộ 422 qua khu cao tầng, đại công viên 19ha và văn phòng, chung cư.
Nằm mặt đường Tây Thăng Long huyết mạch thông xe quý 3/2026. sát vành đai 3.5 và vành đai 4 tiện di chuyển các hướng.
Đại đô thị đã và đang bàn giao đến cư dân, mật độ thấp, xung quanh quy hoạch nhiều công viên thoáng mát, gần sông Hồng hiền hòa, phong thủy cực tốt.
Giá chỉ 17,9 tỷ. Hỗ trợ vay bank miễn gốc lãi lên đến 5 năm.
Liên hệ e xem thực tế: *** ",149166666.66666666,17.9,sale,large,over_10b
175949974,132274395,Chính chủ bán gấp căn Tập Thể Quỳnh Mai,1100000000,25.0,Quận Hai Bà Trưng,Phường Quỳnh Mai,Hà Nội,Căn hộ/Chung cư,1.0,7 giờ trước,"Chính chủ bán gấp căn Tập Thể 25m Quỳnh Mai, ô tô đỗ cửa, đầy đủ nội thất chỉ việc xách vali về ở. Mua bán vi bằng - MTG.",44000000.0,1.1,sale,very_small,1_3b
176542139,132784353,CỰC SỐC: CHỈ TỪ 2 TRIỆU /THÁNG:  Ở NGAY CHUNG CƯ CAO CẤP - FULL TI,2000000,110.0,Quận Cầu Giấy,Phường Trung Hoà,Hà Nội,Phòng trọ,3.0,7 giờ trước,"Dự án: 
Thông tin chi tiết: 🏡 Bạn đang cần một nơi ở ghép giá hợp lý – tiện nghi – vị trí trung tâm để học tập và sinh hoạt lâu dài? Ngất Ngây Homestay sẽ mang đến không gian sống thoải mái, đầy đủ tiện ích, giúp bạn an tâm mỗi ngày.

🌟 Chỉ từ 2.000.000₫/tháng, tiết kiệm chi phí, ở vẫn cực chất.
🏢 Bạn sẽ được sống trong môi trường chung cư hiện đại ,trải nghiệm môi trường sống văn minh, an ninh đảm bảo và vô vàn tiện ích 

ĐẶC BIỆT SẼ ĐƯỢC TRẢI NGHIỆM 
👉 Miễn phí dịch vụ giặt là, wifi tốc độ cao, và không gian sinh hoạt chung siêu tiện nghi.
📍 Vị trí trung tâm, gần các trục đường lớn và nhiều trường học, thuận tiện di chuyển và phục vụ nhu cầu cá nhân 
☀️ Nội thất xịn sò với đầy đủ tivi, bàn ghế, sofa, tủ đồ… vào ở ngay không cần sắm sửa.
🍳 Bếp chung đầy đủ dụng cụ, thích hợp cho những bữa ăn tự nấu cùng bạn bè.
🚲 Có bảo vệ và hầm để xe, an ninh đảm bảo 24/7.
🌳 Không gian thoáng mát, sạch sẽ, gần gũi với thiên nhiên, giúp xả stress sau một ngày học tập và làm việc 

📩 Nếu bạn muốn sống trong môi trường chung cư hiện đại, siêu nhiều tiện ích với giá thành học sinh sinh viên 
👉 Inbox Ngất ngây homestay ngay để nhận ưu đãi siêu hời này nha 
—--------------------------------
☎️ SĐT: ***
🏠 Địa chỉ:
➡️ Cự Lộc, Thanh xuân - Hà Nội (Sau Royal City, Ngã Tư Sở)
➡️ Tầng 🫶 Tòa Vinata Tower, 289A Khuất Duy Tiến, Trung Hoà, Cầu Giấy, Hà Nội
#NgatNgayHomestay #chungcu #OGhepHaNoi #ThuePhongGiaRe #HomestayHaNoi #PhongTroSinhVien",18181.81818181818,0.002,sale,large,under_1b
175034343,131492067,"LÁNG HÒA LẠC, 100M, MT6M, GIÁ 2,9 TỶ",2900000000,100.0,Huyện Quốc Oai,Xã Phú Cát,Hà Nội,Đất,3.0,10 giờ trước,"ĐẤT NỀN LÁNG HÒA LẠC, THÀNH PHỐ VỆ TINH XANH, DIỆN TÍCH 100M, MẶT TIỀN 6M, GIÁ 2,9 TỶ

Đất nằm gần KĐT sinh thái, đường mòn Hồ Chí Minh
Giao thông thuận tiện, xung quanh đầy đủ tiện ích, bệnh viện và nhiều trường đại học
Pháp lý rõ rang, sang tên nhanh tróng
Liên hệ ***",29000000.0,2.9,sale,medium,1_3b
176442382,132698341,TÀI CHÍNH NHỎ DIỆN TÍCH TO 81M2 CHỈ HƠN 4 TỶ VÂN NỘI-ĐÔNG ANH,4950000000,81.0,Huyện Đông Anh,Xã Vân Nội,Hà Nội,Đất,3.0,6 giờ trước,"Dự án: 
Thông tin chi tiết: Chính chủ gửi cần bán gấp mảnh đất vị trí cực đẹp tại Vân Nội, Đông Anh, Hà Nội. Khu vực dân cư đông đúc, tiện ích an sinh đỉnh cao, giao thông kết nối cực kỳ thuận tiện.
1. Thông số mảnh đất:
 Diện tích: 81 m² (Đất vuông vắn, phong thủy đẹp).
 Giá bán: 4 tỷ 950 triệu (Có thương lượng cho khách thiện chí).
 Pháp lý: Sổ đỏ chính chủ, pháp lý rõ ràng, sẵn sàng giao dịch.
2. Vị trí và Tiện ích an sinh (Bán kính vài trăm mét):
 Chỉ vài bước chân là ra đến Chợ rau sạch Vân Nội – nguồn thực phẩm tươi ngon mỗi ngày.
 Sát ngay Trung tâm Y tế xã, trạm y tế, cực kỳ an tâm về sức khỏe.
 Hệ thống trường học đồng bộ từ Mầm non, Cấp 1, Cấp 2 đến Cấp 3 bao quanh, con cái tự đi học cực tiện.
3. Kết nối giao thông đồng bộ:
 Cách Cầu Nhật Tân chỉ 3km: Di chuyển sang nội thành (Tây Hồ, Cầu Giấy) chỉ mất 5 - 7 phút.
 Cách Sân Bay Nội Bài chỉ 4km: Rất thuận tiện cho anh chị hay di chuyển, công tác.
 Đường xá thông thoáng, kết nối trực tiếp với các trục đường lớn, di chuyển cực dễ dàng.
4. Tiềm năng đầu tư:
 Đất nằm trong khu vực trung tâm phát triển của Vân Nội, hưởng trọn hạ tầng khi Đông Anh đang đổ về rất nhiều dự án lớn.
Ưu tiên A/C gọi điện sớm nhất ☎ ***",61111111.11111111,4.95,sale,medium,3_5b
175514787,131901682,"Bán căn 2N1WC 55m2 nội thất cơ bản, giá chỉ 3,95 tỷ bao phí",3950000000,55.0,Quận Nam Từ Liêm,Phường Tây Mỗ,Hà Nội,Căn hộ/Chung cư,2.0,10 giờ trước,"Chuyển nhượng quỹ căn hộ đẹp và giá rẻ tại Vinhomes Smart City.
- Studio(25 - 36m²): Giá từ 2,4 tỷ.
- 1N(38m²): Giá từ 3,2 tỷ.
- 1N+ (43 - 48m²): Giá từ 3,3 tỷ
- 2N1W (54m²; 55m²): Giá từ 4,1 tỷ.
- 2N2W (59m²; 62m²; 64m²): Giá từ 5 tỷ.
- 3N2W (75m²): Giá từ 5,4 tỷ.
- 3N2W (80 - 98 - 120m²): Giá từ 6,4 tỷ.
- 4N3W ( 131m²): Giá từ 13,5 tỷ.
+ Cam kết nguồn hàng chất lượng nhất Vinhomes smart city.
+ Đảm bảo uy tín và quyền lợi khách hàng.
Ánh Tuyết Bất động sản Vinhomes.",71818181.81818181,3.95,sale,small,3_5b
174504579,131041525,Phòng trọ khu Nguyên Hồng - Thành Công,2600000,28.0,Quận Ba Đình,Phường Thành Công,Hà Nội,Phòng trọ,3.0,8 giờ trước,"Phòng nội thất đầy đủ, giường nệm cao cấp, tủ quần áo, điều hoà. Nhà vệ sinh sạch sẽ bồn tắm nằm, nóng lạnh ,máy giặt

Khu dân trí cao, an ninh đảm bảo, sát chợ, trường, đi lại trung tâm.",92857.14285714286,0.0026,sale,very_small,under_1b
176537332,132780283,"BÁN CĂN HỘ CHUNG CƯ 197 TRẦN PHÚ HÀ ĐÔNG 97M2;3PN;2VS;6,5TỶ",6500000000,97.0,Quận Hà Đông,Phường Văn Quán,Hà Nội,Căn hộ/Chung cư,3.0,10 giờ trước,"BÁN CĂN HỘ CHUNG CƯ 197 TRẦN PHÚ HÀ ĐÔNG 97M2;3PN;2VS;6,5TỶ
*Cần bán căn chúng cư 197 Trần Phú Hà đông.Căn chúng cư nằm trên trục chính Hà đông Hà nội,tiện đường xe buýt,tiện gà tàu điện trên không.Giao thông rất thuận tiện
*Căn hộ sảng A,tầng trung 97m2,3pn,2 vs,pk,bếp,bạn công rộng thoáng .Căn hộ nội thất đẹp đủ công năng.Căn hộ ở tốt,cho thuê được giá
*Giá:6,5tỷ,chủ cần bán,mua ngay giá hấp dẫn
*Pháp lý: Sổ đỏ lâu dài chính chủ
:b Căn hộ rất tiện,đẹp đủ công năng,giá phù hợp,chủ cần bán.Căn hộ ở tiện,cho thuê được giá",67010309.27835052,6.5,sale,medium,5_10b
176457986,132714749,"🔥 CHUYỂN NHƯỢNG GẤP – NHÀ NGUYỄN VIẾT XUÂN, 45M², 4 TẦNG – HƠN 11 TỶ",11900000000,45.0,Quận Thanh Xuân,Phường Khương Mai,Hà Nội,Nhà ở,4.0,11 giờ trước,"Dự án: 
Thông tin chi tiết: 📍 Cách mặt phố Nguyễn Viết Xuân ~30m – vị trí cực đẹp
🏠 Nhà dân xây chắc chắn, mặt tiền rộng
🌬️ Thoáng trước sau, nhà nở hậu – phong thủy tốt
🎖️ Nằm trong khu tập thể bộ đội – an ninh cực tốt, dân trí cao
🪵 Nội thất đầy đủ, chủ để lại gần như toàn bộ – vào ở ngay
📍 Trung tâm Thanh Xuân – tiện ích đầy đủ, sống cực tiện
📕 Pháp lý chuẩn:
✔️ Sổ đỏ chính chủ – sẵn sàng giao dịch",264444444.44444445,11.9,sale,small,over_10b
176223004,132509958,Nhà mặt phố Nguyễn Khang rộng 70m xây 7 tầng lô góc có thang máy,42000000,70.0,Quận Cầu Giấy,Phường Yên Hoà,Hà Nội,Nhà ở,8.0,5 giờ trước,"Tòa nhà văn phòng 7 tầng lô góc mặt phố Nguyễn Khang
- Diện tích 70m² x 7 tầng nhà lô góc thông thoáng nhiều ánh sáng tự nhiên
- Mặt tiền 5m x 15m đường trước nhà oto tránh
- Tòa nhà được thiết kế thông sàn, cầu thang cuối nhà
- Nội thất cơ bản như điều hòa, nóng lạnh, thiết bị đèn điện,...
- Tòa nhà phù hợp làm văn phòng, TTTA, du học, spa, lớp dậy học, đầu tư văn phòng,...
- Giá cho thuê 42tr hợp đồng dài hạn, thanh toán linh hoạt
Liên hệ: Mr.Tuyên để được tư vấn xem nhà trực tiếp",600000.0,0.042,sale,medium,under_1b
176549352,132790558,1PN FULL ĐỒ SỊN TRONG CĂN 5 NGỦ- HPC LANDMARK- HÀ ĐÔNG.,4200000,30.0,Quận Hà Đông,Phường La Khê,Hà Nội,Căn hộ/Chung cư,1.0,1 giờ trước,"1PN FULL ĐỒ SỊN TRONG CĂN 4 NGỦ chỉ 4.2tr 
Có luôn cả máy sấy là thơm quần áo: ko cần phơi
- Full đồ đủ tiện nghi chỉ cần mang quần áo tới ở - Điện nước tính giá dân, free wifi nước lọc sạch uống.
- Khu vực phòng khách và bếp là khu vực không gian sử dụng chung cùng 3 phòng khác.
- 2WC sử dụng chung cho 3 phòng (nữ phòng riêng nam phòng riêng, phòng ở 1-2 người)
Toà nhà đẹp dv như khách sạn.
===> Giá 4.2tr (hđ dài đóng 3 tháng được fix 3.9tr)
LƯU Ý: là 1 phòng ngủ trong căn 4 ngủ (chứ không phải là 1 căn 1N hay 4N riêng biệt các bạn nhé)
Đ/C: Hpc landmark, la khê, hà đông (cuối đường tố hữu)
AE THUÊ QUAN TÂM INBOX NHÉ",140000.0,0.0042,sale,very_small,under_1b
176546991,132788530,Phòng tầng 3 ngõ 236 khương đình sàn gỗ ban công thoáng,4600000,35.0,Quận Thanh Xuân,Phường Khương Đình,Hà Nội,Phòng trọ,3.0,4 giờ trước,"🔥 PHÒNG ĐẸP KHƯƠNG ĐÌNH – GIÁ 4,6TR – Ở NGAY 🔥

Cho thuê phòng tầng 2 hoặc tầng 3 tại ngõ 236 Khương Đình.

✅ Diện tích rộng
✅ Ban công thoáng mát
✅ Có cửa sổ lớn
✅ Sàn gỗ, giường tủ đầy đủ
✅ Điều hoà + nóng lạnh
✅ Vệ sinh siêu rộng
✅ Máy giặt, tủ lạnh free
✅ Điện nước giá dân
✅ Không chung chủ, giờ giấc thoải mái

🍳 Có khu nấu ăn tầng 1 tiện lợi.

Giá thuê: 4,6 triệu/tháng
Liên hệ inbox hoặc comment để xem phòng.",131428.57142857142,0.0046,sale,small,under_1b
175479241,131871026,THANH NHÀN - STUDIO CAO CẤP - GIÁ TỪ 5.5TR - THANG MÁY PCCC,5500000,25.0,Quận Hai Bà Trưng,Phường Thanh Lương,Hà Nội,Phòng trọ,3.0,4 giờ trước,"Chào mừng bạn đến với không gian sống đẳng cấp, được thiết kế tỉ mỉ từng chi tiết. Tòa nhà mới hoàn thiện, sẵn sàng đón cư dân đầu tiên.
🏠 NỘI THẤT CAO CẤP - CHỈ VIỆC XÁCH VALI VÀO Ở:
• Khu bếp xịn xò: Hệ tủ bếp kịch trần (màu vân gỗ/ghi xám sang trọng), trang bị sẵn hút mùi âm tủ, bếp từ, bồn rửa vòi xoay 360 độ, khoang tủ lạnh rộng rãi.
• Không gian nghỉ ngơi: Giường ngủ thiết kế thông minh tích hợp ngăn kéo để đồ, tối ưu diện tích, có sofa bàn ăn lịch sự.
• Góc làm việc: Bàn làm việc/bàn học liền kề hệ tủ trang trí và tủ quần áo kịch trần, hệ thống đèn LED hắt sáng cực chill, tạo cảm hứng làm việc tại nhà.
• Tiện nghi: Máy giặt, điều hòa, thiết bị vệ sinh cao cấp.
• Thang máy: tiêu chuẩn khách sạn, an toàn, chạy êm, bộ lưu điện đưa thang về tầng gần nhất trong trường hợp mất điện bất ngờ.
• Hệ thống PCCC: đạt tiêu chuẩn, đầy đủ lối thoát hiểm, cửa chống cháy 100%, mặt nạ, bình chữa cháy, đầu báo cháy, đầu chữa cháy đến từng phòng.
💰 BẢNG GIÁ PHÒNG:
• Phòng Ngoài (202, 302, 402): 6.000.000 VNĐ/tháng (View thoáng, nhiều ánh sáng tự nhiên).
• Phòng Trong (201, 301, 401): 5.500.000 VNĐ/tháng (Yên tĩnh, ấm cúng).
💡 DỊCH VỤ TÒA NHÀ:
• Điện: 4.000đ/kwh.
• Nước: 35.000đ/m3.
• Mạng tốc độ cao: 100.000đ/phòng.
📍 Vị trí: Ngõ 325 Kim Ngưu, phường Vĩnh Tuy, Hà Nội.

An ninh: Khóa vân tay, camera an ninh 24/7, giờ giấc tự do.

📞 Liên hệ : *** – anh Đức để xem phòng ngay hôm nay!",220000.0,0.0055,sale,very_small,under_1b
176461602,132714801,TƯƠNG CHÚC – 65M² – ĐẤU GIÁ DÂN TRÍ CAO – 9.6 TỶ,9600000000,65.0,Huyện Thanh Trì,Xã Ngũ Hiệp,Hà Nội,Đất,3.0,10 giờ trước,"Phân khúc 65m² tại khu đấu giá Tương Chúc không còn nhiều.
• Diện tích đẹp 65m²
• MT 4m vuông vắn
• Khu dân cư văn minh, đường quy hoạch chuẩn
Phù hợp xây ở lâu dài hoặc đầu tư giữ tiền.
💰 9.6 tỷ (thương lượng nhẹ)
☎️ ***
",147692307.69230768,9.6,sale,medium,5_10b
176518287,132763963,"Nhà mặt ngõ Phú Thượng kinh doanh, hai ô tô ngủ trong nhà.",16900000000,55.0,Quận Tây Hồ,Phường Phú Thượng,Hà Nội,Nhà ở,4.0,9 giờ trước,"- Nhà mặt ngõ ô tô chánh thông Ciputra và An Dương Vương.
- Nhà xây mới koong, mặt tiền hơn 4 m, ô tô để 2 cái trong nhà.
- Quanh khu vực hưởng trọn tiện ích của khu Ciputra.
- Nhà xây 6 tầng, thang máy, view Sông Hồng và Cầu Nhật Tân.

- L.hệ ngay Mr Vinh: ***",307272727.27272725,16.9,sale,small,over_10b
176542299,132784445,"BÁN CHUNG CƯ G1 HÀO NAM, CÁT LINH Ở NGAY, OTO ĐỖ 50M, FULL ĐỒ",950000000,50.0,Quận Đống Đa,Phường Cát Linh,Hà Nội,Căn hộ/Chung cư,2.0,7 giờ trước,"Mở Bán - Chung cư G1 Hào Nam - Cát Linh 36 - 55m, Full Nội Thất, Ở ngay Tặng Vàng 24k.
✔️ Gần các tuyến đường trung tâm: Hào Nam, cát Linh, Đê La Thành...
✔️ Gần các trường c1, c2 Cát Linh, Thịnh Hào...
✔️Diện tích:  26m2 ; 35m2 ; 40m2 ; 50m2 ; 55m2 ; 60m2
✔️Giá bán: Từ 900tr ; 1260tr ; 1460tr ; 1,6 tỷ hơn 1.8 tỷ 
✔️ CHIẾT KHẤU GIẢM GIÁ NGAY 50 TRIỆU MỖI CĂN. 
✔️ Quy mô và thiết kế: Gồm 6 tầng căn hộ, mỗi tầng 4-5 căn, rộng thoáng, tầng 1 để xe.
✔️ Tòa nhà được trang bị 1 thang máy tốc độ cao, bảo vệ trực 24/24, PCCC hiện đại.
✔️ Giá bán đã bao gồm chi phí làm sổ và nội thất căn hộ.
✔️ Nội thất: Tủ bếp trên dưới, bếp từ, hút mùi, thiết bị vệ sinh, bình nóng lạnh, đầu chờ internet, điều hòa., giường tủ, kệ ti vi, sàn gỗ, trần thạch cao
✔️Liên hệ chủ đầu tư: *** (tôi là chủ).
✔️ Xem nhà 24/24 - Có tư Vấn Zalo

",19000000.0,0.95,sale,small,under_1b
176535091,132778297,BÁN NHÀ THÔN 160M2 TẠI KHU ĐÔ THỊ HÀ PHONG ,13600000000,160.0,Huyện Mê Linh,Xã Tiền Phong,Hà Nội,Nhà ở,6.0,11 giờ trước,"🏢 BÁN TÒA NHÀ 160m² – PHÙ HỢP KINH DOANH / VĂN PHÒNG / CHUNG CƯ MINI
✨ Diện tích: 160m²
✨ Thiết kế xây dựng nhiều tầng, kết cấu chắc chắn
✨ Mặt tiền rộng – không gian thoáng
✨ Phù hợp làm:
Văn phòng công ty
Chung cư mini
Khách sạn / căn hộ dịch vụ
Trung tâm đào tạo, showroom
🚗 Đường rộng, ô tô di chuyển thuận tiện
📍 Vị trí tiềm năng phát triển mạnh
📕 Pháp lý rõ ràng – sẵn sàng giao dịch
📞 Liên hệ: TRẦN ĐĂNG TUÂN 
🔥 Chuyên Bất Động Sản Đô Thị Mê Linh 🔥",85000000.0,13.6,sale,large,over_10b
175622359,131993946,"Chỉ 2tr - 2,2tr - 3,2triệu khép kín đủ đồ riêng chủ ngõ 20 trương định",2000000,16.0,Quận Hai Bà Trưng,Phường Trương Định,Hà Nội,Phòng trọ,3.0,6 giờ trước,"chỉ 2tr - 2,2 - 3,2triệu sở hữu phòng khép kín, điều hoà, nong lanh, giường,tủ quần áo, máy giặt chung ,riêng biệt không chung chủ,cửa sổ thoáng.An ninh tốt 
Địa chỉ: ngõ 20 trương định 
Nhà riêng chủ.
Liên hệ  ***. gọi điện trực tiếp phòng như ảnh ko nhăn stin",125000.0,0.002,sale,very_small,under_1b
176544628,132786531,"Bán nhà mặt phố Ngõ Huyện. Mt:5,5m. Dòng tiền 85tr/tháng.",23500000000,30.0,Quận Hoàn Kiếm,Phường Hàng Trống,Hà Nội,Nhà ở,6.0,5 giờ trước,"Dự án: 
Thông tin chi tiết: Chính chủ gia đình em cần bán nhà mặt phố Ngõ Huyện – lõi Hoàn Kiếm, khu phố Tây, vị trí giao thương cực kỳ thuận lợi.

* Diện tích: 30m² x 6 tầng (+ 1 tầng lửng)
* Mặt tiền: 5,5m

Hiện nhà đang vận hành mô hình spa, dòng tiền ổn định khoảng 85 triệu/tháng.

Gia đình muốn cơ cấu lại tài sản để chuyển vào Sài Gòn sinh sống nên mong muốn chuyển nhượng cả nhà + mô hình kinh doanh đang hoạt động ổn định.

Giá bán: 23,5 tỷ

Liên hệ:  *** (chị Bông)",783333333.3333334,23.5,sale,very_small,over_10b
176237271,132522346,BÁN NHÀ PHỐ NGUYỄN VĂN CỪ GẦN CẦU CHƯƠNG DƯƠNG 50m2 XÂY 6 TẦNG,16500000000,50.0,Quận Long Biên,Phường Bồ Đề,Hà Nội,Nhà ở,4.0,7 giờ trước,"Dự án: 
Thông tin chi tiết: 🏡 NHÀ MỚI CẠNH PHỐ NGUYỄN VĂN CỪ – 6 TẦNG THANG MÁY – Ô TÔ VÀO NHÀ
✔ Diện tích 50m²
✔ Nhà xây mới 6 tầng, thang máy
✔ Full nội thất xịn sò – chỉ việc xách vali về ở
✔ Ô tô nhỏ vào tận nhà
✔ Cách đường ô tô tránh chỉ 10m
✔ Ngõ thông các ngả, di chuyển cực tiện

📍 Vị trí đẹp, gần Nguyễn Văn Cừ – kết nối nhanh sang phố cổ, cầu Chương Dương",330000000.0,16.5,sale,small,over_10b
176513683,132759926,"Căn hộ 95,5m2 47 Vũ Trọng Phụng CC Sakura",12000000,95.5,Quận Thanh Xuân,Phường Thanh Xuân Trung,Hà Nội,Căn hộ/Chung cư,3.0,9 giờ trước,"Dự án: 
Thông tin chi tiết: Chính chủ cho thuê căn hộ chung cư 47 Vũ Trọng Phụng toà Sakura
- Phù hợp ở gia đình, làm văn phòng (không kho)
- 80,5m2 và 15m2 lô gia
- cửa hướng Tây Bắc, ban công hướng Đông Nam
- tầng 12A
- 2 phòng rộng, 1 phòng khách dài và 1 nvs có đồ cơ bản
- đã có nóng lạnh, điều hoà, bàn ghế như ảnh
- có chỗ làm bếp (sẵn các đầu nước, điện)
- toà nhà mặt đường mới sửa
- ban công nhìn sang khu Masterise
- giá dịch vụ (điện, nước,…) giá dân tự thanh toán
- gửi xe (3 xe máy đầu 60k)",125654.4502617801,0.012,sale,medium,under_1b
175842718,132182419,"Cần bán 60m2 đấT Phú Diễn, mt 7m, tiện ích đầy đủ, vị trí thuận tiện!",11800000000,60.0,Quận Bắc Từ Liêm,Phường Phú Diễn,Hà Nội,Đất,3.0,1 giờ trước,"- Loại đất: Đất ở tại đô thị
- Diện tích 60m², mặt tiền 7m
- Ngõ 3,5m
- Vài bước ra đường ô tô tránh, gần: chợ, trường học từ C1 đến C3, ĐH Tài nguyên và Môi trường, cách UBND phường Đông Ngạc vài chục mét, đi lên thêm 1 đoạn ngắn là đến Công an phường Phú Diễn. Có hồ, có trung tâm văn hóa thể thao - Tiện ích đầy đủ đúng nghĩa.
- Trong tương lai, sau quy hoạch vẫn là khu dân sinh, không nằm trong diện bị thu hồi.
- Xây để ở hay cho thuê, đầu tư lâu dài đều hợp lý, mảnh đất nằm trên vị trí có thể gọi là vị trí chiến lược, thông ra cả đường Cầu Diễn và đường đại lộ Tây Thăng Long.
- Giá cả có thương lượng.",196666666.66666666,11.8,sale,small,over_10b
176425748,132684201,Hàng Hiếm-Đất Trúc Bạch-Ba Đình- Giá đầu tư,81000000000,168.0,Quận Ba Đình,Phường Trúc Bạch,Hà Nội,Đất,3.0,10 giờ trước,"Chủ nhà tuổi cao nhờ bán mảnh đất vô cùng đẹp ngay trung tâm Ba Đình, Phố Trúc Bạch để chia tài sản cho các con. Trên đất hiện chỉ có nhà cấp 4, ông bà ở. 
Vị trí: Mặt ngõ rộng, ô tô tránh, ô tô tải vào nhà. Cách phố chính ba bước chân. Gần hồ Trúc Bạch.
Pháp lý: Sổ mới tách tháng 4/2026 yên tâm ko quy hoạch.
- Phù hợp đầu tư xây bán hoặc giữ tiền.
- Liên hệ xem đất s₫t: ***",482142857.14285713,81.0,sale,large,over_10b
176542464,132784554,Giảm 500tr cho căn 2pn tại Mipec Rubik 360 - Cầu Giấy giá chỉ 8.5 tỷ,8500000000,70.0,Quận Cầu Giấy,Phường Dịch Vọng Hậu,Hà Nội,Căn hộ/Chung cư,2.0,7 giờ trước,"Chính chủ gửi em bán gấp căn hộ 2pn tại dự án Mipec Rubik 360 - 124 Xuân Thủy, Cầu Giấy
- Thiết kế: 70m2, 2pn, 2wc - căn hộ 2pn *** có ban công phòng khách
- Nội thất đủ đồ đẹp
- Pháp lý sổ đỏ
- Giá bán chỉ 8.5 tỷ
- Dự án mới đẹp, tiện ích nội khu đầy đủ, gần nhiều trường DH Ngoại Ngữ, Sưu phạm......
Quý anh chị quan tâm liên hệ em Đạo để rinh ngay căn hộ đẹp, giá cực ngon",121428571.42857143,8.5,sale,medium,5_10b
175320091,131733934,Ảnh thật giá thật 100% - nhà xinh full đồ Võ Chí Công Xuân La ở luôn,3550000,20.0,Quận Tây Hồ,Phường Xuân La,Hà Nội,Phòng trọ,3.0,8 giờ trước,"Dự án: 
Thông tin chi tiết: TINGTONG 088 – PHÒNG ĐƠN GIÁ TỐT – VÕ CHÍ CÔNG, CẦU GIẤY
📍 ngõ 78/2 Võ Chí Công, Cầu Giấy
📌 Hẹn xem: đầu ngõ 78 Võ Chí Công
🚗 Khu vực đường lớn, di chuyển thuận tiện Cầu Giấy – Tây Hồ – Ngoại Giao Đoàn
⏰ Tình trạng: trống – ở được ngay
💰 Giá thuê (đã giảm):
🔹 P401: 3tr550/tháng (giảm từ 3tr950)
🏠 Dạng phòng: phòng đơn
🛋️ Nội thất: điều hòa, nóng lạnh, giường, tủ gỗ MDF, tủ bếp trên dưới, bàn ghế, tranh decor
⚡ Dịch vụ: Điện 4.2k | Wifi 100k/ph |  | DV chung 280k/ng (vệ sinh, thang máy, máy giặt, nước)
📝 Ghi chú: khách ở luôn được
📞 Hotline xem phòng: Thu Phương
📩 Inbox/Zalo để giữ phòng sớm – phòng giá tốt khu Võ Chí Công",177500.0,0.00355,sale,very_small,under_1b
176040320,132352432,"Bán nhà 40m2, 5 Tầng, 6PN+ nội thất, ôtô đỗ cửa, 2 mặt thoáng",12000000000,40.0,Quận Nam Từ Liêm,Phường Trung Văn,Hà Nội,Nhà ở,6.0,6 giờ trước,"Bán nhà 40m2, 5 Tầng, 6PN+ nội thất, ôtô đỗ cửa, 2 mặt thoáng, cách đường chính 20m tại Trung Văn, Tố Hữu, Hà Nội
+ Diện tích: 40m2, Pháp lý đầy đủ, sổ đỏ sẵn sàng.
+ Nhà 5 tầng: ( Tầng 1: 40m² (ngoài ra có 30m² sử dụng chung làm sân), từ tầng 2,: 45m²/ tầng ) : 6PN, 4WC, cả các phòng đều có thoáng vĩnh viễn, hướng Đông Nam.
Nội thất đầy đủ bao gồm điều hòa, giường, tủ… Sẵn sàng bàn giao.
+ Vị trí: Ngõ rộng 4.2m, oto vào nhà, 2 mặt thoáng, cách đường chính 20m phù hợp kinh doanh tầng 1.
+ Tiện ích đầy đủ: Gần trường CĐ Xây Dựng, trường học các cấp, bệnh viện Y học cổ truyền Bộ Công an, bệnh viện ĐH Y Dược, bệnh viện Tuệ Tĩnh, công viên Hồ Trung Văn, công viên Hồ Điều Hòa Nhân Chính, công viên Phùng Khoang… Gần siêu thị Winmart +, khu đô thị…
Giá bán 12 tỷ VND.
Địa chỉ: đường Trung Văn, Phường Đại Mỗ, Hà Nội (Quận Nam Từ Liêm, Hà Nội cũ)",300000000.0,12.0,sale,small,over_10b
175861927,132198839,NHÀ 5 TẦNG – NGÕ YÊN TĨNH – ĐI BỘ RA Ô TÔ -CỰC HỢP GIA ĐÌNH CÓ CON NHỎ,8000000000,33.0,Quận Đống Đa,Phường Phương Mai,Hà Nội,Nhà ở,3.0,7 giờ trước,"Phương Mai – khu dân trí cao, hàng xóm chủ yếu cán bộ, gia đình lâu năm
Diện tích 33m, 5 tầng, 3 ngủ, 4 WC – đủ không gian cho gia đình 2–3 thế hệ
Ngõ thông nhưng không ồn ào xe cộ → trẻ nhỏ chơi an toàn
✔ Đi bộ 30m ra ô tô → đưa đón con thuận tiện
✔ Khu dân cư ổn định, ít tệ nạn
Gần tiểu học Kim Liên, Gần cấp 1 cấp 2 Phương Mai, cấp 2 Đống đa, cấp 3 Lê Quý Đôn
Gần Đại học Bách khoa Hà Nội
Gần Đại học Kinh tế Quốc dân
→ khu vực tập trung nhiều trường tốt, thuận tiện lâu dài cho con
Chăm sóc sức khỏe nhanh chóng:
Gần Bệnh viện Bạch Mai
Gần Bệnh viện Việt Pháp Hà Nội
→ có việc là xử lý ngay, rất yên tâm khi có con nhỏ
5 phút ra Công viên Thống Nhất
→ cuối tuần cho con vui chơi, vận động
Nhà xây 5 năm, kết cấu bê tông chắc chắn, ở ngay
Có ban công, chỗ để xe, công năng hợp lý
Giá nhỉnh 8 tỷ – tầm tiền hiếm căn vừa ở ổn định, vừa tiện cho gia đình
📜 Sổ đỏ rõ ràng – vay ngân hàng được
📞 Liên hệ xem nhà – căn phù hợp cho gia đình muốn ổn định lâu dài tại trung tâm",242424242.42424244,8.0,sale,small,5_10b
173954022,130566584,"BÁN CHUNG CƯ M2 NGUYỄN KHÁNH TOÀN, CẦU GIẤY, QUAN HOA Ở NGAY, ĐỦ ĐỒ",950000000,45.0,Quận Cầu Giấy,Phường Quan Hoa,Hà Nội,Căn hộ/Chung cư,2.0,7 giờ trước,"Mở Bán - Chung cư M2 Nguyễn Khánh Toàn - Cầu Giấy - Quan Hoa 36 - 55m, Full Nội Thất, Ở ngay Tặng Vàng 24k.
✔️ Gần các tuyến đường trung tâm: nguyễn khánh toàn, quan hoa, cầu giấy...
✔️ Gần các trường c1, c2, đại học lớn: quốc gia, sư phạm, giao thông vận tải, ngoại thương, ngoại giao, luật...
✔️Diện tích:  26m2 ; 35m2 ; 40m2 ; 50m2 ; 55m2 ; 60m2
✔️Giá bán: Từ 900tr ; 1260tr ; 1460tr ; 1,6 tỷ hơn 1.8 tỷ 
✔️ CHIẾT KHẤU GIẢM GIÁ NGAY 50 TRIỆU MỖI CĂN. 
✔️ Quy mô và thiết kế: Gồm 6 tầng căn hộ, mỗi tầng 4-5 căn, rộng thoáng, tầng 1 để xe.
✔️ Tòa nhà được trang bị 1 thang máy tốc độ cao, bảo vệ trực 24/24, PCCC hiện đại.
✔️ Giá bán đã bao gồm chi phí làm sổ và nội thất căn hộ.
✔️ Nội thất: Tủ bếp trên dưới, bếp từ, hút mùi, thiết bị vệ sinh, bình nóng lạnh, đầu chờ internet, điều hòa., giường tủ, kệ ti vi, sàn gỗ, trần thạch cao
✔️Liên hệ chủ đầu tư: *** (tôi là chủ).
✔️ Xem nhà 24/24 - Có tư Vấn Zalo",21111111.111111112,0.95,sale,small,under_1b
173409525,130091451,"Siêu phẩm lô góc Thượng Cát, ôtô đỗ cạnh nhà, môi trường xanh-sạch-đẹp",6400000000,42.2,Quận Bắc Từ Liêm,Phường Liên Mạc,Hà Nội,Nhà ở,3.0,1 giờ trước,"Căn nhà lô góc 42,2m² với 2 mặt thoáng, được thiết kế với sự tối ưu không gian, ánh sáng và gió trời.
- Tầng 2 chia làm một phòng ngủ và một phòng đa năng có thể dùng cho sinh hoạt chung hoặc có thể biến thành phòng làm việc hoặc giải trí. Hiện tại tổng có 3 phòng ngủ, có thể lên tới 4 phòng ngủ nếu cần thiết.
- Ban công rộng rãi: Là nơi có thể trồng cây cảnh, nhâm nhi tách cà phê cùng với một điếu thuốc lá.
- Ngõ thông ô tô đi lại thoải má, có sân để ô tô riêng, không còn nỗi lo gửi xe xa nhà hay lùi chuồng vất vả.
- Khu vực có sự kết nối hoàn hảo, cận kề đường đê Liên Mạc, chỉ mất vài phút để di chuyển vào trung tâm hay các khu công nghiệp lân cận.
- Khu vực Thượng Cát được gọi là vùng đất ""Thủy cao"" vì nó nằm tại vị trí cao ráo nhất khu vực, không bị ngập úng khi xảy ra mưa bão – tài sản luôn được bảo vệ an toàn tuyệt đối.
Không chỉ là mua một ngôi nhà, bạn đang mua một môi trường sống:
- Khu dân cư Thượng Cát nổi tiếng với sự bình yên, hàng xóm văn minh, thân thiện.
- Không khí trong lành nhờ luồng gió sông Hồng, tách biệt khỏi sự ồn ào nhưng vẫn đầy đủ tiện ích trường, chợ ngay sát vách.
Với sự phát triển hạ tầng mạnh mẽ của Quận Bắc Từ Liêm (cũ) và quy hoạch các cây cầu mới bắc qua sông Hồng, Thượng Cát đang là ""vùng trũng"" về giá nhưng có tiềm năng tăng giá cao. Căn nhà lô góc, ngõ ô tô thông luôn là hàng khan hiếm và có tính thanh khoản cực tốt!",151658767.77251184,6.4,sale,small,5_10b
176542487,132784577,"BÁN CHUNG CƯ F12 TRẦN KHÁT CHÂN, VÕ THỊ SÁU,Ở NGAY, OTO ĐỖ CỬA,36-50M2",900000000,52.0,Quận Hai Bà Trưng,Phường Đống Mác,Hà Nội,Căn hộ/Chung cư,2.0,7 giờ trước,"Mở Bán - Chung cư F12 Trần Khát Chân - Võ Thị Sáu, Thanh Nhàn 36 - 55m, Full Nội Thất, Ở ngay Tặng Vàng 24k.
✔️ Gần các tuyến đường trung tâm: trần Khát Chân, Võ Thị Sáu, Thanh Nhàn...
✔️ Gần các trường c1, c2 Thanh Nhàn, Đại học Kinh Doanh Và Công Nghệ...
✔️Diện tích:  26m2 ; 35m2 ; 40m2 ; 50m2 ; 55m2 ; 60m2
✔️Giá bán: Từ 900tr ; 1260tr ; 1460tr ; 1,6 tỷ hơn 1.9 tỷ 
✔️ CHIẾT KHẤU GIẢM GIÁ NGAY 50 TRIỆU MỖI CĂN. 
✔️ Quy mô và thiết kế: Gồm 6 tầng căn hộ, mỗi tầng 4-5 căn, rộng thoáng, tầng 1 để xe.
✔️ Tòa nhà được trang bị 1 thang máy tốc độ cao, bảo vệ trực 24/24, PCCC hiện đại.
✔️ Giá bán đã bao gồm chi phí làm sổ và nội thất căn hộ.
✔️ Nội thất: Tủ bếp trên dưới, bếp từ, hút mùi, thiết bị vệ sinh, bình nóng lạnh, đầu chờ internet, điều hòa., giường tủ, kệ ti vi, sàn gỗ, trần thạch cao
✔️Liên hệ chủ đầu tư: *** (tôi là chủ).
✔️ Xem nhà 24/24 - Có tư Vấn Zalo

",17307692.307692308,0.9,sale,small,under_1b
176461689,132714946,🔥 BÁN ĐẤT XÃ ĐÔNG MỸ – 70M² – ĐƯỜNG 3M – 2 PHÚT RA XE BUÝT – 5 TỶ 🔥,5000000000,70.0,Huyện Thanh Trì,Xã Đông Mỹ,Hà Nội,Đất,3.0,11 giờ trước,"Thế Vạn Nhà Đất giới thiệu lô đất đẹp phân khúc vừa tiền tại xã Đông Mỹ – Thanh Trì.
📐 Diện tích: 70m²
📏 Mặt tiền: 4.2m vuông vắn, xây nhà cực đẹp
🚗 Đường trước đất rộng 3m sạch sẽ, đi lại thuận tiện
📍 Kết nối giao thông:
•	Cách trung tâm Thanh Trì khoảng 3km 
•	Cách Hoàn Kiếm 18km 
•	Chỉ 2 phút ra điểm xe buýt 
🌆 Khu dân cư văn minh, hạ tầng đồng bộ, gần chợ và trường học các cấp.
🏡 Phù hợp xây ở lâu dài hoặc đầu tư giữ tiền thanh khoản tốt.
📕 Sổ đỏ vuông đẹp, pháp lý rõ ràng, giao dịch nhanh gọn.
💰 Giá bán: 5 tỷ (có thương lượng)
📞 Liên hệ: *** – Thế Vạn Nhà Đất

",71428571.42857143,5.0,sale,medium,3_5b
175821121,132164042,Văn phòng trọn gói Full DV cho 3 đến 15 người làm việc tại Chùa Bộc,9300000,25.0,Quận Đống Đa,Phường Kim Liên,Hà Nội,"Văn phòng, Mặt bằng kinh doanh",3.0,11 giờ trước,"- Vị trí đắc địa tại tòa văn phòng chuyên nghiệp ngã 4 Phạm Ngọc Thạch, Chùa Bộc (Đối diện Vincom Phạm Ngọc Thạch), giúp nâng cao giá trị thương hiệu doanh nghiệp.
- Văn phòng trọn gói, đầy đủ trang thiết bị như lễ tân, bàn ghế, sofa, máy in, cafe, phòng họp, khu đọc sách, ghế massage.
- Diện tích văn phòng đa dạng: 15m², 25m², 28m², 35m², 50m², phù hợp cho công ty vừa và nhỏ (3 - 15 nhân sự).
- Thiết kế văn phòng thoáng, cửa kính lớn, cửa sổ đón gió tự nhiên.
- Có chỗ để xe máy, ô tô thoải mái.
- Nằm gần nhà hàng, siêu thị, cafe, sử dụng toàn bộ tiện ích bên Vincom.
- Hỗ trợ làm ngoài giờ và vào cuối tuần (thứ 7, chủ nhật).

- Đặc biệt: Chỗ ngồi Co-working linh hoạt, cố định chỉ 2 Tr/ tháng.
(Có đầy đủ giấy tờ pháp lý, giấy phép phòng cháy chữa cháy, có xuất hóa đơn VAT,...)

Cam kết giá và dịch vụ *** thị trường.
Gọi ngay: *** (Ms Minh Thùy - Chính chủ Miễn Phí, có kết hợp MG, HH 1 tháng).",372000.0,0.0093,sale,very_small,under_1b
176408909,132669910,Siêu phẩm chung cư cao cấp bán đảo linh đàm,9300000000,137.0,Quận Hoàng Mai,Phường Hoàng Liệt,Hà Nội,Căn hộ/Chung cư,3.0,8 giờ trước,"Siêu phẩm chung cư Bán Đảo Linh Đàm !!!
1 căn cực chất ở no2 siêu vip
Diện tích sổ: 120m2 - sử dụng thực tế: 137m2
Yên tĩnh, tiện nghi, sang trọng 
Thiết kế 4 thang máy mà chỉ có 11 tầng, mỗi tầng chỉ 11 căn nên không bao giờ phải mất thời gian chờ đợi thang máy !
Nhà thiết kế sang trọng, cực hợp lí, 1 khách cực rộng, 3 ngủ - 2 WC. Xem là ưng luôn không phải suy nghĩ lăn tăn
Pháp lí rõ ràng - Sang tên sổ trong 1 nốt nhạc !
Giá cho 1 căn siêu phẩm lại cực ưu đãi chỉ : 9,3tỷ ( thiện chí thương lượng thoải mái ! )",67883211.67883211,9.3,sale,large,5_10b
175842811,132182488,"Phú Diễn, nhà 3 tầng, 3 phòng ngủ, mặt tiền 5m, tiện ích đầy đủ!",4200000000,34.0,Quận Bắc Từ Liêm,Phường Phú Diễn,Hà Nội,Nhà ở,3.0,1 giờ trước,"- Diện tích 34m², mặt tiền 5m, hình thửa vuông vắn dễ thanh khoản.
- Nhà 3 tầng, 3PN , 3WC + 1 tum thoải mái cho 1 gia đình.
- Gần chợ, trường học từ mầm non cho đến cấp 3, gần Đại học Tài nguyên và Môi trường, UBND phường và Công an phường nằm trong bán kính vài trăm mét.
- Tiện ích đầy đủ, vị trí thuận tiện, gần đường ô tô tránh kết nối với đường QL32 và đại lộ Tây Thăng Long.
- Giá có thể thương lượng!",123529411.76470588,4.2,sale,small,3_5b
176494865,132743642,Bán căn hộ 2n1vs,4500000000,57.0,Quận Nam Từ Liêm,Phường Phương Canh,Hà Nội,Căn hộ/Chung cư,2.0,7 giờ trước,"Vị trí: Kết nối thuận tiện qua các trục đường lớn Trịnh Văn Bô, Quốc lộ 32 (gần các trường đại học lớn và siêu thị trong khu vực Nam Từ Liêm",78947368.42105263,4.5,sale,small,3_5b
165030537,122851803,"Căn hộ CCMN cao cấp Ngọc Thụy, Q Long Biên, 28m2, 1PN",3000000,28.0,Quận Long Biên,Phường Ngọc Thụy,Hà Nội,Căn hộ/Chung cư,1.0,11 giờ trước,"Căn hộ CCMN cao cấp Ngọc Thụy Q Long Biên 28m² 1PN

Nội dung: 
- Cho thuê căn hộ chung cư mini cao cấp 7 tầng, thang máy tốc độ cao. 
- Địa chỉ số 56 ngõ 264/63 Ngọc Thụy, vị trí tòa nhà tại khu phân lô phường Ngọc Thụy, mặt đường ô tô, gần chợ Ngọc Thụy, trường cấp 1, cấp 2, trường mẫu giáo, trường quốc tế Pháp, chung cư bộ công an. - -- Tòa nhà 7 tầng, tầng 1 để xe máy, tầng lửng sảnh tiếp khách, tầng 2 đến tầng 7 gồm các căn hộ khép kín. Căn hộ cho thuê rộng 20m2 + gác lửng 8m2, khung cảnh, tầm nhìn ban công thoáng đãng, trang bị nội thất sang trọng, khép kín. 
- Đồ nội thất và thiết bị bao gồm: Điều hòa, bình nóng lạnh, quạt trần, truyền hình cáp, wifi, tủ bếp gỗ sồi mặt đá tự nhiên, tủ quần áo gỗ âm tường. Giường ngủ được bố trí trên gác lửng rộng rãi kín đáo, có cửa sổ, đèn ngủ. Vệ sinh có sen cây, bệt một khối, chậu rửa mặt liền tủ. Đồng hồ đo điện, nước riêng biệt. 
- Khu dân trí cao, an ninh rất tốt có camara giám sát ở các tầng, nhà không chung chủ đi lại giờ giấc thoải mái, hiện nhà đã đón khách vào ở, các hộ thuê chủ yếu là hộ gia đình nên sinh hoạt rất có ý thức và thân thiện. 

Giá thuê phòng 3 tr/tháng.",107142.85714285714,0.003,sale,very_small,under_1b
175117207,131559903,PHONG 20m² – 25m² – 30m² FULL ĐỒ NGUYÊN KHOÁi  ĐẦM  TRẤU HN,3600000,25.0,Quận Hai Bà Trưng,Phường Bạch Đằng,Hà Nội,Căn hộ/Chung cư,1.0,11 giờ trước,"Dự án: 
Thông tin chi tiết: 🏢 CHO THUÊ CHUNG CƯ MINI 20m² – 25m² – 30m² FULL NỘI THẤT ĐẸP – ĐẦM TRẤU, NGUYỄN KHOÁI

Cho thuê phòng/chung cư mini diện tích 20m² – 25m² – 30m², thiết kế hiện đại, khép kín 100%, phù hợp sinh viên, người đi làm, hộ gia đình nhỏ.

✨ Nội thất đẹp – vào ở luôn:
	•	Điều hòa, nóng lạnh đầy đủ
	•	Giường, tủ quần áo, bàn làm việc hiện đại
	•	Tủ bếp riêng + bếp nấu, chậu rửa tiện lợi
	•	Vệ sinh khép kín, sạch sẽ, thiết bị cao cấp
	•	Một số phòng có ban công thoáng, cửa sổ lớn

🏢 Tiện ích tòa nhà:
	•	Có thang máy, đi lại thuận tiện
	•	Khóa cửa vân tay/camera an ninh 24/24
	•	Giờ giấc tự do, không chung chủ
	•	Khu dân trí cao, yên tĩnh, an ninh tốt

📍 Vị trí cực đẹp – trung tâm Hai Bà Trưng (Đầm Trấu – Nguyễn Khoái):
	•	Gần các trường ĐH lớn: Bách Khoa, Kinh Tế Quốc Dân, Xây Dựng, Dược
	•	Gần bệnh viện: 108, Thanh Nhàn…
	•	Di chuyển nhanh ra phố cổ, Hồ Gươm chỉ vài phút

💰 Giá thuê:
	•	20m²: từ 3,5 triệu/tháng
	•	25m²: từ 4 triệu/tháng
	•	30m²: từ 4,5 triệu/tháng

📞 Liên hệ ngay: (bạn điền SĐT)
👉 Số lượng phòng có hạn – ưu tiên khách thuê sớm!
Liên hệ ***",144000.0,0.0036,sale,very_small,under_1b
176494880,132743650,"Bán đất Ngã tư Xuân Mai - Chương Mai, 80m mặt tiền 5m, đường ô tô. ",1680000000,80.0,Huyện Chương Mỹ,Thị trấn Xuân Mai,Hà Nội,Đất,3.0,10 giờ trước,"Chính chủ bán đất Thị trấn Xuân Mai - Chương Mỹ - Hà Nội. 
- Đường ô tô tránh, 2 km ra ngã tư Thị trấn Xuân Mai, view hồ mát mẻ.  
- Sổ đỏ đẹp chính chủ, vuông vắn, sang tên ngay. 
- Giá: 1,68 tỷ (Có hỗ trợ ngân hàng)/
LH: Thành - Để được hỗ trợ đưa đón xem đất miễn phí.",21000000.0,1.68,sale,medium,1_3b
176547202,132788708,"Siêu Phẩm Hà Đông- 6 Tầng, Thang Máy - Full Nội Thất",13400000000,50.0,Quận Hà Đông,Phường Dương Nội,Hà Nội,Nhà ở,5.0,3 giờ trước,"Dự án: 
Thông tin chi tiết: * Vị trí nhà khu Trung Tâm Hà Đông
Vị trí thuận tiện đi lại và sinh hoạt. 
Gần trường mầm non. Cấp 1 .2 Văn Khê. 
Cấp 3 Quang Trung. 
Bể bơi . Hội trường Tổ 4 La Khê. 
500m là ĐH phenika. 
BV Nhi Hà Nội . Aeoanmail Hà Đông....

* Đi bộ 200m Đường Lê Trọng Tấn.
ra buýt BRT . 
Vị trí giao thông đi lại thuận tiện đi các hướng các đường Lê Văn Lương . Quang đạo kéo dài......
Bán kính 500m ra ngã tư văn Phú. 
Trường THPT chuyên Nguyễn Huệ. 
Xiêu thị điện máy......

* Thiết kế nhà:
+ Tầng 1: PK, bếp, wc.
+ Tầng 2: Lửng 1 pn rộng, wc.
+ Tầng 3: 1 pn rộng, wc.
+ Tầng 4: 1 pn rộng, wc. 
+ Tầng 5: 2 pn, 2wc.
+ Tầng 6 tum,  kho, sân phơi.

☎️ Zalo Tư Vấn Free :

* Sổ đỏ đẹp, nở hậu. Sẵn sàng giao dịch.",268000000.0,13.4,sale,small,over_10b
175912309,132241915,"HIẾM PHỐ LÂM HẠ – TÒA DÒNG TIỀN 77M2 – 6 TẦNG THANG MÁY ,full phòng,",23300000000,78.0,Quận Long Biên,Phường Bồ Đề,Hà Nội,Nhà ở,8.0,11 giờ trước," Diện tích rộng 77m2
💥 Nhà 6 tầng thang máy hiện đại
💥 Ngõ thông ô tô, di chuyển cực tiện
💥 Đang cho thuê kín phòng – dòng tiền ổn định hàng tháng
💥 Phù hợp vừa giữ tài sản vừa khai thác kinh doanh cho thuê
📕 Sổ đỏ chính chủ
💰 Giá nhỉnh 23 tỷ có thương lượng mạnh với khách thiện chí
☎️ Liên hệ xem nhà trực tiếp gặp chủ.",298717948.71794873,23.3,sale,medium,over_10b
176497222,132745724,PHÂN LÔ KIM NGƯU - Ô TÔ TRÁNH - LÔ GÓC 2 MẶT THOÁNG - NHÀ MỚI Ở LUÔN,10500000000,35.0,Quận Hai Bà Trưng,Phường Vĩnh Tuy,Hà Nội,Nhà ở,3.0,7 giờ trước,"Thông tin chi tiết: 
✅ Nhà mình có vị trí đẹp, mặt ngõ thông, ô tô đỗ trước cửa, phân lô vỉa hè, lô góc thoáng sáng, thuận tiện di chuyển nhiều hướng Lạc Trung-Minh Khai-Thanh Nhàn- Trần Khát Chân. Chỉ 5 phút đưa con đến trường học các cấp: mầm non Lạc Trung, cấp 2 Nguyễn Đình Chiểu
✅ Nhà 5 tầng xây mới, thiết kế thông minh, các phòng đều thông thoáng, 3 phòng ngủ full đồ.
✅ Khu dân cư văn minh, ngõ sạch đẹp.
✅ Hình thửa đất vuông vức đẹp.
✅ Sổ đỏ pháp lý chuẩn. Chủ rất thiện trí bán, sang tên nhanh.
📞Liên hệ em Ngọc Thổ Địa:
Thông tin Xác Thực - Hỗ trợ tận tâm",300000000.0,10.5,sale,small,over_10b
176542552,132784647,"💎💎💎 CĂN HỘ  VIEW HỒ VĨNH HOÀNG💎GẦN CHỢ ĐẦU MỐI, TIỆN ÍCH BẠT NGÀN ",4900000000,60.0,Quận Hoàng Mai,Phường Vĩnh Hưng,Hà Nội,Căn hộ/Chung cư,2.0,7 giờ trước,"💎💎💎 CĂN HỘ VIEW HỒ VĨNH HOÀNG💎 GẦN CHỢ ĐẦU MỐI, TIỆN ÍCH BẠT NGÀN
💎 DT 60m 2 ban công, 2 ngủ, 2 WC, view hồ Vĩnh Hoàng, khu vực yên tĩnh thoáng mát, an ninh tốt
💎Ngay mặt đường Vĩnh Hoàng, khu vực sinh thái để ở, vài bước chân ra Hồ Vĩnh Hoàng, tầng trung rất tiện lợi, giao thông thuận tiện di chuyển mọi hướng, gần các trường đại học Kinh tế, Xây dựng, Bách khoa......xung quanh tiện ích bạt ngàn.
📕Sổ đỏ lâu dài 💰 Nhỉnh 4,9 tỷ tí ti
☎️LH: Ms Huấn ",81666666.66666667,4.9,sale,small,3_5b
176235046,132520459,"Cần bán căn hộ 74m , 2 ngủ,2 vs ,",5000000000,75.0,Quận Hoàng Mai,Phường Đại Kim,Hà Nội,Căn hộ/Chung cư,2.0,11 giờ trước,"💥 Cần bán căn hộ 2PN/2VS Diện tích 74m2 
𝐂𝐡𝐮𝐧𝐠 𝐜𝐮̛ 𝐄𝐜𝐨 𝐋𝐚𝐤𝐞 𝐕𝐢𝐞𝐰 𝟑𝟐 đ𝐚̣𝐢 𝐭𝐮̛̀ 
✅Nhà đã trang bị đầy đủ nội thất cả đồ điện tử .ban công view hồ định công ,hồ linh đàm thoáng sáng 
👌Giá Chỉ 5.x tỷ có Thương lượng 
📕Sổ hồng cầm tay có hỗ trợ vay ngân hàng chỗ để ô tô 
LH ***",66666666.666666664,5.0,sale,medium,3_5b
175830912,132172302,"Cập nhật giá bán 2-3pn tại Golden Park, giá chỉ từ 9.2 tỷ",9200000000,96.0,Quận Cầu Giấy,Phường Yên Hoà,Hà Nội,Căn hộ/Chung cư,3.0,7 giờ trước,"🌿Tổng hợp quỹ căn mới nhất tại GOLDEN PARK - Dương Đình Nghệ, giá cực ngon 

📲Liên hệ: *** - em Đạo.

- Căn ngon - giá đầu tư: căn 96m² , 3pn- 2wc, nội thất đủ đồ, giá 10.2 tỷ - Tầng 2x

- Căn 96m², 3pn 2wc, nội thât cơ bản, giá 10.6 tỷ - tầng 2x

- Quỹ căn 96m², hiện em có thêm 8 căn khác, giá trung bình 11.3 tỷ

- Căn hộ góc hàng hiếm trục 18 - 105m² , 3pn-2vs giá 12.9 tỷ

- Căn hộ 84m² thiết kế 2pn-2vs ban công đông nam. giá bán 9.2 tỷ

Dự án đẹp, nằm tại vị trí vàng gần các trụ sở FPT, Viettel, công viên Cầu Giấy.

Quý anh chị quan tâm liên hệ ngay em Đạo: *** để hỗ trợ tư vấn chọn căn tầng phù hợp + vị trí đẹp 
 ",95833333.33333333,9.2,sale,medium,5_10b
176483168,132733456,"CHUNG CƯ QUỐC PHÒNG X2 - ĐẠI KIM - NGÃ TƯ SỞ - 78M2, 3 PN - SỔ ĐỎ",5980000000,78.0,Quận Hoàng Mai,Phường Định Công,Hà Nội,Căn hộ/Chung cư,3.0,11 giờ trước,"Dự án: 
Thông tin chi tiết: CHUNG CƯ QUỐC PHÒNG X2 - ĐẠI KIM - NGÃ TƯ SỞ - 78M2, 3 PN - SỔ ĐỎ - GIÁ CHỈ 5,98 TỶ

- Dt: 78m2, 3 phòng ngủ, 2 wc, bố trí hợp lý
- Tòa nhà thiết kế 4 thang máy, 3 tầng hầm để ô tô & xe máy, mới đưa vào sử dụng, thuận tiện sinh sống.
- Khu vực trung tâm đi lại, gần khu đô thị Linh Đàm, Ngyễn Xiển, Kim Giang, Ngã Tư Sở...
- Phù hợp gia đình trẻ, hoặc đầu tư giữ tiền cho thuê
- Hiện có các căn 78 - 95 - 107 - 123m( 4 ngủ) có nội thất & nguyên bản
- Sổ đỏ chính chủ
Xin Lh: Em Hạnh Vân xem nhà thực tế",76666666.66666667,5.98,sale,medium,5_10b
176542549,132784683," cần bán căn chung cư 151 Nguyễn Đức Cảnh Toà A1 Tầng 7, Hoàng Mai",6050000000,87.0,Quận Hoàng Mai,Phường Tương Mai,Hà Nội,Căn hộ/Chung cư,2.0,7 giờ trước,"Chỉnh chủ cần bán căn chung cư 151 Nguyễn Đức Cảnh Toà A1 Tầng 7, phường Tương Mai, Quận Hoàng Mai
- Thiết kế 2pn
- 87m2 ( có thể sửa thành 3pn )
- 2Logia
- 2Cửa sổ
- 2Wc ( Phòng Master )
- Gần hồ điều hoà Đền Lừ + Tượng Đài Hoàng Văn Thụ + Trường cấp 1,2 + Trường Mầm Non ngay gần khu vực + Siêu thị ngay chân Toà Nhà CC
- Giá bán : 6.050 tỷ có bớt
- Liên hệ chính chủ :  để xem trong nhà ( Khi xem báo trước mình về mở cửa )
Miễn các bạn Quảng Cáo làm phiền .",69540229.88505746,6.05,sale,medium,5_10b
176076470,132383291,"Nhà Cổ Linh Ngọc Trì ô tô tránh,nhà đẹp mới tinh full nội thất 13 tr",13000000,30.0,Quận Long Biên,Phường Thạch Bàn,Hà Nội,Nhà ở,3.0,9 giờ trước,"
Cho thuê nguyên căn  CỔ LINH Ngọc  Trì- 5 tầng 3 ngủ khép kín- 30m2- 13 tr/thg
📌 Vị trí: gần hồ Thạch Bàn,  đường ô tô tránh, giao thông thuận tiện.
​🏠 Thiết kế: 30m2 xây 6 tầng
- Tầng 1:  gara.
- Tầng 2: phòng khách
- Tầng 3: phòng ăn, bếp 
- Tầng 4,5: mỗi tầng 1 ngủ khép kín.
- Tầng 6: sân phơi, phòng thờ.
​✅ Nội thất: tivi, tủ lạnh, máy giặt, bếp từ, giường tủ, sofa, kệ ti vi, cửa, rèm cửa, gươmg trang trí, quạt trần, điều hoà, bình nl.
​💰 Giá thuê: 13tr/thg.",433333.3333333333,0.013,sale,very_small,under_1b
175938334,132264518,"Nhà 75mx7 tầng thang máy ô tô vào nhà đường ô tô tải tránh, kinh doanh",27500000000,75.0,Quận Hoàng Mai,Phường Thịnh Liệt,Hà Nội,Nhà ở,8.0,2 giờ trước,"Chính chủ bán nhà mặt phố 43 Thịnh Liệt Hoàng Mai 
Nhà dt sổ đỏ và XD 75m mặt tiền 4m vuông vắn 
Nhà mới xây thiết kế 7 tầng có thang máy và thang bộ
Tầng 1: gara ô tô hoặc văn phòng công ty, kinh doanh sầm uất các mặt hàng 
Tầng 2: có 2 phòng 1 vệ sinh 
Tầng 3,4,5 mỗi tầng 2 phòng ngủ, 2 vệ sinh khep kín rộng thoáng, đã lăp đầy đủ nội thất, trang thiết bị như trong hình
Tầng 6: gồm phòng khach và phòng bếp rộng thoáng cửa sổ các bên
Tầng 7: phòng thờ, sân phơi, sân BBQ rất rộng
Đường trước nhà rộng 7m có vỉa hè 2 bên, đường 2 ô tô tải tránh nhau thoải mái. 
Nhà pháp lý chuẩn, ko quy hoạch, hình ảnh thật của căn nhà 
Giá 27,5ty (bao sang tên sổ đỏ)
Ai có nhu cầu xin liên hệ chủ nhà chị Hường anh Doanh",366666666.6666667,27.5,sale,medium,over_10b
176480677,132731468,ĐẤT VÀNG NGỌC THỤY LONG BIÊN HÀ NỘI ,205000000000,462.0,Quận Long Biên,Phường Ngọc Thụy,Hà Nội,Đất,3.0,6 giờ trước,"🔥 HÀNG HIẾM LONG BIÊN – QUỸ ĐẤT VÀNG MẶT PHỐ NGỌC THỤY 🔥

Không phải lúc nào thị trường cũng xuất hiện một lô đất có vị trí đẹp và diện tích lớn như thế này!

📍 Mặt phố Ngọc Thụy – trục đường huyết mạch, 4 làn xe ô tô lưu thông ngày đêm.
📐 Diện tích sổ đỏ 462m², thực tế sử dụng khoảng 500m².
🚗 Thoáng 3 mặt, ô tô chạy vòng quanh, cực kỳ hiếm trong khu vực.
🏢 Lý tưởng xây tòa văn phòng, khách sạn, showroom, ngân hàng, trung tâm thương mại hoặc tòa căn hộ dịch vụ cao cấp.

🌳 Bao quanh là hệ sinh thái tiện ích đồng bộ:
✔ Công viên, sân chơi, khu thể thao
✔ Chợ dân sinh, siêu thị, trung tâm mua sắm
✔ Trường học các cấp, bệnh viện
✔ Khu dân cư đông đúc, dân trí cao
✔ Kết nối nhanh phố cổ Hoàn Kiếm chỉ vài phút di chuyển
✔ Dễ dàng tiếp cận các cầu Long Biên, Chương Dương, Đông Trù và các tuyến vành đai

💎 Điểm mạnh lớn nhất là quỹ đất rộng, vị trí mặt phố lớn, tính thương mại cao và gần như không có sản phẩm tương đương để so sánh trong khu vực.

📈 Phù hợp cho nhà đầu tư lớn, doanh nghiệp hoặc khách hàng tìm tài sản tích sản giá trị cao, giữ tiền an toàn và gia tăng giá trị theo thời gian.

☎ Liên hệ ngay để làm việc trực tiếp và sở hữu một trong những quỹ đất đẹp nhất khu vực Ngọc Thụy – Long Biên hiện nay.",443722943.7229437,205.0,sale,very_large,over_10b
175274906,131695187,"Cần tiền bán gấp căn 2n1vs full nội thất giá 3tỷ4, Vinhomes Ocean Park",3400000000,55.0,Huyện Gia Lâm,Thị trấn Trâu Quỳ,Hà Nội,Căn hộ/Chung cư,2.0,7 giờ trước,"Dự án: 
Thông tin chi tiết: Căn hộ chung cư tại Vinhomes Ocean Park Gia Lâm, Xã Gia Lâm, Hà Nội, mang đến không gian sống lý tưởng với thiết kế hiện đại và tiện nghi. Căn hộ có cấu trúc 2PN + 1 WC/PT + bếp, rất phù hợp cho gia đình nhỏ hoặc những ai yêu thích sự thoải mái và tiện lợi. Với giá chỉ 3,4 tỷ VND, căn hộ được trang bị nội thất đầy đủ như điều hòa, tủ lạnh, giường... Pháp lý đầy đủ đảm bảo an tâm cho người sở hữu.

Khu vực xung quanh căn hộ cũng rất thuận tiện với nhiều tiện ích như gần trường học, chợ/siêu thị, có công viên, giúp cuộc sống trở nên tiện nghi hơn.",61818181.81818182,3.4,sale,small,3_5b
176159323,132455015,SỔ ĐỎ VĨNH VIỄN ! CHUNG CƯ A2 NGUYỄN KHÁNH TOÀN - QUAN HOA - CẦU GIẤY,1800000000,52.0,Quận Cầu Giấy,Phường Quan Hoa,Hà Nội,Căn hộ/Chung cư,2.0,7 giờ trước,"Dự án: 
Thông tin chi tiết: Bán gấp - chung cư giá rẻ A2 Nguyễn Khánh Toàn - Quan Hoa - Cầu Giấy

Tòa nhà ở trung tâm quận, gần chợ, siêu thị, trường học cấp 1, 2, 3.

Hệ thống chữa cháy, báo cháy theo tiêu chuẩn mới hiện đại.

Hệ thống thang thoát hiểm đầy đủ.

Thiết kế mới hiện đại - nhận nhà ở luôn. Căn hộ 1 - 2 phòng ngủ sáng thoáng đẹp.

Pháp lý đầy đủ và đảm bảo theo quy định của pháp luật.

Sổ hồng sở hữu vĩnh viễn.

Add Zalo để nhận video căn hộ (Lưu ý miễn môi giới trung gian).",34615384.615384616,1.8,sale,small,1_3b
176537848,132780651,"Bán Căn 2N2WC+ 64m², full nội thất. Giá 4,8 tỷ.Vinhomes Smart City",4800000000,64.0,Quận Nam Từ Liêm,Phường Tây Mỗ,Hà Nội,Căn hộ/Chung cư,2.0,9 giờ trước,"Chuyển nhượng quỹ căn hộ đẹp và giá rẻ tại Vinhomes Smart City.
- Studio(25 - 36m²): Giá từ 2,4 tỷ.
- 1N(38m²): Giá từ 3,2 tỷ.
- 1N+ (43 - 48m²): Giá từ 3,3 tỷ
- 2N1W (54m²; 55m²): Giá từ 4,1 tỷ.
- 2N2W (59m²; 62m²; 64m²): Giá từ 5 tỷ.
- 3N2W (75m²): Giá từ 5,4 tỷ.
- 3N2W (80 - 98 - 120m²): Giá từ 6,4 tỷ.
- 4N3W ( 131m²): Giá từ 13,5 tỷ.
+ Cam kết nguồn hàng chất lượng nhất Vinhomes smart city.
+ Đảm bảo uy tín và quyền lợi khách hàng.
Ánh Tuyết Bất động sản Vinhomes.",75000000.0,4.8,sale,medium,3_5b
176540215,132782724,Phòng trọ khép kín 15m² tại Mỹ Đình 2 giá 1.700.000₫/Tháng,1700000,15.0,Quận Nam Từ Liêm,Phường Mỹ Đình 2,Hà Nội,Phòng trọ,3.0,8 giờ trước,"Cho thuê trọ phòng khép kín 15m² tại Mỹ Đình 2 giá 1.700.000₫/tháng 💸 (cọc trước 500k)

Điều hoà, nóng lạnh, Wifi đầy đủ (có hỗ trợ nối dây mạng).
Trọ chính chủ, giờ giấc thoải mái.
Nội thất phòng trống

Liên hệ:☎️ *** - Zalo: ***
Địa chỉ:🏠 nhà số 3, ngõ 63/57 Phú Mỹ, đường Mỹ Đình, Phường Từ Liêm

",113333.33333333333,0.0017,sale,very_small,under_1b
176142679,132440727,"BÁN NHÀ 99M2, 8 TẦNG, MT 6M GIÁ *** KV MẶT HỒ HOÀNG CẦU, ĐỐNG ĐA",80000000000,99.0,Quận Đống Đa,Phường Ô Chợ Dừa,Hà Nội,Nhà ở,8.0,7 giờ trước,"BÁN NHÀ 99 M2, 8 TẦNG, MẶT TIỀN 6 M GIÁ *** KHU VỰC MẶT HỒ HOÀNG CẦU, Q.ĐỐNG ĐA. HÀ NỘI.
+ Diện tích 99 m2
+ Pháp lý: Sổ đỏ rõ ràng, sang tên công chứng ngay.
+ Nhà 8 tầng 1 tum mới xây hiện đại, tiện nghi thoáng mát: 3 tầng đang cho thuê ( có ngay dòng tiền đều đặn), 7wc , từ tầng 4: gồm 8 phòng. NHÀ CÓ HỆ THỐNG ĐIỆN NĂNG LƯỢNG MẶT TRỜI.
+ Vị trí mặt hồ mặt đường kết nối giao thông tốt, gần ga tầu điện trên cao La Thành và gấn bến xe buýt đi các hướng.
+ Gần trường học các cấp, gần bệnh viện Đống Đa và gần trung tâm thương mại. Gần 2 siêu thị lớn có uy tín và gần cả chợ dân sinh.
Giá bán: 80 tỷ- có thương lượng
Liên hệ chính chủ Anh Phượng *** ( Miễn Trung Gian )
Địa chỉ: 46 Mai Anh Tuấn, Phường Ô Chợ Dừa, Quận Đống Đa. Hà Nội.",808080808.080808,80.0,sale,medium,over_10b
175639496,132008607,"TT79 Căn hộ ô tô đỗ cửa giáp Hồ Tùng Mậu gần Hàm Nghi, Mỹ Đình full đồ",5050000,25.0,Quận Nam Từ Liêm,Phường Mỹ Đình 2,Hà Nội,Căn hộ/Chung cư,1.0,8 giờ trước,"🌿 PHÒNG ĐƠN FULL ĐỒ – VĂN TIẾN DŨNG – NHÀ MẶT ĐƯỜNG BẢO VỆ 24/7
📍 59 Văn Tiến Dũng, Bắc Từ Liêm
📌 Gần Công viên Mai Dịch – Siêu thị Thành Đô – điểm bus 200m – Hồ Tùng Mậu - Hàm Nghi
⏰ Tình trạng: trống sẵn
💰 Giá thuê từ 5tr050/tháng
✨ Thông tin nổi bật
✅ Phòng đơn ban công
✅ Nhà mặt đường lớn, ô tô đỗ cửa
✅ Tòa có bảo vệ 24/7, PCCC đạt chuẩn
✅ Full đồ: giường, tủ, điều hoà, nóng lạnh, tab, tranh, bàn ghế làm việc, bàn ghế ăn, rèm, tivi, tủ lạnh, máy giặt, bếp âm, tủ bếp, hút mùi, cabin tắm
💵 Dịch vụ: Điện 4.2k/số | Nước 120k/người | DVC 200k/người | Xe máy 100k/xe
📞 Liên hệ xem phòng Cnahotute ib/zalo",202000.0,0.00505,sale,very_small,under_1b
176090770,132395695,"VP Đống Đa 185 Chùa Láng: 3.5Tr, giảm 50% tháng đầu, HH MG 70-120%",4500000,15.0,Quận Đống Đa,Phường Láng Thượng,Hà Nội,"Văn phòng, Mặt bằng kinh doanh",3.0,9 giờ trước,"Bạn là Startup hay doanh nghiệp nhỏ đang tìm bến đỗ chuyên nghiệp? Đừng bỏ lỡ 03 mặt bằng cực phẩm, giá siêu tốt tại 185 Chùa Láng!

1. THÔNG TIN PHÒNG TRỐNG (TẦNG 3):
Phòng 304 (17m2): 6.000.000đ/tháng – View phố cực thoáng, tràn ngập ánh sáng tự nhiên.

Phòng 306 (15m2): 4.500.000đ/tháng – Vuông vắn, thiết kế thông minh, dễ setup.

Phòng 305 (10m2): 3.500.000đ/tháng – Giải pháp ""ngon - bổ - rẻ"" cho đội nhóm nhỏ.

2. ƯU ĐÃI ĐẶC BIỆT:

Hỗ trợ doanh nghiệp: Giảm 15% - 30% phí tư vấn pháp lý, cho doanh nghiệp mới.

3. LỢI THẾ CẠNH TRANH:
Vị trí trung tâm quận Đống Đa, giao thương sầm uất.

Địa chỉ kinh doanh uy tín, hỗ trợ thủ tục nhanh gọn.

Tiện ích xung quanh đầy đủ: Ngân hàng, quán ăn, cafe văn phòng...

🤝 GÓC HỢP TÁC ANH EM MÔI GIỚI (BROKERS):
Hiện tại bên mình đang trống 3 sàn này, nhờ anh em môi giới đẩy hàng hỗ trợ. Cơ chế cực kỳ hấp dẫn và rõ ràng:

Hoa hồng (HH): Từ 70% - 120% tùy giá trị hợp đồng và thời hạn ký kết.

Hỗ trợ dẫn khách 24/7, thông tin minh bạch, thanh toán hoa hồng ngay khi chốt cọc/ký hợp đồng thành công.",300000.0,0.0045,sale,very_small,under_1b
176064717,132373175,nhà lai xá xây đơn lập 200m ra qlo 32 chợ lai xá,6200000000,32.0,Huyện Hoài Đức,Xã Kim Chung,Hà Nội,Nhà ở,4.0,6 phút trước,"🏡Bán nhà lai xá. Cực hiếm đầu ngõ là chợ, ô tô đỗ gần. Giá 6,x tỷ

🛒Tiện ích ngập tràn, trường chợ ngay cạnh nhà, lắp full nội thất, khách chỉ xách vali về ở ngay

📍Giao thông thuận lợi cầu giấy mỹ đình - gần Trục Tây Thăng Long thông thương Văn Tiến Dũng - QL32
•••••••••••••••••••••••••••••••••
🏡Nhà 5 tầng thiết kế đẹp, chủ xây tâm huyết
🔸Tầng 1 : Phòng khách, bếp ăn, wc
🔸Tầng 2,3,4: Phòng ngủ, wc
🔸Tầng 5 : Phòng thờ, sân phơi

👉Pháp lý chuẩn giao dịch trong ngày
👉Hỗ trợ ngân hàng 80%, lãi xuất thấp

☎️Lh/zalo: ***. (để xem nhà miễn phí)",193750000.0,6.2,sale,small,5_10b
175720764,132078276,Phòng trọ khép kín 25m2 đầy đủ nội thất điều hoà nóng lạnh,2200000,25.0,Quận Bắc Từ Liêm,Phường Minh Khai,Hà Nội,Phòng trọ,3.0,8 giờ trước,"Cho thuê phòng trọ khép kín 25m2.
Có giường, tủ, điều hoà, nóng lạnh đầy đủ.
Có nhà để xe.
Gần chợ, bệnh viện, trường học.
Khu vực trường Đại học Công nghiệp, Công nghệ Đông Á, Cao đẳng FPT.
Giá phòng 2tr5, điện nước giá bình dân.
",88000.0,0.0022,sale,very_small,under_1b
175034915,131492550,"ĐẤT NỀN LÁNG HÒA LẠC, 124M, MT6M, GIÁ 3,12 TỶ",3120000000,124.0,Huyện Thạch Thất,Xã Bình Yên,Hà Nội,Đất,3.0,10 giờ trước,"ĐẤT NỀN LÁNG HÒA LẠC, THÀNH PHỐ VỆ TINH XANH, DIỆN TÍCH 124M, MẶT TIỀN 6M, GIÁ 3,12TỶ

Đất nằm gần KĐT sinh thái, đường mòn Hồ Chí Minh
Giao thông thuận tiện, xung quanh đầy đủ tiện ích, bệnh viện và nhiều trường đại học
Pháp lý rõ rang, sang tên nhanh tróng
Liên hệ ***",25161290.322580647,3.12,sale,large,3_5b
176502320,132750031,Chung Cư Kim Văn Kim Lũ – 74M² – 3PN – FULL Nội Thất – Vào ở ngay,4860000000,74.0,Quận Hoàng Mai,Phường Định Công,Hà Nội,Căn hộ/Chung cư,3.0,8 giờ trước,"CHUNG CƯ KIM VĂN KIM LŨ – 74M² – 3PN – FULL Nội Thất, ở ngay. 
$ Giá hợp lý dễ sở hữu. 

+ Vị trí đẹp tại KĐT Kim Văn Kim Lũ, view rộng, không khí trong lành, khu dân cư đông đúc, phù hợp gia đình ở lâu dài hoặc đầu tư cho thuê.

+ Tiện ích xung quanh đầy đủ: Gần trường học, Gần chợ, siêu thị, thuận tiện các trục đường lớn...
+ Sổ đỏ chính chủ, pháp lý chuẩn, ss giao dịch

 📞 Em Ngoan xem nhà trực tiếp 24/7",65675675.675675675,4.86,sale,medium,3_5b
176545117,132786903,NHÀ Cấp 4 Cách MP Lý Nam Đế 15M Dt 22,8000000000,22.0,Quận Ba Đình,Phường Điện Biên,Hà Nội,Nhà ở,1.0,5 giờ trước,"Dự án: 
Thông tin chi tiết: Nhỉnh 8tỷ căn góc lõi trung tâm phố cổ, cách 15m ra mặt phố Lý Nam Đế giao với phố Trần Phú và phố ẩm thực Tống Duy Tân.

- Bán căn nhà 1,5 tầng tại khu phân lô phố Lý Nam Đế, phố du lịch khu cực hiếm nhà bán.

- Ngõ trước nhà rộng hơn 3m cách 15m ra mặt phố, ngõ sạch văn minh yên tĩnh.

- Dt sổ đỏ 22m mặt tiền 3,5m vuông vắn 2 mặt tiền 3 mặt thoáng đều mở được cửa.

+ Khổ đất đẹp hiếm có khó tìm, không lỗi lầm phong thuỷ quy hoạch.

+ Cấp được giấy phép 4,5 tầng rất tiện làm homestay dịch vụ du lịch.

+ Nhà hiện đang cho thuê kinh doanh rất tốt ở tạm được.

Giá cực hợp lý phân khúc tầm tiềm cực hiếm trên phố cổ SĐCC pháp lý sạch

LH: Mr Hiệp ***",363636363.6363636,8.0,sale,very_small,5_10b
176542784,132784855,Phòng đẹp 25 ngách 25/59 Vũ Ngọc Phan 40m2,3000000,40.0,Quận Đống Đa,Phường Láng Hạ,Hà Nội,Phòng trọ,3.0,6 giờ trước,"Đầy đủ wifi, điều hòa, nóng lạnh, tủ lạnh, máy giặt,TV, bàn làm việc...
Vị trí gần Nguyễn Chí Thanh, Đường Láng, gần trường ĐH ngoại thương, luật, ngoại giao, hv thanh thiếu niên.
Gửi xe cách 100m
* Giá: 3triệu, ưu tiên b ở lâu dài đang đi học đi làm.
- Giá dịch vụ:
1. Điện 4k/ số, nước 150k/ người
2. Mạng 45k/ phòng
3. Tiền chung: 110k/ phòng
4. Tiền phí MT: 20k/ng
5. Xe (gửi ngoài bãi) 200k/ xe
Lh: ***",75000.0,0.003,sale,small,under_1b
176542769,132784863,"Chính chủ cần bán chung cư cao cấp 115 m2,3 PN,tòa Trung Yên Plaza",12000000000,115.0,Quận Cầu Giấy,Phường Trung Hoà,Hà Nội,Căn hộ/Chung cư,3.0,6 giờ trước," Bán gấp căn hộ chung cư cao cấp 115 m2,3 PN,1 kho  tòa Trung Yên Plaza số 1 Trung Hòa . Diện tích thông thủy 112,1. Diện tích tim tường :115 m2, thiết kế 3 PN,1 kho,2 wc,Pk,bếp, phòng khách. Cửa vào  Đông Nam. Nhà sửa chữa rất đẹp, thiết kế cực kì hợp lý,đầy đủ nội thất  như sàn gỗ, thạch cao, tủ bếp, sofa ,bàn trà.. . SĐCC. LH: ***  (Call/zalo)
",104347826.08695652,12.0,sale,large,over_10b
176545157,132786937,Căn hộ 72m KĐT Dương Nội Tặng nội thất Tiện ích ngập tràn hơn 4 tỷ,4388000000,72.0,Quận Hà Đông,Phường Dương Nội,Hà Nội,Căn hộ/Chung cư,2.0,5 giờ trước,"🏡 CĂN HỘ 72M² KĐT DƯƠNG NỘI - FULL NỘI THẤT - 2 BAN CÔNG THOÁNG ĐẸP - GIÁ HƠN 4 TỶ

✨ Thông tin nổi bật:
✅ Diện tích 72m², thiết kế tối ưu công năng
✅ 2 phòng ngủ, 2 WC, phòng khách rộng, bếp riêng biệt
✅ 2 ban công thoáng rộng, đón gió và ánh sáng tự nhiên
✅ Nội thất đầy đủ, hiện đại, chủ nhà tặng lại toàn bộ
✅ Khóa cửa thông minh, chỉ việc xách vali về ở

🌳 Vị trí đắc địa:
📍 Mặt đường Nguyễn Trác, KĐT Dương Nội
📍 Đối diện Trường Đại học Phenikaa
📍 Gần Bệnh viện Nhi Hà Nội, bến xe Yên Nghĩa, trường học, chợ, siêu thị, công viên
📍 Kết nối nhanh Tố Hữu, Lê Văn Lương, trung tâm Hà Đông

🚗 Ô tô lưu thông thuận tiện, 4 thang máy rộng thoáng
🔒 An ninh 24/7, cư dân văn minh
📕 Sổ đỏ riêng, sang tên nhanh chóng

💰 Giá chỉ hơn 4 tỷ

📞 Liên hệ em Vĩ: 0855 604 *** để xem nhà và chốt căn hộ đẹp này ngay hôm nay!",60944444.44444445,4.388,sale,medium,3_5b
176545151,132786951,"Bán căn nhà Fuld nội thất ngay Thị trấn chúc sơn _ giá chỉ 3,55 tỷ",3550000000,35.0,Huyện Chương Mỹ,Thị trấn Chúc Sơn,Hà Nội,Nhà ở,3.0,5 giờ trước,"Bán căn nhà Fuld nội thất ngay Thị trấn chúc sơn _ giá chỉ 3,55 tỷ có thương lượng. 
📍 Ô tô lùi cửa, cách mặt phố chỉ 50m. Xung quanh dân cư đông đúc.
📐 Diện tích căn nhà 33m2 x 4 tầng. Mặt tiền rộng.
🌈 Mỗi tầng 1 phòng ngủ , 1 wc đầy đủ tiện nghi.
🍀 Nội thất hoàn thiện _ hình ảnh thực tế 100%.
💰 Giá đầu tư: 3,55 tỷ có TL
☎️ SĐT( zalo tư vấn xem và tìm nhà miễn phí 24/24 vui vẻ nhiệt tình)",101428571.42857143,3.55,sale,small,3_5b
176542745,132784903,"Sốc, 59,99tr/m2, 103m2, Chung cư The Pride Hà Đông",6180000000,103.0,Quận Hà Đông,Phường La Khê,Hà Nội,Căn hộ/Chung cư,3.0,6 giờ trước,"Căn 2228 Tòa CT1, chung cư The Pride.
Liên hệ: ***
* Giá bán: 6.x tỷ (thương lượng thiện chí).
* Thông tin căn hộ:
- Diện tích: 102,8 m².
- Thiết kế: 3 phòng ngủ, 3 vệ sinh.
- Pháp lý: Sổ đỏ chính chủ.
- Tầng: 22, view thoáng.
- Hướng: Cửa chính Tây Bắc; ban công Đông Bắc.
- Nội thất hiện trạng: Căn hộ đã hoàn thiện (tủ bếp, điều hòa, bình nóng lạnh, kệ kính cường lực, sàn gỗ, ốp tường gỗ).
- Căn hộ có 2 mặt thoáng, các phòng tiếp xúc ánh sáng và không khí tự nhiên. Phòng khách rộng, đón nắng sớm nhẹ nhàng; phòng ngủ thoáng mát, yên tĩnh, đón ánh trăng rằm. Hành lang rộng, có cửa sổ lấy sáng tự nhiên. Phong thủy tốt, số nhà đẹp (2228 - mãi mãi mãi phát), khí vượng.
* Tiện ích nội khu The Pride: Sân chung rất rộng để tổ chức các sự kiện, tập thể dục, chơi cầu lông, bóng đá, bóng chuyền hơi; nhà sinh hoạt cộng đồng, câu lạc bộ bóng bàn (tầng 2); bể bơi, phòng gym, yoga (tầng 5 tòa CT4); trung tâm thương mại (CT3); siêu thị Đức Thành (CT1);
* Hạ tầng xã hội ngoại khu The Pride: Công viên Thiên Văn Học, trung tâm thương mại AEON Hà Đông, khu phố ẩm thực sầm uất nhất Hà Đông - Khu ĐTM Dương Nội, trường tiểu học An Hưng, Trường trung học cơ sở Lê Qúy Đôn. Hàng xóm gần sát The Pride: Khu ĐTM Dương Nội, Parkcity, Terra, Anland, Unsilk, The Charm.
",60000000.0,6.18,sale,large,5_10b
175503825,131891978,TÔ HIỆU-HÀ ĐÔNG-Hơn 10 tỷ-Phân lô-Ô tô-Thang máy-Chủ cần bán nhanh.,10600000000,40.0,Quận Hà Đông,Phường Nguyễn Trãi,Hà Nội,Nhà ở,5.0,4 giờ trước,"Dự án: 
Thông tin chi tiết: -Căn nhà 5 tầng (đẹp như mới).diện tích 40m2-5 phòng ngủ đủ công năng cho một gia đinh nhiều thế hệ.
-Toạ lạc ngay gần mặt phố(cách chợ hà đông chỉ hơn 100m).là khu phân lô cán bộ.dân trí cao.an ninh tốt.tiện ich vô vàn.giao thông thuận tiện.
-Sổ hoa hậu cất két.pháp lý rõ ràng.giao dich nhanh chóng:
LH Zalo:***.Miễn trung gian.",265000000.0,10.6,sale,small,over_10b
176509399,132756248,Bán nhà phố đặng văn ngữ mặt ngõ oto chánh đỗ ngày đêm,38500000000,64.0,Quận Đống Đa,Phường Kim Liên,Hà Nội,Nhà ở,6.0,8 giờ trước,"BÁN NHÀ PHỐ ĐẶNG VĂN NGỮ NHÀ MẶT NGÕ OTO CHÁNH ĐỖ NGÀY ĐÊM 3 MẶT THOÁNG THANG MÁY PHÙ HỢP VỪA Ở VỪA LÀM VĂN PHÒNG 
nhà xây mới vừa hoàn thiện song thông sàn 
 Tầng 1 để xe hoặc tận dụng làm văn phòng 
tầng 2 3 4 gia chủ đã thiết kế chuẩn dạng văn phòng về sẵn hoạt động kinh doanh 
tầng5 2 ngủ 
tầng 6 khách bếp 
tầng 7 phòng thờ sân phơi kết hợp làm sân vườn 
pháp lý sạch k quy hoạch thiết kế hiện đại sổ đỏ hoa hậu giá thương lượng cực tốt 
liên hệ sđt trực tiếp để qua xem căn nhà thực tế nhất",601562500.0,38.5,sale,medium,over_10b
176542859,132784922,SỔ ĐỎ VĨNH VIỄN ! CHUNG CƯ H1 ĐỘI CẤN_NGỌC HÀ_BA ĐÌNH_FULL ĐỒ,1800000000,52.0,Quận Ba Đình,Phường Đội Cấn,Hà Nội,Căn hộ/Chung cư,2.0,6 giờ trước,"Dự án: 
Thông tin chi tiết: Chung cư H1 Đội Cấn - Ngọc Hà - Ba Đình

Hệ thống chữa cháy, báo cháy theo tiêu chuẩn mới hiện đại 2025.

Hệ thống thang thoát hiểm đầy đủ.

Thiết kế mới hiện đại - nhận nhà ở luôn.

Khách hàng không mất thêm bất kỳ chi phí nào khác.

Pháp lý đầy đủ và đảm bảo theo quy định của pháp luật. Sổ hồng sở hữu vĩnh viễn.

Liên hệ trực tiếp Trường chủ đầu tư xây dựng để mua nhà giá gốc ***.

Add Zalo để nhận video căn hộ (Lưu ý miễn môi giới trung gian).",34615384.615384616,1.8,sale,small,1_3b
176518849,132764446,"SIÊU PHẨM PHÂN LÔ Ô TÔ, NGÕ THÔNG TRUNG TÂM CẦU GIẤY 60M2 X 6T MỚI .",25000000000,60.0,Quận Cầu Giấy,Phường Nghĩa Đô,Hà Nội,Nhà ở,5.0,10 giờ trước,"- Nhà thuộc khu phân lô quân đội, xây mới, ô tô ngủ trong nhà.
- Nhà mặt ngõ ô tô qua nhà, vị trí đắc địa.
- Nhà gần khu đô thị Nam Cường Nghĩa Đô.
- Quanh khu vực toàn nhà có quyền lực.
- Chủ xây mới 6 tầng thang máy, nội thất nhập khẩu.
- Pháp lý chuẩn + sẵn giao dịch ngay.

- L.hệ ngay Mr Vinh *** #Bđs_Thổ cư khu vực.",416666666.6666667,25.0,sale,small,over_10b
176549989,132791101,"🌹🌹🌹BÁN SIÊU PHẨM THÁI HÀ, OTO ĐỔ CỬA, VỈA HÈ, VỪA Ở VỪA KINH DOANH",10500000000,30.0,Quận Đống Đa,Phường Ô Chợ Dừa,Hà Nội,Nhà ở,2.0,31 phút trước,"🌹🌹🌹BÁN SIÊU PHẨM THÁI HÀ, OTO ĐỔ CỬA, VỈA HÈ, VỪA Ở VỪA KINH DOANH🌹🌹🌹

- Nhà 30m2, 4 tầng, măt tiền 3.9m
 - Tầng 1: thông sàn ( bếp khách)
- Tầng 2.3: hai phòng ngủ lớn. ( có thể cải tạo thành các phòng ngủ nho)
 - Tầng 4: phòng thờ sân phơi
 - Nhà phân lô DÂN TRÍ CAO, cầu thang cuối. CÓ THỂ LÊN TẦNG. 

☎️ Gọi Ngay E Dinh . Để được tư vấn và xem nhà
 ❤️Uy Tín - Minh Bạch - Giá cả hợp lý ❤️",350000000.0,10.5,sale,very_small,over_10b
176239985,132524867,"BÁN NHÀ PHÂN LÔ A38 TƯ ĐÌNH LONG BIÊN 68m2 x7 TẦNG, GARA 2 XE 7 CHỖ",23500000000,68.0,Quận Long Biên,Phường Long Biên,Hà Nội,Nhà ở,4.0,7 giờ trước,"Dự án: 
Thông tin chi tiết: 🏡 Nhà mới Tư Đình – Đường phân lô ô tô tránh nhau
📐 Diện tích 68m² xây 7 tầng thang máy
✨ Full nội thất xịn sò, thiết kế hiện đại sang trọng
🚗 Gara để cùng lúc 2 xe 7 chỗ ra vào thoải mái
📏 Mặt tiền rộng 5m cực đẹp
🛣️ Đường trước nhà ô tô tránh nhau, khu vực dân trí cao, thuận tiện di chuyển
💰 Giá 23.x tỷ

📞 Liên hệ: ***",345588235.2941176,23.5,sale,medium,over_10b
176538036,132780868,Phòng 60m2 mặt đường 301 Mê Linh,7500000,60.0,Huyện Mê Linh,Xã Mê Linh,Hà Nội,"Văn phòng, Mặt bằng kinh doanh",3.0,9 giờ trước,"📢 CHO THUÊ CỬA HÀNG / MẶT BẰNG KINH DOANH – MÊ LINH

Em cần cho thuê cửa hàng khép kín diện tích 60m², rộng rãi, sạch sẽ, có thể sử dụng ngay.

📍 Địa chỉ: Số 19, đường 301, thôn Do Hạ, Mê Linh, Hà Nội.

✨ Thông tin mặt bằng:
 • Diện tích: 60m²
 • Không gian khép kín, riêng biệt
 • Dễ bố trí, phù hợp nhiều mô hình kinh doanh

✔️ Phù hợp làm:
 • Cửa hàng tạp hóa
 • Quầy thuốc tây
 • Tiệm tóc
 • Bán hàng online / kho hàng
 • Văn phòng nhỏ
📞 Liên hệ:
***
***

👉 Ai cần mặt bằng kinh doanh liên hệ trực tiếp để xem cửa hàng nhé!!!! /-heart /-heart /-heart",125000.0,0.0075,sale,small,under_1b
176313317,132588357,NHÀ ĐẸP LB MT 7M - Ô TÔ TRÁNH - GẦN HỒ - YÊN TĨNH - VÀO NỘI ĐÔ 20 PHÚT,19900000000,91.0,Quận Long Biên,Phường Long Biên,Hà Nội,Nhà ở,4.0,11 giờ trước,"+ Ngôi nhà nằm bên trong đê Xuân Quan - Long Biên, view trục đại lộ cảnh quan sông Hồng.
+ Mặt tiền 7 M hiếm, diện tích 91m, đường rộng 9 m, phân lô ô tô tránh nhau, ga ra ô tô, cạnh hồ nội khu.
+ Nhà xây 4 tầng, có thể nâng tầng để phù hợp ở nhiều thế hệ, hoặc làm tòa nhà văn phòng, spa, kinh doanh - cafe.
+ Đất đấu giá quận Long Biên, sổ đỏ cất két.
+ Kết nối: Khoảng 20 phút vào nội đô, thuận tiện qua cầu Vĩnh Tuy, Thanh Trì, Trần Hưng Đạo (2027).
+ Gần Aeon Mall, trường học, chợ dân sinh và nhiều tiện ích lớn của Long Biên.
+ Giá 19,x tỷ, có thương lượng. 
+ Địa chỉ: Nhà 48, ngõ Vườn Hồ 1, phường Long Biên, HN. 
 Liên hệ chính chủ: ***- A.Mạnh.

",218681318.68131867,19.9,sale,medium,over_10b
176545282,132787029,Sát Mặt Phố Trường Chinh Ngõ To Dt 41m,12000000000,41.0,Quận Đống Đa,Phường Khương Thượng,Hà Nội,Nhà ở,5.0,5 giờ trước,"Dự án: 
Thông tin chi tiết: Chính chủ bán nhà 4 tầng cách mặt phố Trường Chinh 15m, ngay đầu Ngã Tư Sở - Tây Sơn, ngõ thông ba gác tránh xe máy.

- Vị trí trung tâm đắc địa mấy bước chân tới Royall city, Mipec, Đại học Công Đoàn, Thuỷ Lợi, Ngân Hàng.

- Ngõ phân lô đường bàn cờ thông với phố Chùa Bộc - Tam Khương.

- Ngõ sáng thoáng văn minh xe ba gác tránh xe máy cách đường oto 5m, quy hoạch ổn định.

- Dt sổ đỏ 41m mặt tiền 4,8m khổ đất rất đẹp, mặt tiền to tiện kinh doanh.

+ Lợi thế mặt tiền to từ tầng 2 dtxd 45m.

+ Nhà dân xây ở xây khung cột bê tông kiên cố cải tạo nâng tầng lắp được thang máy.

+ Thiết kế và kiến trúc hiện đại mỗi tầng 1pn 1wc khép kín dễ chuyền đổi công năng.

+ Nội thất còn tương đối tốt, gia chủ ở rất giữ gìn tặng lại nội thất.

- Khu dân trí cao, an ninh rất tốt, xung quang rất nhiều tiện ích.

Giá nhỉnh 11,9tỷ giá F0 rất hợp lý để đầu tư cho thuê giữ tiền. SĐCC

LH: Mr Hiệp ***",292682926.8292683,12.0,sale,small,over_10b
176535683,132778838,"CHỈ 3,250 TỶ SỞ HỮU NGAY CĂN 2N1VS 60m2 TẠI VINHOEMS OCEAN PARK",3250000000,60.0,Huyện Gia Lâm,Thị trấn Trâu Quỳ,Hà Nội,Căn hộ/Chung cư,2.0,11 giờ trước,"Dự án: 
Thông tin chi tiết: Không có nhu cầu sử dụng chính chủ cần bán gấp căn 2N1VS tại vinhomes ocean park
Tổng diện tích: 60m2
Thông thuỷ: 55m2
Nội thất: full đồ
Giá bán: 3,250 Tỷ
Pháp lý: sổ hồng lâu dài
Căn hộ thiết kế 2PN/1VS, phòng khách rộng thoáng có ban công và logia phụ
Cư dân đông đúc, văn minh và thân thiện
Tiện ích nội khu chuẩn quốc tế
Không gian sống nhiều cây xanh, phù hợp với cả người già và trẻ nhỏ.
Anh/chị quan tâm liên hệ em tư vấn, chọn căn xem nhà trực tiếp.
Cảm ơn Anh/chị đã xem tin!",54166666.666666664,3.25,sale,small,3_5b
176547641,132789081,chủ nhà gửi bán căn 2PN đẹp Giá 4 tỷ có thương lượng,4000000000,55.0,Quận Nam Từ Liêm,Phường Tây Mỗ,Hà Nội,Căn hộ/Chung cư,2.0,3 giờ trước,"Dự án: 
Thông tin chi tiết: Chủ nhà cần bán sớm căn hộ 2PN1wc hướng mát 
Tầng đẹp để full đồ 
Giá 4 tỷ có thương lượng",72727272.72727273,4.0,sale,small,3_5b
174333564,130894682,"Văn Phòng 35m2 Chỉ 5 Triệu - Mặt Phố Nguyễn Ngọc Vũ, View Thoáng Đẹp",5000000,35.0,Quận Cầu Giấy,Phường Trung Hoà,Hà Nội,"Văn phòng, Mặt bằng kinh doanh",3.0,6 giờ trước,"Văn Phòng 35m2 Full Nội Thất Chỉ 5 Triệu - Mặt Phố Nguyễn Ngọc Vũ, View Thoáng Đẹp
📍 Địa chỉ: 225A Nguyễn Ngọc Vũ, Yên Hòa, Hà Nội
📐 Diện tích: 35m² – phù hợp làm văn phòng, startup, kinh doanh online,...
💸 Giá thuê chỉ: 5 triệu/tháng – cực hiếm khu vực trung tâm
✨ Tòa nhà đầy đủ tiện ích:
✔️ Thang máy hiện đại
✔️ Hệ thống PCCC đạt chuẩn
✔️ Bảo vệ trực tầng 1 an ninh 24/7
✔️ Mặt phố lớn, dễ tìm, giao thông thuận tiện
🛋 Nội thất sẵn có:
✔️ Sàn gỗ sạch đẹp
✔️ Điều hòa đầy đủ
✔️ Hệ thống đèn panel hiện đại, sáng thoáng
🚻 Vệ sinh khép kín riêng biệt, tiện sử dụng
🌤 View thoáng rộng, không bị che chắn, làm việc cực kỳ dễ chịu
🚗 Khu vực đông dân cư, nhiều văn phòng, thuận tiện kết nối Cầu Giấy – Trung Hòa – Láng
📞 Liên hệ ngay: *** để xem văn phòng trực tiếp",142857.14285714287,0.005,sale,small,under_1b
174007349,130614114,"Bán 32m2 đất Đại Mỗ, giá 5,29 tỷ",5290000000,32.0,Quận Nam Từ Liêm,Phường Đại Mỗ,Hà Nội,Đất,3.0,8 giờ trước,"Bán 32m2 đất Đại Mỗ, giá 5,29 tỷ
Vị trí đắc địa, vài bước ra bãi gửi ô tô
Gần Louis City, Aeon; chỉ 5 phút đến Mỹ Đình 
Khu dân trí cao, văn minh, toàn bộ đội, giáo viên, công chức...
Gần trường Cấp 1,2,3. trẻ tự đi học 
Thửa đất vuông, mặt tiền 4m, xây gì cũng đẹp 
Sổ đỏ chính chủ, sẵn sàng giao dịch",165312500.0,5.29,sale,small,5_10b
176469098,132721508,Chính chủ cần bán căn nhà phố Hoàng Mai - ô tô đỗ - 70m2 - Nhỉnh 13 tỷ,13500000000,70.0,Quận Hoàng Mai,Phường Mai Động,Hà Nội,Nhà ở,6.0,6 giờ trước,"Chính chủ cần bán căn nhà phố Hoàng Mai - ô tô đỗ - 70m2 - thang máy - Nhỉnh 13 tỷ
-Khu vực đông dân cư, gần chợ, sát hồ Đền Lừ, hàng xóm của Felist Home đi lại rất thuận tiện
- Trường học các cấp 1,2,3  trung tâm văn hóa bán kính 1km, xung quanh buôn bán tấp nập an sinh tốt
- Nhà đẹp, thiết kế hiện đại
+ 5 tầng, 6 phòng ngủ, 5 vệ sinh, ban công thoáng sáng các phòng 
+ Có sân để xe riêng
+ Sổ đỏ chính chủ pháp lý rõ ràng
LH: Em Liên để xem nhà ( 24/7 ), làm việc chính chủ ( MTG )",192857142.85714287,13.5,sale,medium,over_10b
176497331,132748137,phòng 20 m thoáng mát,1900000,20.0,Quận Đống Đa,Phường Văn Miếu,Hà Nội,Phòng trọ,3.0,9 giờ trước,"phòng tầng 5 riêng biệt
cửa sổ thoáng mát
vệ sinh và tắm phía ngoài
đi về tự do
",95000.0,0.0019,sale,very_small,under_1b
175788344,132135786,CHÍNH CHỦ BÁN NHÀ | MẶT PHỐ PHÙ ĐỔNG THIÊN VƯƠNG | CỰC HIẾM,63000000000,64.0,Quận Hai Bà Trưng,Phường Bạch Mai,Hà Nội,Nhà ở,3.0,6 giờ trước,"CHÍNH CHỦ BÁN NHÀ | MẶT PHỐ PHÙ ĐỔNG THIÊN VƯƠNG | CỰC HIẾM | 64M2 | MT KHOẢNG 4M | GIÁ 63TỶ SĐCC
ĐỊA CHỈ: Phố Phù Đổng Thiên Vương, Phường Bạch Mai, Quận Hai Bà Trưng, Hà Nội
(Phường Bạch Mai, Hà Nội mới)
CHÍNH CHỦ BÁN NHÀ | MẶT PHỐ PHÙ ĐỔNG THIÊN VƯƠNG
CỰC HIẾM KHU PHỐ VIP diện tích 64M2
Mặt tiền gần 4M | GIÁ 63TỶ

PHÁP LÝ SỔ ĐỎ CHÍNH CHỦ - THIỆN CHÍ BÁN - GIAO DỊCH NGAY
HIỆN TRẠNG NHÀ 4 TẦNG ĐANG CHO THUÊ KINH DOANH DÒNG TIỀN ỔN ĐỊNH
SỔ ĐỎ SẴN SÀNG GIAO DỊCH
LIÊN HỆ SDT:  HOÀNG CHÍNH CHỦ",984375000.0,63.0,sale,medium,over_10b
176545315,132787053,Chung cư 89 Phùng Hưng,12222122323,59.0,Quận Hà Đông,Phường Phúc La,Hà Nội,Căn hộ/Chung cư,2.0,5 giờ trước,Chung cư 89 Phùng HưngChung cư 89 Phùng HưngChung cư 89 Phùng HưngChung cư 89 Phùng HưngChung cư 89 Phùng HưngChung cư 89 Phùng HưngChung cư 89 Phùng HưngChung cư 89 Phùng HưngChung cư 89 Phùng HưngChung cư 89 Phùng HưngChung cư 89 Phùng Hưng,207154615.6440678,12.222122323,sale,small,over_10b
176538156,132780912,"NHÀ DÂN XÂY 6 Tầng thang máy x 70m2 14pkk , khu phân lô ô tô tránh",16500000000,70.0,Quận Nam Từ Liêm,Phường Xuân Phương,Hà Nội,Nhà ở,11.0,9 giờ trước,"Dự án: 
Thông tin chi tiết: NHÀ GẦN GA METRO NHỔN , ĐH CÔNG NGHIỆP , ĐH thành đô , vành đai 3.5 , khu phân lô oto đỗ cửa 
Dt 70m2 x 6 tầng 14pkk 
Sổ đỏ vuông đẹp 2 thoáng trước sau 
Vị trí sầm uất , dân cư đông ra QL32 chỉ 100m 
Xung quanh tiện ích ngập tràn , sinh viên lao động ở đông 
Giá 16.5 tỷ 
Đi cầu giấy chỉ 15phút lái xe 
Lhe kiên xem nhà ngay",235714285.7142857,16.5,sale,medium,over_10b
176497686,132746103,TÒA NHÀ 8 TẦNG #NGUYỄN VĂN HUYÊN- LÔ GÓC - Ô TÔ TRÁNH - THANG MÁY,16500000000,50.0,Quận Cầu Giấy,Phường Nghĩa Đô,Hà Nội,Nhà ở,4.0,10 giờ trước,"Dự án: 
Thông tin chi tiết: BÁN TÒA NHÀ 8 TẦNG #NGUYỄN VĂN HUYÊN- LÔ GÓC - Ô TÔ TRÁNH - THANG MÁY XỊN – NGÕ THÔNG – KINH DOANH ĐỈNH. 
Giá chỉ hơn 16 tỷ

* Vị trí lô góc cực đẹp, ngõ thông thoáng, ô tô tránh nhau thoải mái. 
* Nhà xây 8 tầng thang máy, thiết kế thông sàn tối ưu công năng.
* Có gara ô tô riêng, thuận tiện vừa ở vừa kinh doanh.
* Khu vực sầm uất, phù hợp mở văn phòng, spa, căn hộ dịch vụ, showroom…

- 📕 Sổ đỏ đẹp, cất két sẵn sàng giao dịch.",330000000.0,16.5,sale,small,over_10b
176535759,132778872,"Bán đất: mặt đường Lê Trọng Tấn, Hà Đông, 4xx triệu/m2, nở hậu",29700000000,66.0,Quận Hà Đông,Phường La Khê,Hà Nội,Đất,3.0,11 giờ trước,"Cần bán gấp tại 72 Lê Trọng Tấn, Hà Đông, nở hậu
Pháp lý: Sổ đỏ lâu dài
Mặt đường Lê Trọng Tấn
Mặt tiền 5,51 m2
Gần Winmart
Gần tòa FLC
Đặc điểm bất độn",450000000.0,29.7,sale,medium,over_10b
176517875,132785024,"40m2 NHÀ 4 TẦNG, KIM HOÀNG, VÂN CANH, SƠN ĐỒNG, HOÀI ĐỨC, 6.x tỷ",6700000000,40.0,Huyện Hoài Đức,Xã Vân Canh,Hà Nội,Nhà ở,4.0,6 giờ trước,"+ Đầu đường Kim Hoàng, cuối đường trịnh văn bô, Bao quanh bởi các tuyến đường lớn như: Vành Đai 3.5 đường Văn Tiến Dũng, đường 70, đường Trịnh Văn Bô... Với những lợi thế vượt trội về vị trí, quy hoạch, hạ tầng và tăng giá trong tương lai.
 + Hàng xóm nhiều Khu đô thị của giới quý tộc: an lạc, HUD, hinode, vườn cam... Chỉ cách Mỹ Đình 3km giao thông thuận tiện.
 + Hãy nhanh chóng nắm bắt cơ hội này để sở hữu một căn nhà ở sướng, kiến tạo cuộc sống mơ ước hoặc đạt lợi nhuận đầu tư vượt trội
📒Sổ  chính chủ.
☎️ 032835312
Tăng giá mạnh khi thông đường vành đai 3.5
",167500000.0,6.7,sale,small,5_10b
176452104,132707211,"Hot! CĂN 2n1K GẦN 2 con rồng lạc long quân, full đồ ban công, ô tô đỗ",12000000,90.0,Quận Tây Hồ,Phường Xuân La,Hà Nội,Căn hộ/Chung cư,2.0,11 giờ trước,"🛋 Dạng phòng: Studio/1PN - Cửa sổ

✅ NỘI THẤT CĂN HỘ:
🔸 Trang bị đầy đủ nội thất hiện đại: Máy lạnh, máy giặt sấy riêng, tivi, tủ lạnh, nước nóng lạnh, máy hút mùi, giường nệm, tủ quần áo, bàn ghế...
🔸 Có thang máy, dọn phòng, ra vào bằng vân tay.
🔸 Hệ thống camera an ninh 24/7.
🔸 Đảm bảo chất lượng PCCC đầy đủ.
🔸 Có kỹ thuật viên bảo trì nội thất.
🔸 Giờ giấc tự do, không chung chủ.
🔸 Khách tòa nhà văn minh, lịch sự.



* Studio/1PN: 10tr5 - 13tr
CAM KẾT HÌNH THẬT - GIÁ THẬT 100%
—————————
☎️ 𝐂𝐨𝐧𝐭𝐚𝐜𝐭: MTUAN (𝑍𝑎𝑙𝑜/𝐶𝑎𝑙𝑙) để được tư vấn và hỗ trợ tìm phòng miễn phí.
***
✨𝗖𝗛𝗨𝗬𝗘̂𝗡 𝗖𝗛𝗗𝗩 - 𝗖𝗛𝗨𝗡𝗚 𝗖𝗨̛ 𝗠𝗜𝗡𝗜 𝗧𝗨̛̀ 𝗣𝗛𝗔̂𝗡 𝗞𝗛𝗨́𝗖 𝗦𝗜𝗡𝗛 𝗩𝗜𝗘̂𝗡 Đ𝗘̂́𝗡 𝗖𝗔𝗢 𝗖𝗔̂́𝗣 ✨

𝗩𝗼̛́𝗶 𝗵𝗼̛𝗻 +𝟭𝟬𝟬𝟬 𝗽𝗵𝗼̀𝗻𝗴 đ𝗮 𝗱𝗮̣𝗻𝗴 𝘃𝗲̂̀ 𝗴𝗶𝗮́, 𝗱𝗶𝗲̣̂𝗻 𝘁𝗶́𝗰𝗵:
- Studio Cửa sổ 6tr - 12tr.
- Studio Bancol 6tr5 - 13tr.
- 1 Phòng Ngủ 7tr - 15tr.
- 2 Phòng Ngủ Giá Từ 10tr.",133333.33333333334,0.012,sale,medium,under_1b
176547708,132789139,Chủ cần bán nhanh căn 2N2 dt 62m2 rộng full đồ tầng đẹp,4600000000,62.0,Quận Nam Từ Liêm,Phường Tây Mỗ,Hà Nội,Căn hộ/Chung cư,2.0,3 giờ trước,"Dự án: 
Thông tin chi tiết: Chủ nhà chuyển lên căn 3PN đã đặt cọc cần bán nhanh căn 2N tâm huyết
Full nội thất Giá 4.6 tỷ rẻ ngang căn 2N1wc 
Xem nhà Lh e ạ",74193548.38709678,4.6,sale,medium,3_5b
176488156,132737942,"Bán nhà trung tâm Bát Khối, đường oto tránh, 30m, nhỉnh 7 tỷ",7200000000,30.0,Quận Long Biên,Phường Long Biên,Hà Nội,Nhà ở,3.0,10 giờ trước,"- Nhà nằm trung tâm khu vực Bát Khối Long Biên, 3 phút ra cầu Vĩnh Tuy, 3 bước ra cầu Thanh Trì... đường oto tránh.
- Điện đường trường trạm đầy đủ.
- Khu vực Bát Khối đang là top of mind khi chọn nhà ở Long Biên.
- Nhà vuông vắn, sổ đỏ cất két SS giao dịch.

Alo ngay cho em Quân Land: *** tư vấn miễn phí 24/7.",240000000.0,7.2,sale,very_small,5_10b
176492936,132742050,CCMN mới siêu thoáng có thang máy - bếp tách phòng,3500000,25.0,Quận Cầu Giấy,Phường Yên Hoà,Hà Nội,Phòng trọ,3.0,8 giờ trước,"Đang tìm chỗ ở chất lượng mà giá cả lại phải chăng? đường Yên Hòa, phường Yên Hòa, Hà Nội (địa chỉ cũ: quận Cầu Giấy, Hà Nội) có CC mini siêu xịn với 1PN, 1WC, diện tích 25m2. Nội thất cơ bản đầy đủ, sẵn sàng cho cuộc sống thoải mái. Giá chỉ 4 triệu VND một tháng. Thời gian thuê linh hoạt, tối thiểu 1 năm, rất tiện cho những ai muốn an cư lâu dài.

+ CC có thiết kế tối ưu, không gian thoáng đãng, phù hợp cho người trẻ năng động.
+ Địa điểm nằm trong khu vực yên tĩnh, dễ chịu.

Gần đó có nhiều tiện ích như bệnh viện thận Hà Nội, bệnh viện mắt quốc tế Việt - Nga, và các công viên như Yên Hòa, Cầu Giấy để thư giãn sau những ngày dài. 

Đừng chần chừ, liên hệ ngay để được tư vấn chi tiết! Gọi *** hoặc liên hệ với Hằng.",140000.0,0.0035,sale,very_small,under_1b
176519025,132764590,🚨 HÀNG HIẾM XUÂN MAI – MẶT TIỀN 6M – SỔ ĐỎ FULL THỔ CƯ 🚨,1480000000,82.0,Huyện Chương Mỹ,Thị trấn Xuân Mai,Hà Nội,Đất,3.0,11 giờ trước,"🚨 HÀNG HIẾM XUÂN MAI – MẶT TIỀN 6M – SỔ ĐỎ FULL THỔ CƯ 🚨

Chỉ với hơn 82m² sở hữu ngay lô đất đẹp tại trung tâm Xuân Mai – khu vực được hưởng lợi trực tiếp từ định hướng phát triển đô thị phía Tây Hà Nội.

📐 Diện tích: 82m²
📏 Mặt tiền: 6m vuông đẹp
📜 Sổ đỏ chính chủ – 100% thổ cư
🏡 Đường thông thoáng, dân cư đông đúc

✅ Đất vuông vắn, dễ xây dựng.
✅ Phù hợp đầu tư giữ tiền hoặc xây ở.
✅ Thanh khoản tốt, nhu cầu mua ở thực cao.
✅ Tiềm năng tăng giá theo hạ tầng và sự phát triển của Xuân Mai.

⚡ Những lô đất mặt tiền đẹp, pháp lý chuẩn tại Xuân Mai ngày càng khan hiếm.

Giá: 1,48 tỷ (Có hỗ trợ vay bank)

📞 Liên hệ ngay để nhận vị trí chính xác và báo giá ***.

""Tiền nằm trong ngân hàng là chi phí cơ hội – Tiền nằm trong bất động sản là tài sản.""
",18048780.48780488,1.48,sale,medium,1_3b
172046983,128918453,STUDIO FULL ĐỒ BAN CÔNG THOÁNG ÂU CƠ  TÂY HỒ - THUNG LŨNG HOA,4750000,25.0,Quận Tây Hồ,Phường Quảng An,Hà Nội,Căn hộ/Chung cư,1.0,10 giờ trước,"PHÒNG ĐƠN FULL ĐỒ – ÂU CƠ, NHẬT TÂN – TÂY HỒ (TINGTONG 133)  CHỈ TỪ 
📍 Địa chỉ:  ngõ 359 Âu Cơ, Tây Hồ
📌 Gần khu vực: Nhật Tân – Ciputra – Võ Chí Công – Lạc Long Quân – Cầu Nhật Tân
🎓 Gần trường: ĐH Nội Vụ Hà Nội – Học viện Tài Chính – ĐH Điện Lực – ĐH Thương Mại – Học viện Ngân Hàng (di chuyển thuận)
tháng)

⏰ Phòng trống – nhận theo tình trạng setup thực tế
🏠 Loại phòng: Phòng đơn
🛋 Nội thất: giường, tủ, sofa, điều hòa, nóng lạnh, tủ bếp trên/dưới, hút mùi, bếp từ, tivi, tủ lạnh, tranh

💡 Dịch vụ:
⚡ Điện 4.2k/số | 💧 Nước 35k/khối | 🌐 Wifi 100k/phòng | 🧹 DV chung 230k/người (vệ sinh 50k, thang máy 50k, máy giặt sấy 130k) | 🔌 Sạc xe điện 90k/xe

📌 Điểm hẹn xem phòng: Trường Mầm Non Nhật Tân (nhà đối diện)",190000.0,0.00475,sale,very_small,under_1b
176392398,132656057,Bán Nhà dân xây 5T 33m Phan Đình Giót Quang Trung Hà Đông giá hơn 7Ty,7960000000,33.0,Quận Hà Đông,Phường La Khê,Hà Nội,Nhà ở,3.0,9 giờ trước,"Em được chủ nhà gửi bán 1 căn ở Phan Đình Giót, La Khê, Hà Đông.
Nhà đẹp dân xây còn siêu mới , vài bước ra phố, hút gió siêu thoáng mát.
* Vị trí cực tiện lợi , vô vàn tiện ích : ngay Gần bể bơi La Khê, Đi vài bước ra Phố Lê Trọng Tấn, Nguyễn Thanh Bình, Trường học các cấp, trục đường lớn,...
Thiết kế 5 Tầng 33m² đủ công năng :
- Tầng 1 : Phòng khách đẹp, bếp, wc.
- Tầng 2, 3, 4 : 1 Phòng ngủ & WC.
- Tầng 5 : Phòng thờ, sân phơi thoáng mát.
Chủ ở có lộc nhờ bán đổi lên liền kề ạ.

Các bác quan tâm xem nhà liên hệ em Vĩ BĐS Thổ Cư Hà Đông để em tư vấn căn này ạ! ",241212121.21212122,7.96,sale,small,5_10b
176545294,132787130,"Cần bán nhà Phượng nghĩa- Phụng Châu. 32m2x4,5T, nhà xấy mới, vị trí ",3600000000,32.0,Huyện Chương Mỹ,Xã Phụng Châu,Hà Nội,Nhà ở,3.0,5 giờ trước,"Cần bán nhà Phượng nghĩa- Phụng Châu. 32m2x4,5T, nhà xấy mới, vị trí thoáng đẹp, giá 3.98 tỷ. . ngay cạnh nhà có bãi gửi oto ngày đêm 
- Công năng nhà: Đã đầy đủ thiết bị điện, thiết bị vệ . điện , nội thất cơ bản .
+) Tầng 1: Phòng Khách + Phòng Bếp + WC
+) Tầng 2, 3: 2 Phòng Ngủ + WC
+) Tầng 4: phòng ngủ  + VS 
+  Tầng 5: phòng thờ sân phơi
-Pháp lý: Đàm bảo 100% đất thổ cư, không dính quy hoạch, không dính tranh chấp, sẵn sổ đỏ sang tên công chứng trong vòng 7 ngày.
-Ngân Hàng: Hỗ trợ anh/chị vay để mua một căn nhà ưng ý của các ngân hàng nhà nước như BIDV, AgriBank, MB,....
Giá thương lượng sâu.
",112500000.0,3.6,sale,small,3_5b
176550183,132791228,"10tr/tháng nhà Mặt Phố Cổ Linh 80mx4T Văn Phòng, ở, kinh doanh",10000000,80.0,Quận Long Biên,Phường Thạch Bàn,Hà Nội,Nhà ở,3.0,21 phút trước,"
Cho thuê nhà nguyên căn Cổ Linh, vỉa hè ô tô tránh- 80m2- 4 tầng- 10tr/thg
​📌 Vị trí: gần Aeon Mall Long Biên, sát cầu Vĩnh Tuy. Đường vỉa hè, ô tô tránh
​🏠 Thiết kế: diện tích 80m2 xây 4 tầng.
-Tầng 1: phòng khách, bếp
-Tầng 2,3: mỗi tầng 2 ngủ.
-Tầng 4: phòng thờ, sân phơi.
​✅ Phù hợp: gia đình, văn phòng,...
​🛋 Nội thất: điều hoà, nóng lạnh,...
​💰 Giá thuê: 10 tr/thg",125000.0,0.01,sale,medium,under_1b
176547720,132789184,"bán đất tặng nhà 4 tầng mặt phố Nguyễn cao 60 m² kinh doanh giá 22,5.0",22500000000,60.0,Quận Hai Bà Trưng,Phường Bạch Đằng,Hà Nội,Nhà ở,4.0,3 giờ trước,"Dự án: 
Thông tin chi tiết: Dự án: 
Thông tin chi tiết: Vị trí: Mặt phố Nguyễn Cao, quận Hai Bà Trưng, ba bước ra Hồ Hoàn Kiếm. Khu vực lõi trung tâm, kinh doanh tấp nập ngày đêm, lòng đường rộng rãi ô tô tránh nhau thoải mái.
 Thông số: Diện tích 60m². Khách mua tính tiền đất, chủ nhà tặng kèm căn nhà 4 tầng cũ đang sử dụng tốt.
 Công năng nhà cũ: Gồm 4 phòng ngủ, 3 nhà vệ sinh, đầy đủ không gian sinh hoạt.
 Ưu thế: Trực diện mặt phố sầm uất, cực kỳ lý tưởng để vừa ở vừa kinh doanh: mở văn phòng công ty, spa, thẩm mỹ viện, phòng khám hoặc cho thuê dòng tiền cao ổn định.
 Tiện ích: Khu dân cư đông đúc, dân trí cao, giao thông kết nối thuận tiện ra các tuyến phố lớn xung quanh.
Pháp lý & Giá bán:
 Giá chào: 22,5 tỷ (Có thương lượng sâu cho khách hàng thiện chí).
 Pháp lý: Sổ đỏ chính chủ, pháp lý sạch, sẵn sàng giao dịch ngay.
📞 Liên hệ Em Huyền để xem nhà và gặp chính chủ (Tư vấn và hỗ trợ xem nhà hoàn toàn miễn phí 24/7).",375000000.0,22.5,sale,small,over_10b
176545412,132787138,"Nhà 5T MP Nguyễn Văn Tuyết Dt 30m 1919,5ty",19500000000,30.0,Quận Đống Đa,Phường Trung Liệt,Hà Nội,Nhà ở,4.0,5 giờ trước,"Dự án: 
Thông tin chi tiết: Bán nhà 5,5 tầng mặt phố ẩm thực Nguyễn Văn Tuyết - Thái Hà 2 mặt tiền.

Tuyến phố được định danh chuyên phố đi bộ ẩm thực của Quận Đống Đa.

Phố đẹp thông 2 đầu với toàn phố lớn như Tây Sơn - Yên Lãng.

Vị trí đẹp nhất của phố Nguyễn Văn Tuyết quy hoạch ổn định.

Nhà 1 mặt phố vỉa hè rộng 4m và 1 mặt ngõ sau thông phố Thái Hà.

Dt sổ đỏ 27m dt thực tế 30m mặt tiền 3,5m đất vuông vắn.

Nhà xây mới khung cột bê tông kiên cố.

Thiết kế và kiến trúc hiện đại, trẻ trung mỗi tầng 1pn 1wc khép kín.

Hiện chủ đang cho thuê được giá rất cao.

Giá nhỉnh 19tỷ SĐCC cực hợp lý cho quý khách có nhu cầu mua để kinh doanh hoặc cho thuê dòng tiền.

LH: Mr Hiệp ***",650000000.0,19.5,sale,very_small,over_10b
176543075,132785101,"40m2 NHÀ DÂN XÂY Ở NGAY, KIM HOÀNG, VÂN CANH, SƠN ĐỒNG, HOÀI ĐỨC",5900000000,40.0,Huyện Hoài Đức,Xã Vân Canh,Hà Nội,Nhà ở,4.0,6 giờ trước,"+ Cuối đường trịnh văn bô, thông ra An Trai. Bao quanh bởi các tuyến đường lớn như: Vành Đai 3.5 đường Văn Tiến Dũng, đường 70, đường Trịnh Văn Bô... Với những lợi thế vượt trội về vị trí, quy hoạch, hạ tầng và tăng giá trong tương lai.
 + Hàng xóm nhiều Khu đô thị của giới quý tộc: an lạc, HUD, hinode, vườn cam... Chỉ cách Mỹ Đình 3km giao thông thuận tiện.
 + Hãy nhanh chóng nắm bắt cơ hội này để sở hữu một căn nhà ở sướng, kiến tạo cuộc sống mơ ước hoặc đạt lợi nhuận đầu tư vượt trội
📒Sổ  chính chủ.
☎️ 032835312
Tăng giá mạnh khi thông đường vành đai 3.5
",147500000.0,5.9,sale,small,5_10b
176228513,132514774,"CHỦ GIẢM SỐC - 2,4 TỶ - 56M2 - 2 NGỦ - FULL ĐỒ NỘI THẤT",2400000000,56.0,Quận Hoàng Mai,Phường Đại Kim,Hà Nội,Căn hộ/Chung cư,2.0,41 phút trước,"Dự án: 
Thông tin chi tiết: 🏠 CĂN HỘ SIÊU RẺ:
✅ Gần hồ điều hoà - công viên cây xanh
✅ Toà đẹp - tầng thấp đi lại thang máy thuận tiện
✅ Full nội thất đồng bộ - như hình
✅ Diện tích: 52m2 - 2 ngủ 

🛒TIỆN ÍCH XUNG QUANH (TRONG BÁN KÍNH 1KM)
✅ Hệ thống trường học liên cấp: Mầm non, tiểu học, THCS
✅ Gần Bệnh viện Đại học Y Dược Hà Nội – chi nhánh Linh Đàm
✅ Công viên cây xanh, hồ điều hòa rộng rãi
✅ Đầy đủ tiện ích giải trí: Rạp chiếu phim, sân bóng, bể bơi bốn mùa...
✅ Siêu thị, chợ dân sinh, cửa hàng tiện lợi ngay gần nhà
✅ Kết nối giao thông thuận tiện: Vành đai 3, cao tốc trên cao, QL1A, bến xe Nước Ngầm, Giáp Bát…

🎯 PHÙ HỢP VỚI
✅ Anh/chị làm việc tại khu vực Hoàng Mai, Hai Bà Trưng và lân cận
✅ Vợ chồng trẻ - tài chính vừa phải
✅Khách mua ở lâu dài hoặc đầu tư cho thuê sinh lời ổn định

#bancanho2ngu
#banchungcu
#canhofullnoithat
#chungcugiatot
#chungculinhdam",42857142.85714286,2.4,sale,small,1_3b
176497827,132746209,Phòng Đơn 2 tr - Phú Đô - Ở Ngay - Không Chung Chủ,2000000,12.0,Quận Nam Từ Liêm,Phường Phú Đô,Hà Nội,Phòng trọ,3.0,6 giờ trước,"Dự án: 
Thông tin chi tiết: - Mình còn 1 phòng đơn giá 2 triệu

- Đầy đủ đồ

- Ở ngay

- Lh chính chủ xem nhà miễn phí",166666.66666666666,0.002,sale,very_small,under_1b
174739297,131242978,Chính chủ bán nhanh CĂN GÓC 3PN tại THE SUN - MỄ TRÌ giá nhỉnh 9 tỷ,9000000000,97.0,Quận Nam Từ Liêm,Phường Mễ Trì,Hà Nội,Căn hộ/Chung cư,3.0,7 giờ trước,"Em chính chủ cần bán nhanh căn góc 3pn tại dự án THE SUN - Mễ Trì, Hà Nội , nhà đẹp
- Diện tích: 97m2, 3pn, 2wc - căn góc cực thoáng
- Nội thất đầy đủ đồ sẵn ở luôn
- Pháp lý sổ đỏ sẵn giao dịch
- Giá bán nhỉnh 9 tỷ
Anh chị quan tâm liên hệ em Đạo để xem 24/7",92783505.15463917,9.0,sale,medium,5_10b
175139265,131578857,Bán Nhà Cực Đẹp Phố Hoàng Ngân - Thanh Xuân 42m2 x 5 Tầng - Ngõ Ô Tô,7700000000,42.0,Quận Thanh Xuân,Phường Nhân Chính,Hà Nội,Nhà ở,5.0,11 giờ trước,"Bán Nhà Cực Đẹp Phố Hoàng Ngân - Thanh Xuân 42m2 x 5 Tầng - Ngõ Ô Tô

+ Diện tích 42m² x 5 tầng, nhà còn rất mới được xây dựng kiên cố chắc chắn, thiết kế 5 tầng hiện đại sạch đẹp sẵn ở ngay.

+ Toạ lạc tại vị trí đắc địa chỉ 50m ra mặt phố ô tô tránh, trung tâm quận Thanh Xuân gần Royal City, gần các trường Đại Học lớn : ĐH Thuỷ Lợi, ĐH Công Đoàn, HV Ngân Hàng, ĐH Quốc Gia Hà Nội…đầy đủ mọi tiện ích.

+ Chủ nhà xin tặng lại toàn bộ nội thất cao cấp cho khách.

+ Sổ đỏ chính chủ sẵn sàng giao dịch.

Liên hệ: Mr Tuấn Anh để được xem nhà miễn phí và gặp chính chủ làm việc
",183333333.33333334,7.7,sale,small,5_10b
176543854,132787183,Bán đất,2850000000,150.0,Huyện Ứng Hòa,Xã Hòa Xá,Hà Nội,Đất,3.0,5 giờ trước,"💥 CHÍNH CHỦ CẦN BÁN ĐẤT HOÀ XÁ - ỨNG HOÀ - 150M2 CHỈ 2 tỷ 8xx *** KHU VỰC 💥
Diện tích: 150m² (Mặt tiền siêu đẹp 5m, vuông vắn).
Vị trí: Xã Hòa Xá, huyện Ứng Hòa, Hà Nội.
Ưu điểm: Đường trước đất rộng, ô tô thông, dân cư đông đúc, tiện ích ngập tràn.
Pháp lý: Sổ đỏ chính chủ, sẵn sàng giao dịch.
Giá bán: 2 tỷ 8xx triệu (Có thương lượng sâu cho khách thiện chí).
Liên hệ: Ms Trang - *** để xem đất trực tiếp.",19000000.0,2.85,sale,large,1_3b
176547810,132789233,"Nhà 5 Tầng Bồ Đề–Gần Well Spring, Ô Tô Đỗ Gần–3PN Đủ Đồ Chỉ 12 Tr/Th",12000000,32.0,Quận Long Biên,Phường Bồ Đề,Hà Nội,Nhà ở,3.0,3 giờ trước,"🏡 CHO THUÊ NHÀ NGUYÊN CĂN BỒ ĐỀ – NGUYỄN VĂN CỪ
💰 Giá thuê: 12 triệu/tháng
📐 Diện tích: 32m² x 5 tầng
🚗 Ô tô 4 chỗ đỗ gần nhà
✅ 3 phòng ngủ, 3 WC
✅ Nội thất cơ bản: 3 nóng lạnh, 3 bộ giường tủ, bàn ăn, bếp từ, máy hút mùi
✅ Gần Trường Quốc tế Well Spring, Bệnh viện Bắc Hà, giao thông thuận tiện
✅ Phù hợp hộ gia đình, chuyên gia thuê ở lâu dài
📅 Nhận nhà ngay
📌 Thanh toán 6 tháng, cọc 1 tháng, HĐ dài hạn trên 1 năm

........ Liên hệ ngay để đ𝐢 𝐱𝐞𝐦 𝟐𝟒/𝟕, và tư vấn miễn phí, làm việc 𝐜𝐡𝐢́𝐧𝐡 𝐜𝐡𝐮̉! ----- #batdongsanlongbien #muabannhadatlongbienOk ạ, em viết lại cho gọn – mượt – dễ chốt nhé 👌 #nhadatlongbien #BánNhà🔥 #BánĐất #LongBiên #ĐầuTư #BấtĐộngSản #BấtĐộngSảnHàNội #xuhuong ——————— ☎️☎️☎️ 𝐋𝐢𝐞̂𝐧 𝐡𝐞̣̂: Nguyễn Hoa Chuyên Bất Động Sản Long Biên / Kho Lớn Nhất / Nhanh Nhất/ Chuyên Nghiệp Nhất.",375000.0,0.012,sale,small,under_1b
176545444,132787192,140M2 - 12M MẶT TIỀN - 5 TẦNG - PHỐ NGUYỄN VĂN NGỌC Ô TÔ TRÁNH - 72 TỶ,72000000000,140.0,Quận Ba Đình,Phường Liễu Giai,Hà Nội,Nhà ở,8.0,5 giờ trước,"CHÍNH CHỦ CẦN CHUYỂN ĐỔI CHUYỂN CÔNG TÁC VÀO ĐÀ NẴNG SINH SỐNG CẦN BÁN NHANH CĂN NHÀ PHÂN LÔ VỈA HÈ Ô TÔ TRÁNH PHỐ NGUYỄN VĂN NGỌC 
VỊ TRÍ ĐẮC ĐỊA - HIỆN ĐANG CHO BÊN THỨ 3 THUÊ VẬN HÀNH - DÒNG TIỀN ỔN ĐỊNH - KHU VỰC DÂN TRÍ - HIẾM NHÀ BÁN!!!

* Diện tích: 128/140M2 - 5 tầng - 12m mặt tiền - 2 mặt thoáng - ô tô tránh - kinh doanh
* Sổ đỏ phân lô vuông đẹp -  Chính chủ pháp lý chuẩn - Sẵn sàng giao dịch - Thiện chí Bán!!!
* Giá: 72 Tỷ ( Còn thương lượng)
* Liên hệ: Ms Ánh Dương - *** ( Call/zalo/viber)

KHU DÂN TRÍ CAO - AN NINH TỐT - KINH DOANH DÒNG TIỀN ỔN ĐỊNH - HƯỞNG TRỌN TIỆN ÍCH QUANH KHU VỰC: BA ĐÌNH - ĐỐNG ĐA- TÂY HỒ - CẦU GIẤY ...THUẬN TIỆN DI CHUYỂN: Nguyễn Văn Ngọc, Đào Tấn, Lotte, Daewoo Hotel, Linh Lang, Phan Kế Bính, Nguyễn Khánh Toàn, Kim Mã Thượng, Kim Mã, Vạn Phúc, Vạn Bảo, Đội Cấn, Văn Cao, Liễu Giai, Quần Ngựa, NGuyễn Đình Thi, Trích Sài, Hồ Tây...",514285714.28571427,72.0,sale,large,over_10b
176450220,132705274,BÁN NHÀ PHỐ HỒNG TIẾN THÔNG HOÀNG NHƯ TIẾP 54m2 x7 TẦNG GARA XE 7 CHỖ,26000000000,54.0,Quận Long Biên,Phường Bồ Đề,Hà Nội,Nhà ở,4.0,11 giờ trước,"Dự án: 
Thông tin chi tiết: 🏡 HIẾM – NHÀ ĐẸP CẠNH PHỐ HỒNG TIẾN, LONG BIÊN
✅ Vị trí cực đẹp: kết nối trực tiếp Hồng Tiến – Hoàng Như Tiếp, đường thông thoáng
✅ Diện tích 54m² – mặt tiền rộng 5,2m
✅ Xây dựng 7 tầng thang máy, thiết kế hiện đại, tối ưu công năng
✅ Gara ô tô 7 chỗ trong nhà
✅ Trước nhà thoáng vĩnh viễn – ở cực sướng, kinh doanh cũng rất hợp

💎 Khu vực dân trí cao, tiện ích đầy đủ, gần bệnh viện, trường học, trung tâm thương mại",481481481.4814815,26.0,sale,small,over_10b
176540597,132783102,ÁP LỰC NGÂN HÀNG VỢ CHỒNG EM CẦN NHƯỢNG LẠI MẢNH ĐẤT Ở TT XUÂN MAI,1686000000,80.4,Huyện Chương Mỹ,Thị trấn Xuân Mai,Hà Nội,Đất,3.0,8 giờ trước,"Dự án: 
Thông tin chi tiết: Miễn tiếp môi giới! Vợ chồng em cần ban gấp đất ở TT Xuân Mai đất đẹp tiềm năng, mua là thắng nhưng do 2 vợ chồng kh gánh lãi được ngân hàng được nên phải bán. Diện tích 80m2 gần chợ , trường học các cấp , giao thông thuận tiện QL6 và QL21 mặt đường dịch vụ phát triển ( long châu, siêu thị, …) Liên hệ em *** để xem đất luôn",20970149.25373134,1.686,sale,medium,1_3b
176533551,132776952,"ĐẤT NỀN XUÂN MAI , GẦN QUỐC LỘ 6 VÀ QUỐC LỘ 21",1900000000,90.0,Huyện Chương Mỹ,Thị trấn Xuân Mai,Hà Nội,Đất,3.0,12 giờ trước,"🔥CẦN BÁN GẤP LÔ ĐẤT: 
⚡️Diện tích : 90
⚡️Mặt tiền : 6
⚡️Vị trí : gần ngã tư xuân mai , gần quốc lộ 21 và quốc lộ 6 . 
✔️Tiềm năng : vị trí đắc địa gần mê trời 12 và quốc lộ 6 đang mở rộng . Dòng tiền đang chảy ra vùng ven vì giá  nhà nội đô đã nên cao . Cùng sự phát triển đa thành phố . Nên vùng ven đang là miếng bánh ngon cho ai biết nhanh tay nắm bắt . 
- giá của vùng ven còn rẻ 
👉Anh chị QT liên hệ e Linh thổ địa :
",21111111.111111112,1.9,sale,medium,1_3b
175191768,131623936,SIÊU PHẨM PHÂN LÔ ÔTÔ DỪNG ĐỖ PHỐ LƯƠNG KHÁNH THIỆN FULL ĐỒ Ở NGAY.,8900000000,40.0,Quận Hoàng Mai,Phường Tương Mai,Hà Nội,Nhà ở,3.0,11 giờ trước,"🌹🌹🌹BÁN NHÀ PHÂN LÔ - VỊ TRÍ VÀNG – TRUNG TÂM QUẬN HOÀNG MAI🌹🌹🌹
+ Nhà nằm khu phân lô bàn cờ ôtô VF3,  đỗ cửa – chạy vòng quanh, cách mặt phố Lương Khánh Thiện ôtô tránh dừng đỗ chỉ 20m.
+ Xung quanh sân chơi giải trí quảng trường – tượng đài rộng không gian thoáng đãng, dân trí cao, an ninh tốt.
🏠 THIẾT KẾ HIỆN ĐẠI 5tầng chắc chắn
 • Tầng 1: Phòng khách + bếp + WC 
 • Tầng 2,3,4: Mỗi tầng 1 phòng ngủ rộng + WC riêng, ánh sáng tự nhiên – thoáng
 • Tầng 5: Phòng thờ + sân phơi
📑 PHÁP LÝ CHUẨN – SỔ ĐỎ CHÍNH CHỦ
Sổ vuông đẹp – trước sau như 1 – sẵn sàng giao dịch ngay
🌿 TIỆN ÍCH XUNG QUANH ĐẦY ĐỦ
 • Gần trường học các cấp, chợ, siêu thị
 • Cách bệnh viện Bạch Mai – Tai Mũi Họng vài phút. Kết nối nhanh Giải Phóng – Kim Đồng – Trương Định - Đền Lừ.
 • Khu vực ở sướng – thanh khoản cao – giá trị tăng bền vững.
✨ PHÙ HỢP Ở GIA ĐÌNH TRẺ – ĐẦU TƯ GIỮ TIỀN – CHO THUÊ ỔN ĐỊNH !",222500000.0,8.9,sale,small,5_10b
176538335,132781067,"Phòng 25m Trần Bình, sát ĐH Thương Mại",3000000,25.0,Quận Cầu Giấy,Phường Mai Dịch,Hà Nội,Phòng trọ,3.0,9 giờ trước,"Cho thuê phòng tại ngõ 58 Trần Bình, thông tin như sau:
- Tầng 4, diện tích 25m2, có ban công, 2 mặt thoáng
- Nhà ngay sát mặt ngoc, thuận tiện giao thông, ngõ thông đến các đường Hồ Tùng Mậu, Trần Bình, Nguyễn Hoàng.
- Cách trường ĐH Thương Mại 5p đi bộ, gần các trường Sư Phạm, Quốc Gia...
- Nhà ít phòng an ninh đảm bảo.
- Điện 4k/số , nước 100k/tháng, có chỗ để xe tầng 1 miễn phí
- Ở tối đa 2 người.",120000.0,0.003,sale,very_small,under_1b
176380373,132645902,"TT147 Căn hộ 1pn siêu thoáng - PCCC đảm bảo ngay ĐH Quốc Gia, Cầu Giấy",5150000,35.0,Quận Cầu Giấy,Phường Mai Dịch,Hà Nội,Căn hộ/Chung cư,1.0,11 giờ trước,"Dự án: 
Thông tin chi tiết: 🏠 1 NGỦ 1 KHÁCH NGAY ĐH QUỐC GIA XUÂN THUỶ - PHẠM VĂN ĐỒNG CẠNH DOÃN KẾ THIỆN
📌 Gần khu vực: Mai Dịch – Phạm Văn Đồng – Công viên Cầu Giấy – Thành phố Giao Lưu

🎓 Gần trường: ĐH Ngoại Ngữ (VNU) – Học viện Kỹ thuật Quân sự – ĐH Điện Lực – ĐH Thương Mại – Học viện Báo chí & Tuyên truyền
💰 Giá thuê:
🏷️ P302: 5.150.000/tháng (giá gốc 5.850.000/tháng)
⏰ Phòng trống ở được luôn
🏠 Loại phòng: Phòng đơn
📐 Diện tích: 35m²
🏢 Tầng: L3
🛋 Nội thất: điều hoà, nóng lạnh, tủ bếp gỗ, giường, tủ quần áo, sofa, vách ngăn gỗ, tranh decor
💡 Chi phí:
⚡ Điện 4.2k/số | 💧 Nước 35k/khối | 🌐 Wifi 100k/phòng | 🧹 DV chung 160k/người (vệ sinh 50k, thang máy 50k, máy giặt 60k) | 💧 Nước sạch Coway 40k/người | 🔌 Sạc xe điện 90k/xe
📌 Điểm hẹn xem phòng: Ngõ 2 Phạm Thật Duật hoặc đầu ngõ 59 Phạm Văn Đồng – cửa hàng Thế Giới Di Động ngay chân cầu vượt Mai Dịch (đối diện ĐH Ngoại Ngữ)
📍ngõ 59 Phạm Văn Đồng, Cầu Giấy
📞 Liên hệ xem phòng Cănhộtửtế",147142.85714285713,0.00515,sale,small,under_1b
176074638,132381714,"SỔ HỒNG LÂU DÀI - 4,7 TỶ  -  58M - 2 NGỦ - 2 WC - TẠI KĐT TÂY NAM LĐ",4700000000,58.0,Quận Hoàng Mai,Phường Đại Kim,Hà Nội,Căn hộ/Chung cư,2.0,1 giờ trước,"Dự án: 
Thông tin chi tiết: 🏠 THÔNG TIN CĂN HỘ:
✅ Toà đẹp - tầng đẹp
✅ Sửa mới sạch đẹp - nội thất như hình 
✅ Diện tích: 58m2 - 2 ngủ - 2 vệ sinh

🛒TIỆN ÍCH XUNG QUANH (TRONG BÁN KÍNH 1KM)
✅ Hệ thống trường học liên cấp: Mầm non, tiểu học, THCS
✅ Gần Bệnh viện Đại học Y Dược Hà Nội – chi nhánh Linh Đàm
✅ Công viên cây xanh, hồ điều hòa rộng rãi
✅ Đầy đủ tiện ích giải trí: Rạp chiếu phim, sân bóng, bể bơi bốn mùa...
✅ Siêu thị, chợ dân sinh, cửa hàng tiện lợi ngay gần nhà
✅ Kết nối giao thông thuận tiện: Vành đai 3, cao tốc trên cao, QL1A, bến xe Nước Ngầm, Giáp Bát…

🎯 PHÙ HỢP VỚI
✅ Anh/chị làm việc tại khu vực Hoàng Mai, Hai Bà Trưng và lân cận
✅Khách mua ở lâu dài hoặc đầu tư cho thuê sinh lời ổn định
#bancanho2ngu
#canhosodo
#banchungcu
#canhofullnoithat
#chungcugiatot
#chungculinhdam",81034482.7586207,4.7,sale,small,3_5b
168233451,125613086,"CẦN BÁN NHÀ 50M2 1,65 TỶ Ô TÔ VÀO NHÀ SIÊU QUẦN - ĐẠI THANH - HN",1450000000,50.0,Huyện Thanh Trì,Xã Tả Thanh Oai,Hà Nội,Nhà ở,2.0,5 giờ trước,"CẦN BÁN NHÀ 50M2 1,45 TỶ Ô TÔ ĐỖ CỬA SIÊU QUẦN - ĐẠI THANH - HN
💥Phù hợp 💫 ở / cho thuê / đầu tư 
🏠 Nhà 50m² + gác xép – đầy đủ công năng: Phòng khách, bếp, phòng ngủ 
🚘 Ô tô vào tận nhà, hạ tầng hoàn thiện, khu dân cư đông đúc – an ninh tốt
🌳 Liên kết giao thông cực thuận: Gần vành đai 3.5, vành đai 4, metro số 6, đường 70 mở rộng 50m – 6 làn xe
💰 
📞 Liên hệ ngay: Minh để xem nhà thực tế",29000000.0,1.45,sale,small,1_3b
176469307,132721704,LẠC TRUNG - Ô TÔ VÀO NHÀ - LÔ GÓC - NGÕ THÔNG - KHÔNG QUY HOẠCH,11200000000,60.0,Quận Hai Bà Trưng,Phường Vĩnh Tuy,Hà Nội,Nhà ở,4.0,11 giờ trước,"LẠC TRUNG - Ô TÔ VÀO NHÀ - LÔ GÓC - NGÕ THÔNG - KHÔNG QUY HOẠCH
Gia đình chuyển đổi nhu cầu sử dụng nên cần nhượng lại căn nhà đang ở, diện tích 60m², xây 4 tầng, nhà tự xây rất tâm huyết, khung cột chắc chắn vẫn có thể lên tầng thoải mái

✨ Ưu điểm nổi bật:
• Nhà 2 mặt thoáng, lô góc nhiều ánh sáng tự nhiên
• Diện tích: 60m²
• Kết cấu: 4 tầng
• Ngõ rộng, ô tô vào được
• Nhà ở giữ gìn sạch sẽ, chắc chắn
• Đầy đủ nội thất: giường, tủ, điều hòa, nóng lạnh…
• Chỉ việc dọn vào ở ngay

📍 Vị trí thuận tiện:
• Khu dân cư ổn định, an ninh tốt
• Gần chợ, trường học, tiện ích đầy đủ
• Thuận tiện di chuyển vào trung tâm thành phố
• Khu vực đã ổn định quy hoạch, nhà không vướng quy hoạch
📄 Pháp lý rõ ràng, sang tên nhanh.

Phù hợp gia đình trẻ, người làm việc nội thành.

Liên hệ xem nhà em Ngọc Thổ Địa ***",186666666.66666666,11.2,sale,small,over_10b
176114929,132416559,Căn hộ khép kín 1 ngủ 20m2 có gác lửng đủ đồ Yên Hòa Cầu Giấy,3000000,20.0,Quận Cầu Giấy,Phường Yên Hoà,Hà Nội,Căn hộ/Chung cư,1.0,9 giờ trước,"Căn hộ nằm trên tầng 6 trong 1 tòa nhà 6 tầng hiện đại có thang máy trên đường Yên Hòa, Cầu Giấy.
Tòa nhà cách cầu Cót 300m, cách Keangnam 5 phút xe máy, 1km công viên Bách Thảo, Công viên Cầu Giấy.
Tòa nhà có hầm để xe, thang máy và 2 mặt thoáng tràn đầy ánh sáng tự nhiên.
Tầng 1 bán tạp hóa, tầng 2 là văn phòng, tầng 3 đến 6 là dung để ở nên mật độ đi lại cũng như nhà để xe không bị cao quá, mang đến không gian dễ chịu cho người sử dụng.
Căn hộ khép kín có gác lửng để ngủ có bếp, khách và nhà vệ sinh khép kín.
Đầy đủ nội thất: Nóng lạnh điều hòa, tủ bếp, bếp từ, tủ quần áo, bàn ghế.
Ngoài điện nước không phải chịu them bất cứ khoản phí nào nữa.
Điện: 3,5K/số. Nước: 25k/số. Internet 70K/Phòng.
Miễn phí 2 chỗ để xe dưới hầm.
Đến thẳng 73 Yên Hòa làm việc trực tiếp với ac bán tập hóa dưới tầng 1, giờ hoạt động của tạp Hóa: 8h30 sáng đến 8h30 tối.
MTG, Chính chủ nên cũng không mất phí xem phòng.",150000.0,0.003,sale,very_small,under_1b
175666392,132031538,🍀Em rất tiếc khi phải bán lô đất mà bao năm nay em đã tích cóp mua,1808000000,88.0,Huyện Chương Mỹ,Thị trấn Xuân Mai,Hà Nội,Đất,3.0,11 giờ trước,"Dự án: 
Thông tin chi tiết: 🍀Em chính chủ cần tiền để mở rộng hệ thống kinh doanh của gia đình nên cần bán gấp lô đất đẹp tại thị trấn Xuân Mai, gần QL21, QL6 đang mở rộng, gần trường sỹ quan Đặc Công, trường Cao đẳng cộng đồng, trong khu dân cư đông đúc. Đường thông rộng 2 ô tô tránh. Tiện ích đầy đủ.

💥 Dự án Khu đô thị giáo dục 600ha
💥Tuyến đường Hà Đông -Xuân Mai
💥Tuyến Metro 12

💥tuyến Metro 2A nên rất tiện đi làm hay sinh hoạt hằng ngày. đất thì gần trường cấp 1, cấp 2 và gần cả Ủy ban nhân dân, tiện đủ đường

🧩 Diện tích 81m2 - mặt tiền 6.8

📕Sổ đỏ full thổ cư.

💰Giá nhỉnh 1tỷ chút xíu

☎️Liên hệ *** - ***",20545454.545454547,1.808,sale,medium,1_3b
173680747,130327604,căn CCMN 50m2-Ngọc Hà- Đội Cấn- hồ Đầm Tròn-,2000000000,50.0,Quận Ba Đình,Phường Ngọc Hà,Hà Nội,Căn hộ/Chung cư,2.0,11 giờ trước,"Chủ ở có lộc chuyển căn to cần bán
Chung cư mini 50m2-2 ngủ- Đội Cấn- Ngọc Hà.
Cạnh Hồ Đầm Tròn trung tâm quận Ba Đình.
-Căn Góc thoáng sáng
- Tặng đầy đủ nội thất mới: 2 giường,2 tủ quần áo, tủ bếp hút mùi, nóng lạnh, tivi, tủ lạnh, máy giặt, bàn ghế sofa, 2 điều hoà,…
 
- Trung tâm quận Ba đình, nhà tầng trung thoáng sáng, có thang máy. 
- phòng cháy chữa cháy đầy đủ đã có sổ Hồng đồng sở hữu-  Mỗi nhà một sổ.
- Ngay phố Đội Cấn- Hoàng Hoa thám-  tiện ích đầy đủ.
Liên hệ xem nhà: ***",40000000.0,2.0,sale,small,1_3b
173575186,130235446,Ccmn-38m2 Có Sổ- Hồ Tùng Mậu- Cầu Diễn- Tặng đủ đồ,1530000000,38.0,Quận Nam Từ Liêm,Phường Cầu Diễn,Hà Nội,Căn hộ/Chung cư,1.0,11 giờ trước,"chính chủ k ở cần bán căn 38m²-1 ngủ-1 khách CCMN Cầu Diễn- Hồ Tùng Mậu-Gần Đại Học Ngoại Ngữ- Có Sổ.
-Căn hộ tầng 5 thoáng sáng- thiết kế vuông có cửa sổ thoáng vĩnh viễn.
-Đầy đủ đồ mới nguyên: giường, tủ quần ao, bếp từ, hút mùi, nóng lạnh, điều hòa, bếp từ, hút mùi, tủ lanh,kệ tivi,bàn ghế sofa, tivi,...Khách hàng chỉ viêc xách valy vào ở.
- Nhà cách đường oto 10m
-Nhà bảo vệ 24/24, thang máy tốc độ cao, phòng cháy chữa cháy đầy đủ, có thang thoát hiểm, đảm bảo đủ tiêu chuẩn an toàn Phòng cháy chữa cháy.
-Đã có sổ hồng đồng sở hữu, mỗi nhà một phôi sổ riêng, mua bán ký công chứng, nhận sổ
-Gân Ga tàu điện, gần trục đường quốc Lộ 32, Thuận tiện di chuyển ra Hồ Tùng Mâu, Cầu giấy, Mỹ Đình,....
Phụ hợp vơi vợ chồng trẻ, bố mẹ mua cho con đi học đi làm .
Liên hệ xem nhà miễn phí: *** (Zalo gửi ảnh video)",40263157.89473684,1.53,sale,small,1_3b
176321083,132594745,"BÁN TÒA CĂN HỘ 20 PHÒNG, DOANH THU 100 TRIỆU / 1 THÁNG TT BẮC TỪ LIÊM",19500000000,70.0,Quận Bắc Từ Liêm,Phường Cổ Nhuế 1,Hà Nội,Căn hộ/Chung cư,11.0,3 giờ trước,"Dự án: 
Thông tin chi tiết: Bạn đang tìm kiếm một kênh đầu tư an toàn hơn gửi tiết kiệm? 
Đừng bỏ qua tòa nhà 7 tầng thang máy nằm ngay sát đường Phạm Văn Đồng!

🌟 Vị trí ""Một bước ra phố""

Nằm tại khu vực tập trung lượng sinh viên và người đi làm đông nhất Thủ đô, tòa nhà sở hữu kết nối vùng hoàn hảo:

 Cụm đại học: Ngoại Ngữ, Sư Phạm, Thương Mại, Mỏ Địa Chất, Tài Chính, Công Nghiệp.
 Giải trí & Thư giãn: Sát vách Công viên Hòa Bình, Hồ điều hòa mang lại không gian sống xanh mát.

 Tiện ích: Siêu thị, chợ dân sinh vây quanh, không thiếu thứ gì.

🏠 Nội thất & Thiết kế

 Thiết kế 7 tầng tối ưu công năng với 20 phòng khép kín cao cấp.
 Trang bị đầy đủ nội thất hiện đại, hệ thống phòng cháy chữa cháy an toàn.

💰 Dòng tiền tự vận hành hơn 1 tỷ/năm. 
Đây là ""con gà đẻ trứng vàng"" thực thụ giữa lòng Hà Nội.

📞 LH Em Bình Đếp Ép Giá",278571428.5714286,19.5,sale,medium,over_10b
176543117,132785210,"Chính chủ cần bán căn hộ 106m,3PN tòa Golde Palm, 21 Lê Văn Lương",12000000000,105.0,Quận Thanh Xuân,Phường Nhân Chính,Hà Nội,Căn hộ/Chung cư,3.0,6 giờ trước," Tôi là chủ nhà !!!Bán gấp căn hộ chung cư cao cấp 105 m2 ,3 PN tòa Golden Palm 21 Lê Văn Lương.DT tim tường 106 m2, thiết kế 3 PN,2 phòng tắm,Pk,bếp, phòng khách.Căn góc Cửa Đông Nam,ban công nhìn ra Lê Văn Lương.Nhà thiết kế cực kì hợp lý,phòng nào cũng ánh sáng,đầy đủ nội thất  như sàn gỗ, thạch cao, tủ bếp, sofa tủ quần áo... . SĐCC.  LH: ***  (Call/zalo)
",114285714.28571428,12.0,sale,large,over_10b
176486017,132736059,CHÍNH CHỦ CẦN BÁN GẤP TÒA NHÀ 7 TẦNG TẠI MẶT NGÕ CHỢ KHÂM THIÊN,42200000000,108.0,Quận Đống Đa,Phường Khâm Thiên,Hà Nội,Nhà ở,11.0,11 giờ trước,"- Diện tích: 108m2. 
- Giá: 42,2 tỷ VND. 
- Nhà mặt Ngõ chợ Khâm thiên, Mặt tiền rộng 4.5m, ngõ vào 3m, thuận tiện cho việc đi lại, kinh doanh sầm uất (Đi từ đường Khâm thiên vào 120m, gần Chợ Khâm Thiên đang xây dựng) 
- Nhà hiện đang có 1 mặt tiền kinh doanh cho thuê và 10 phòng căn hộ khép kín dòng tiền hàng tháng vào khoảng hơn 80 triệu đồng. Sau có thể cải tạo thêm 5 phòng ở khu gia đình đang sinh sống dòng tiền lên tới hơn 100 triệu / tháng 
- Phong thủy tốt, hướng cửa chính Đông, ban công Đông, mang lại ánh sáng tự nhiên và không khí thoáng đãng. - Khu vực an ninh tốt, phù hợp cho gia đình và kinh doanh. 
- Gần bệnh viện da liễu Hà Nội, bệnh viện Y học cổ truyền Trung ương, Bệnh viên Bạch Mai, Bệnh viên Đại học Y Hà Nội 
- Gần các trường đại học như ĐH Bách Khoa, ĐH Kinh tế Quốc dân, ĐH Công Đoàn, ĐH Thủy lợi,... 
- Siêu thị tự chọn B11 Kim Liên, Fujimart Lê Duẩn. 
- Công viên Thống Nhất, tạo không gian vui chơi và thư giãn. 
Liên hệ chính chủ : (Tuấn Anh). SĐT Liên hệ: ***",390740740.7407407,42.2,sale,large,over_10b
176550309,132791357,Nhà mặt phố Hoàng Cầu - Voi Phục,29000000000,35.0,Quận Ba Đình,Phường Kim Mã,Hà Nội,Nhà ở,2.0,12 phút trước,"Dự án: 
Thông tin chi tiết: Bán nhà mặt đường Vành Đai 1. Mặt tiền 5,5m. Sổ đỏ 35m2 giá 29 tỷ

- Hiện trạng là nhà cấp 4. Thửa đất có vị trí cực đẹp, ngay gần nút giao Kim Mã - Huỳnh Thúc Kháng
- Phía sau vẫn còn 2 mảnh muốn b.án chung giá rẻ, anh chị có thể kết hợp

• Liên hệ trực tiếp e Sơn",828571428.5714285,29.0,sale,small,over_10b
176086645,132392010,Văn phòng sàn thương mại Đẹp 40m2 Full tiện ích tại Hoàng Quốc Việt,9900000,40.0,Quận Cầu Giấy,Phường Nghĩa Đô,Hà Nội,"Văn phòng, Mặt bằng kinh doanh",3.0,6 giờ trước,"Chính chủ cho thuê văn phòng, kho, diện tích 40m² tại sàn thương mại Chung cư Học Viện Quốc Phòng, Giá siêu rẻ.
- Diện tích: 40m2
- Giá thuê: 9.9 Tr / tháng ( có ĐKKD và xuất hóa đơn VAT )
- Thiết kế vuông vắn, sạch đẹp, đầy đủ tiện nghi;
- Có chỗ để xe máy, ô tô thoải mái;
- Có bảo vệ kiểm soát an ninh 24/7;
- Chủ động giờ giấc làm việc, được làm thứ 7 và Chủ nhật mà không mất thêm phụ phí
- Mặt bằng sẵn sàng có thể vào được sử dụng ngay.
Có kết hợp với môi giới, phí theo thị trường;
Liên hệ : Ms Minh Thùy *** (Có Zalo hỗ trợ miễn phí gửi hình ảnh + video thực tế)",247500.0,0.0099,sale,small,under_1b
176547908,132789324,"Bán Chung Cư Mini Thanh Xuân, Hoàng Đạo Thành. Thoáng Đẹp Giá Rẻ",1570000000,35.0,Quận Thanh Xuân,Phường Hạ Đình,Hà Nội,Căn hộ/Chung cư,1.0,3 giờ trước,"Dự án: 
Thông tin chi tiết: ❤️Chính chủ gửi Bán Căn CCMN Siêu Đẹp, Nội Thất Decor Xịn Xò Tặng Lại. Toà có cả hầm ô tô

✅Ngay Khương Đình, Hoàng Đạo Thành , thông ra Nguyễn Xiển. Gần Cấp 1 Cấp 2 Kim Giang 

✅ E Cần Bán Căn chung cư mini đẹp, thoáng đầy đủ công năng. Hệ thống Pccc đạt chuẩn. Toà 14 tầng sàn 12 căn hộ

✅ Toà to đẹp như chung cư thương mại, 2 tháng máy 2 hầm gửi xe ô tô và xe máy. Gần trường học các cấp , chợ dân sinh full tiện ích

✅ Dt 35m 1ngủ 1khách 1bếp 1ban công thoáng

✅ An Ninh tốt, bảo vệ 24/24 các căn hộ đều có riêng đầu rò cảnh báo cháy nổ

✅ Chủ nhà tặng rất nhiều đồ cho gia đình 

✅ Điện nước giá dân, gần phòng Gym, quán ăn, Spa  ...

✅ Pháp Lý : Có sổ gốc chung, mua bán lập vi bằng

✅ Giá Siêu Rẻ 1,5x tỷ có thương lượng thiện chí

☎️ Anh chi gọi *** để lấy video xem nhà, tư vấn miễn phí 24/24 #ccmnhanoi #chungcuminihanoi #chungcumini #banchungcuminihanoi #chungcugiare",44857142.85714286,1.57,sale,small,1_3b
176540846,132783178,Bán nhanh siêu phẩm 3pn căn góc 128m2 tại SKY PARK - Tôn Thất Thuyết,15000000000,128.0,Quận Cầu Giấy,Phường Dịch Vọng Hậu,Hà Nội,Căn hộ/Chung cư,3.0,8 giờ trước,"Chính chủ gửi em cần bán gấp căn hộ 3pn căn góc hoa hậu tại dự án SKY PARK - 03 Tôn Thất Thuyết, Cầu Giấy
- Thiết kế: 128m2, 3pn, 2wc - căn góc 2 ban công cực thoáng
- Ban công hướng Nam cực mát
- Giá bán chỉ 15 tỷ (còn thương lượng)
- Quý anh chị quan tâm liên hệ em Đạo để rinh ngay căn hộ đẹp mà giá mềm nhất dự án",117187500.0,15.0,sale,large,over_10b
176318167,132592715,Chính chủ cần bán căn chung cư 55m2,3950000000,55.0,Quận Hà Đông,Phường Vạn Phúc,Hà Nội,Căn hộ/Chung cư,2.0,8 giờ trước,"bàn giao đầy đủ nội thất, sổ hồng sẵn
CÓ THƯƠNG LƯỢNG
***",71818181.81818181,3.95,sale,small,3_5b
176545572,132787300,"Bán nhà Lê Đức Thọ, Mỹ Đình 50m, 5 tầng, nhà mới, nhỉnh 9 tỷ",9500000000,40.0,Quận Nam Từ Liêm,Phường Mỹ Đình 1,Hà Nội,Nhà ở,5.0,5 giờ trước,"Dự án: 
Thông tin chi tiết: Tôi chính chủ cần bán nhà 5 tầng, 4 phòng ngủ, 1 phòng thờ, nhờ mới tinh, nội thất hịn. Nhà cách đường Lê Đức Thọ 50m, cách 10m ra ô tô, tiện ích xung quanh đầy đủ không thiếu thứ gì. 
Liên hệ chi tiết gọi tôi: Mrs Huệ - ***",237500000.0,9.5,sale,small,5_10b
174360162,130917477,CCMN 19m2 và 24m2 Hoàng Quốc Việt đủ đồ vào ở luôn,4300000,24.0,Quận Cầu Giấy,Phường Nghĩa Đô,Hà Nội,Phòng trọ,3.0,7 giờ trước,"CHÍNH CHỦ CHO THUÊ
CCMN Nguyễn Đình Hoàn - Nghĩa Đô - Cầu Giấy
👉 Nhà mới xây
👉 Phòng khép kín 24m2 + gác xép 10m2, 19m2 + gác xép 7m2 giá từ 4.300k - 5.000k
👉 Cách ĐH Ngoại Thương, Ngoại Giao, Giao Thông, Báo Chí, Sư Phạm, Quốc Gia, Ngoại Ngữ, Điện Lực, Kỹ Thuật Quân Sự, Sư Phạm Mẫu Giáo, Khoa Học Công Nghệ, Bưu Chính Viễn Thông, Thương Mại, Thủ Đô... <3km
📱 *** Mr Tùng",179166.66666666666,0.0043,sale,very_small,under_1b
176476561,132727921,bán chung cư Cao cấp Feliz Home trung tâm quận Hoàng Mai,11200000000,114.0,Quận Hoàng Mai,Phường Hoàng Văn Thụ,Hà Nội,Căn hộ/Chung cư,3.0,4 giờ trước,"Dự án: 
Thông tin chi tiết: Chính chủ gửi bán căn hộ tâm huyết ✌️
Tầng đẹp, ban công hướng Đông Nam mát mẻ quanh năm, full nội thất sịn sò như hình.
Anh chị nào đang cần một nơi an cư lý tưởng, gần Time City, có thể vào ở ngay – thì căn này cực kỳ xứng đáng!
Dự án Feliz Home chung cư mới xây trung tâm quận Hoàng Mai-Hai Bà Trưng Hà Nội
sẵn sổ đỏ trao tay 
Có Slot đỗ xe ô tô dưới hầm 🫰
Diện tích 114m ban công 17M siêu chill 
LH:***",98245614.03508772,11.2,sale,large,over_10b
176540250,132783220,🔥 CHÍNH CHỦ CẦN BÁN LÔ ĐẤT ĐẸP XÃ CHƯƠNG DƯƠNG – THƯỜNG TÍN 🔥,5000000000,65.8,Huyện Thường Tín,Xã Chương Dương,Hà Nội,Đất,3.0,8 giờ trước,"🔥 CHÍNH CHỦ CẦN BÁN LÔ ĐẤT ĐẸP XÃ CHƯƠNG DƯƠNG – THƯỜNG TÍN 🔥

📍 Vị trí: Xã Chương Dương, Thường Tín, Hà Nội
📐 Diện tích: 65,8m²
📏 Mặt tiền đẹp, vuông vắn, dễ xây dựng
🚗 Đường trước đất thông thoáng, ô tô tải đỗ cửa

⭐ Điểm nổi bật:
✅ Cách khu đô thị Vin Olympic chỉ 200m
✅ Khu dân cư hiện hữu, an ninh tốt
✅ Gần trường học, chợ, trung tâm hành chính
✅ Tiềm năng tăng giá mạnh theo hạ tầng khu vực phía Nam Hà Nội
✅ Phù hợp xây nhà ở, đầu tư giữ tiền hoặc kinh doanh nhỏ

💰 Giá bán: Liên hệ trực tiếp để có giá ***.

☎️ Liên hệ: ***

Đất đẹp – pháp lý rõ ràng – vị trí tiềm năng.
Nhanh tay liên hệ để xem đất thực tế và làm việc trực tiếp với chủ.
",75987841.94528876,5.0,sale,medium,3_5b
175970212,132291703,Bán nhà Bồ Đề - Gần phố - Gần bãi gửi xe - khu dân trí cao - Yên tĩnh,13700000000,51.0,Quận Long Biên,Phường Bồ Đề,Hà Nội,Nhà ở,6.0,7 giờ trước,"Nhà đẹp Nguyễn Văn Cừ dành cho gia đình đông người (6pn)
Diện tích: 55m2
Giá: 13.7 tỷ
+ Nhà xây 5 tầng
+ Tầng 1: để xe, khách, bếp.
+ Tầng 2, 3,4; mỗi tầng 2 pn
+ Tầng 5: phòng thờ, 2 sân phơi.
+ Nhà rất nhiều phòng ngủ, phù hợp gia đình đông người hoặc mua đầu tư giữ tiền để cho thuê dòng tiền cũng hợp, nhà 2 mặt thoáng, phòng nào cũng có cửa sổ ở sướng.
+ Đường trước nhà gần 3m ô tô nhỏ vào, gần bãi gửi xe, gần trường học các cấp, bv Tâm Anh, gần phố Nguyễn Văn Cừ, Hồng Tiến, Hoàng Như Tiếp 
+ Sổ vuông đẹp.
Liên hệ xem nhà: Em Lan",268627450.98039216,13.7,sale,small,over_10b
174362524,130919547,Nhà Phố Kinh Doanh - Đường ô tô tránh - 7 tầng thang máy- sinh lời cao,17600000000,52.0,Quận Long Biên,Phường Long Biên,Hà Nội,Nhà ở,4.0,8 giờ trước,"❤️VƯAF Ở VỪA KINH DOANH THOẢI MÁI❤️

👉 Chỉ 17,x tỷ 1 căn trên 50m vỉa hè ô tô tránh, kinh doanh ngày đêm ở Long Biên
📕 Sổ đỏ chính chủ, sẵn giao dịch

🕌 THIẾT KẾ:  7 tầng - 4 ngủ

Mặt tiền siêu rộng
Vỉa hè trước nhà 5m - dừng đỗ xe ngày đêm
Khu vực dân cư phát triển mạnh. Điểm nút giao thông sầm uất.

🐎 ALO EM LAN XEM MIỄN PHÍ 24/7",338461538.46153843,17.6,sale,small,over_10b
176036612,132349055,GIÁ RẺ ! CÓ SỔ ĐỎ ! CHUNG CƯ C2 PHẠM HÙNG - BẾN XE MỸ ĐÌNH - TRẦN BÌNH,1800000000,52.0,Quận Nam Từ Liêm,Phường Mỹ Đình 1,Hà Nội,Căn hộ/Chung cư,2.0,6 giờ trước,"Chung cư giá rẻ C2 Phạm Hùng - gần bến xe Mỹ Đình -  Hồ Tùng Mậu - Nam Từ Liêm.

Hệ thống phòng cháy chữa cháy hiện đại như chung cư cao cấp.

Căn hộ gần nhiều trường học - siêu thị - chợ - đầy đủ tiện nghi - nội thất cơ bản đầy đủ.

Tòa nhà thiết kế tầng 1 để xe, có đầy đủ hệ thống phòng cháy chữa cháy tự động, an ninh tòa nhà bảo vệ chuyên nghiệp. Sổ hồng sở hữu vĩnh viễn.

Liên hệ trực tiếp Trường chủ đầu tư xây dựng để mua nhà giá gốc 

Add zalo để nhận video căn hộ. (Lưu ý miễn môi giới trung gian).",34615384.615384616,1.8,sale,small,1_3b
176488125,132738184,"BÁN ĐẤT TẶNG NHÀ – GIÁ CHỈ NHỈNH 3,5 TỶ TẠI THIÊN LỘC, HÀ NỘI",3550000000,45.4,Huyện Đông Anh,Xã Đại Mạch,Hà Nội,Nhà ở,1.0,11 giờ trước,"🔥🔥 BÁN ĐẤT TẶNG NHÀ – GIÁ CHỈ NHỈNH 3,5 TỶ – CƠ HỘI VÀNG TẠI MẠCH LŨNG, THIÊN LỘC, HÀ NỘI 🔥🔥

🏡 Bán đất tặng nhà cấp 4 diện tích 45.4m², vị trí đẹp, ngõ ô tô đỗ cửa, khu dân cư đông đúc, tiềm năng tăng giá cực lớn khi hạ tầng khu vực đang phát triển mạnh.

📍 Địa chỉ: Thôn Mạch Lũng, xã Thiên Lộc, TP Hà Nội.

📐 Thông số lô đất:
✅ Diện tích: 45,4m²
✅ Mặt tiền: 5,23m
✅ Chiều dài: 8,68m
✅ Hậu: 5,23m (vuông vắn đẹp)
✅ Hướng: Đông Nam mát mẻ quanh năm

🚗 Giao thông thuận tiện:
✔ Đường trước nhà rộng 3m, ô tô đỗ cửa
✔ Mặt ngõ xương cá thông trục chính
✔ Cách trục chính chỉ 100m

🌟 Tiện ích xung quanh:
✔ Cách đường dẫn chân cầu Thượng Cát khoảng 500m
✔ Cách Bệnh viện Nhiệt đới Trung ương khoảng 2km
✔ Cách sân bay Nội Bài khoảng 10km
✔ Chỉ 15 phút di chuyển vào nội thành Hà Nội

🏘 Khu vực dân cư hiện hữu đông đúc, sầm uất
🤝 Hàng xóm thân thiện, văn minh
🛡 An ninh đảm bảo

📜 Pháp lý chuẩn chỉnh:
✔ Đất ở (thổ cư) 100%
✔ Không tranh chấp
✔ Không dính quy hoạch
✔ Sổ đỏ cất két, sẵn sàng giao dịch ngay

💰 Giá bán: Nhỉnh 3,5 tỷ (có thương lượng thiện chí)

📞 Liên hệ chính chủ:
👉 Em Mạnh: ***

Nhanh tay sở hữu lô đất đẹp, pháp lý rõ ràng, vị trí tiềm năng tăng giá mạnh khi cầu Thượng Cát và hạ tầng khu vực hoàn thiện!",78193832.59911895,3.55,sale,small,3_5b
176347394,132617360,Sang nhượng nhà hàng full đồ 180tr Mai Hắc Đế,40000000,260.0,Quận Hai Bà Trưng,Phường Bùi Thị Xuân,Hà Nội,"Văn phòng, Mặt bằng kinh doanh",3.0,6 giờ trước,"Giá nhượng : 180tr full đồ. (bếp Á Âu, tời chở hàng, máy rửa bát công nghiệp, điều hòa tủ lạnh, ...)
Diện tích: 4 tầng, mỗi tầng 60m2.
Giá thuê : 40tr/ tháng
Quán đang kinh doanh buffet chay vẫn đang hoạt động bình thường, vào vận hành được luôn.
Chính chủ bàn giao công thức, mối hàng, training nếu vẫn chạy mô hình cũ.",153846.15384615384,0.04,sale,large,under_1b
176221686,132508818,Gia đình cần bán gấp căn hộ 36m2 chung cư đại thanh,1600000000,36.0,Huyện Thanh Trì,Xã Tả Thanh Oai,Hà Nội,Căn hộ/Chung cư,1.0,10 giờ trước,"Gia đình cần bán căn hộ chung cư CT10B, tầng 7 đại thanh, Nội thất cơ bản đầy đủ, Bác nào cần liên hệ mình: ***",44444444.44444445,1.6,sale,small,1_3b
175917842,132246702,"Căn hộ 1K1N FULL ĐỒ, nhà mặt phố Khâm Thiên, Đống Đa 6.5 triệu/th",6500000,38.0,Quận Đống Đa,Phường Khâm Thiên,Hà Nội,Căn hộ/Chung cư,1.0,3 giờ trước,"CHO THUÊ CĂN HỘ 1K1N FULL NỘI THẤT - BAN CÔNG VIEW THOÁNG - MẶT PHỐ KHÂM THIÊN - OTO ĐỖ CỬA

Vị trí trung tâm thuận tiện di chuyển. Dễ dàng kết nối các tuyến phố chính. Giá rẻ
Diện tích: 35m² thiết kế 1 ngủ + 1 khách và bếp riêng.
Trống căn hộ tầng 4 vào ở được luôn.
Giá thuê: 6.5 triệu/tháng (đóng 1 cọc 1).
Liên hệ xem phòng:  Nguyễn Giang 90.",171052.63157894736,0.0065,sale,small,under_1b
176238281,132523227,BÁN NHÀ TƯ ĐÌNH LONG BIÊN CẠNH CẦU TRẦN HƯNG ĐẠO 71m2 x7 TẦNG FULL ĐỒ,19500000000,71.0,Quận Long Biên,Phường Long Biên,Hà Nội,Nhà ở,4.0,7 giờ trước,"Dự án: 
Thông tin chi tiết: Nhà Mới Phố Tư Đình - Long Biên - Cạnh Cầu Trần Hưng Đạo
- Diện tích 71m2 nhà xây mới 7 tầng
- Gara 2 xe 7 chỗ chủ nhà đã vào full nội thất
- Đường trước nhà 4,8 mét xe ra vào thoải mái
- Giá 19.x tỷ ( CTL)
- Lh ***/ *** để xem nhà trực tiếp — đang ￼cảm thấy hào hứng tại Tư Đình, Long Biên, Hà Nội.",274647887.3239437,19.5,sale,medium,over_10b
176464842,132717794,BÁN TÒA CHDV KIM MÃ 10 PHÒNG - ĐỦ PCCC,15900000000,44.0,Quận Ba Đình,Phường Kim Mã,Hà Nội,Nhà ở,10.0,12 giờ trước,"BÁN TÒA CHDV KIM MÃ 10 PHÒNG - ĐỦ PCCC

Bán tòa nhà Căn hộ dịch vụ (CHDV) phố Kim Mã, trung tâm lõi quận Ba Đình, 10 phòng đều có cửa sổ thoáng, PCCC đạt chuẩn. Thuê khoán gần 500 triệu/năm
1.	PHÁP LÝ VÀNG - AN TÂM TUYỆT ĐỐI: Sổ đỏ chính chủ, vuông vắn 2 thoáng trước thoáng sau vĩnh viễn mở cửa sổ các phòng, sổ đang gửi ngân hàng, sẵn sàng mua bán 3 bên với ngân hàng cho yên tâm tuyệt đối, giấy phép xây dựng đầy đủ. 
2.	PCCC: Đã có xác nhận duyệt phương án PCCC do cơ quan Công An xác nhận, đảm bảo an toàn tuyệt đối và đủ điều kiện kinh doanh, đầu tư thêm hệ thống chữa cháy vào tận phòng, cửa chống cháy đạt chuẩn cho từng phòng riêng lẻ, an toàn tuyệt đối
3.	VỊ TRÍ ĐẮC ĐỊA: Trung tâm Ba Đình, ngay sát công an phường Kim Mã, yên tâm quy hoạch, cách mặt phố Kim Mã chỉ 100m. Khu vực tập trung người Nhật, Hàn, dân văn phòng... nhu cầu thuê luôn ở mức cao nhất. không có thơi gian Đang cho thuê khoán gần 500 triệu/năm, chủ mới có thể tự khai thác cao hơn
4.	NHÀ MỚI KENG - FULL TIỆN ÍCH: Xây mới 1 năm, thiết kế hiện đại, có THANG MÁY. 10 phòng khép kín, full nội thất cao cấp (điều hòa, bếp, tủ, giường...). 100% các phòng có cửa sổ thoáng sáng, đón nắng tự nhiên.
THÔNG SỐ CHI TIẾT:
•	Diện tích sổ: 44m²
•	Xây dựng: 6 tầng kiên cố, thang máy nhập khẩu, bảo hành đính kỳ hàng tháng.
•	Thiết kế: 10 phòng CHDV full đồ.
•	Tiện ích chung: Thang máy, máy giặt, sân phơi, khóa vân tay, camera an ninh...
•	Pháp lý: Sổ đỏ chính chủ, Giấy phép xây dựng, Giấy chứng nhận PCCC",361363636.3636364,15.9,sale,small,over_10b
176493370,132742389,PHƯƠNG LIỆT LÔ GÓC 8 TẦNG THANG MÁY XÂY MỚI ĐỦ NỘI THẤT NGÕ OTO ĐỖ CỬA,11000000000,36.0,Quận Hoàng Mai,Phường Hoàng Liệt,Hà Nội,Nhà ở,3.0,8 giờ trước,"NGUYỄN VĂN TRỖI- PHƯƠNG LIỆT LÔ GÓC 8 TẦNG THANG MÁY XÂY MỚI ĐỦ NỘI THẤT NGÕ OTO ĐỖ CỬA
Lô góc, 8 tầng, thang máy tới tầng 7, 1 lửng, tầng 6 bếp + phòng ăn
T2 Lửng
T 3,4,5 tổng 3 ngủ khép kín
T7 phòng thờ, sân phơi
T8 sân BBQ, vườn thượng uyển
SỐ ĐỎ CHÍNH CHỦ",305555555.5555556,11.0,sale,small,over_10b
176526627,132771061,Pass Trọ giá rẻ,2900000,20.0,Quận Bắc Từ Liêm,Phường Đông Ngạc,Hà Nội,Phòng trọ,3.0,11 giờ trước,"Pass phòng 73 Tân Nhuệ

Gần ĐH Mỏ, Hv Tài Chính, ĐH Y Tế Công cộng. Cách chợ 900m.

Có sẵn Điều hòa, nóng lạnh, tủ lạnh, bếp, vskk. Máy giặt chung. Phòng tầng 1, cửa ra ngoài luôn nên cực kì tự do, như nhà riêng.

Giá 2tr9, cọc 2tr, tặng lại kệ bếp nếu chuyển vào trong tháng 6. Do tháng 7 mà không pass được mình sẽ trả phòng, giá gốc phòng 3tr, cọc 3tr.",145000.0,0.0029,sale,very_small,under_1b
176450384,132705541,Bán CC The Pavilon Vinhomes ocean park 1,4600000000,63.0999,Huyện Gia Lâm,Thị trấn Trâu Quỳ,Hà Nội,Căn hộ/Chung cư,2.0,7 giờ trước,"🏡 CHÍNH CHỦ CẦN BÁN CĂN HỘ THE PAVILION – VINHOMES OCEAN PARK 1

📍 Căn số: P1-0802
📐 Diện tích: 63,1m²
🛏️ Thiết kế: 2 phòng ngủ – 2 nhà vệ sinh
🌅 Ban công hướng Đông Bắc – thoáng mát, đón gió tự nhiên
✨ Đặc biệt: 2 ban công thông nhau, view thoáng, ánh sáng đẹp
🚗 Có 2 hầm gửi xe cực kỳ thuận tiện
📕 Đã có sổ hồng – sang tên nhanh chóng

Căn hộ thuộc phân khu The Pavilion – vị trí đẹp tại Vinhomes Ocean Park 1, không gian sống hiện đại, nhiều tiện ích nội khu:
✅ Hồ điều hòa, công viên, khu thể thao
✅ Vincom, trường học, bệnh viện đầy đủ
✅ Khu dân cư văn minh, an ninh 24/7
✅ Phù hợp ở gia đình hoặc đầu tư cho thuê

🏠 Nhà giữ gìn sạch sẽ, vào ở ngay.
Chính chủ bán nên làm việc trực tiếp, hỗ trợ xem nhà thực tế.

📞 Anh/chị quan tâm inbox hoặc liên hệ trực tiếp để trao đổi thêm thông tin và giá bán.",72900274.00994296,4.6,sale,medium,3_5b
176514679,132760837,"CHÍNH CHỦ HẠ GẤP CĂN 2 NGỦ TẠI NGUYỄN XIỂN , SỔ ĐỎ 3.6 tỷ .",3600000000,46.0,Quận Hoàng Mai,Phường Định Công,Hà Nội,Căn hộ/Chung cư,2.0,8 giờ trước,"Dự án: 
Thông tin chi tiết: CHÍNH CHỦ CẦN BÁN GẤP – HẠ GIÁ SÂU CĂN HỘ 2 PHÒNG NGỦ KIM VĂN KIM LŨ 🔥

📍 Vị trí đẹp tại khu đô thị Kim Văn – Kim Lũ, mặt đường Nguyễn Xiển, kết nối giao thông thuận tiện, gần Vành đai 3 và khu vực Linh Đàm.  

🏠 Căn hộ 2 phòng ngủ thiết kế hợp lý, phù hợp gia đình trẻ hoặc đầu tư cho thuê.

✅ SỔ ĐỎ CHÍNH CHỦ – sang tên ngay.
✅ Khu dân cư đông đúc, đầy đủ tiện ích.
✅ Xung quanh có nhiều nhà hàng, quán cà phê, siêu thị, bể bơi, trường học, bệnh viện.
✅ Chỉ khoảng 500m tới Bến xe Nước Ngầm, thuận tiện di chuyển liên tỉnh.  

💰 GIÁ CHỈ 3,6 TỶ – MỨC GIÁ RẤT TỐT TRONG KHU VỰC.

📞 Liên hệ ngay: ***

⏳ Chủ nhà đang cần bán nhanh nên sẵn sàng làm việc thiện chí với khách mua thực sự. Căn đẹp – pháp lý rõ ràng – giá tốt, cơ hội không có nhiều! 🔑🏡✨",78260869.56521739,3.6,sale,small,3_5b
176545741,132787464,so 2/5/1 ngõ  127 Phùng Khoang phòng bên ngõ 68 Triều Khúc .,1300000,18.0,Quận Thanh Xuân,Phường Thanh Xuân Bắc,Hà Nội,Phòng trọ,3.0,5 giờ trước,"So 2/5/1 ngõ  127 Phùng Khoang phòng bên ngõ 68 Triều Khúc nhà 6 tầng tư do 

 Giá : 1,3tr-1,6tr khép kín giường tự do 
 Giá 2tr-2,3tr- 2,9tr -3,5tr -4,2tr
- vệ sinh khép kín, có nóng lạnh, điều hoà, giường ,tủ quần áo,
 xe để tâng 1.  
 -diện tích từ 16m2 đến 25m2
 điện 3,5k, nước 100k/người, vệ sinh rác 40k 

lh:   (miễn Trung gian) phòng như ảnh xem gọi điện hẹn trc khi qua 15p ko nhận tin nhắn",72222.22222222222,0.0013,sale,very_small,under_1b
176507675,132754696,"Nhà cấp 4 ngĩ 120 phố Nhổn, tây tựu, hn",2500000,28.0,Quận Bắc Từ Liêm,Phường Tây Tựu,Hà Nội,Phòng trọ,3.0,10 giờ trước," Nhà Cấp 4 tại ngõ 120 Phố Nhổn, Đường 32, Tây tựu, HN. Diện tích nhà 28m2,  khép kín, có sân rộng thoang mát. điện nước thành phố. Nhà nằm trong ngõ rộng 2m, cách mặt đường 15 m, Gần chợ Nhổn, Đai học Công Nghiệp, anh ninh tốt. Ưu tiên hộ gia đình, thuê dài hạn. Miễn tg.
",89285.71428571429,0.0025,sale,very_small,under_1b
176538622,132781322,"Phòng Xuân Đỉnh 2,4tr Cho nuôi pet nhận xe điện",2400000,18.0,Quận Bắc Từ Liêm,Phường Xuân Đỉnh,Hà Nội,Phòng trọ,3.0,9 giờ trước,"Phòng Xuân Đỉnh 2,4tr Cho nuôi pet nhận xe điện liên hệ tớ nhé nhà tớ
Lh ***",133333.33333333334,0.0024,sale,very_small,under_1b
176543410,132785425,Ô TÔ VÀO NHÀ - KINH DOANH - GẦN PHỐ - SỔ VUÔNG ĐẸP - Ở SƯỚNG - QH ỔN,9000000000,35.0,Quận Thanh Xuân,Phường Hạ Đình,Hà Nội,Nhà ở,2.0,6 giờ trước,"Rất gần phố, ngõ to ô tô vào nhà, kinh doanh tốt, nằm ngay khu vực trung tâm dân cư cực kỳ sầm uất. Gần Royal City, Cao Xà Lá tiện ích ngập tràn. Ngã tư sở tương lai giá trị tăng vọt.

+ Nhà hiện trạng 2 tầng đã cũ,  về xây lại ở theo ý cực kỳ đẹp. Phù hợp anh em đầu tư . Thanh khoản cao

Rất hiếm có căn như này , anh em Lh nhanh chớp lấy cơ hội 

Tặng khách hồ sơ giấy phép xây dựng 4 tầng 1 tum. 
Pháp Lý sạch , QH an toàn SSGD",257142857.14285713,9.0,sale,small,5_10b
176536101,132779284,"căn hộ thang máy 1 ngủ rộng, khách , bếp nhà wc ",4000000,40.0,Quận Hoàng Mai,Phường Định Công,Hà Nội,Phòng trọ,3.0,10 giờ trước,"chính chủ 55 tuổi, cho thuê căn hộ kiểu cc mi ni 40m2 giờ giấc tự do  đủ công năng nội thất điện nước giá dân không phí dịch vụ để 2 xe free thang máy điều hòa nóng lạnh máy giặt, ban công thoáng  khép kín MTG",100000.0,0.004,sale,small,under_1b
176536178,132779296,"SIÊU HÓT CĂN STUDIO 31m2 CHỈ 1,960 TỶ TẦNG TRUNG HƯỚNG MÁT TẠI VHOP",1960000000,31.0,Huyện Gia Lâm,Thị trấn Trâu Quỳ,Hà Nội,Căn hộ/Chung cư,1.0,10 giờ trước,"Dự án: 
Thông tin chi tiết: Cắt lỗ bán nhanh căn Studio tầng trung hướng mát tại vinhomes ocean park gia lâm
Tổng diện tích: 31m2
Nội thất: full đồ
Giá bán: 1,960 Tỷ
Pháp lý: sổ hồng lâu dài
Căn hộ thiết kế 1PN/1VS phù hợp với gia đình nhỏ ít thành viên
Tiện ích ngay dưới chân toà: biển hồ, bể bơi, sân thể thao, khu vui chơi trẻ em, nướng BBQ…
Không gian sống nhiều cây xanh, không khí trong lành, phù hợp với cả người già và trẻ nhỏ
Giao thông thuận tiện, dễ dàng kết nối nội thành và các tỉnh lân cận
Anh/chị quan tâm liên hệ em tư vấn chọn căn xem nhà trực tiếp
Cảm ơn Anh/chị đã xem tin !",63225806.451612905,1.96,sale,small,1_3b
176533932,132777257,"Nhà ngõ 100 đường Hoàng Quốc Việt, Dt 45m2 x 5 tầng - 18 triệu/tháng",18000000,45.0,Quận Cầu Giấy,Phường Nghĩa Đô,Hà Nội,Nhà ở,6.0,12 giờ trước,"Cho thuê nhà ngõ 100 Hoàng Quốc Việt ( hoặc ngõ 20 phố Nghĩa Đô mới) 
- Diện tích 45m2 x 5 tầng
- Tầng 1 và tầng 2 để thông, các tầng trên mỗi tầng có 2 phòng 1 wc
- Nhà ngay ngã 4 đường Xuân Tảo - đường Nguyễn Văn Huyên, cạnh trường tiểu học Nghĩa Đô, Gần chợ  Nghĩa Tân - phố Tô Hiệu
- phù hợp làm Văn phòng.  lớp học, Kinh doanh online, nhà ở
- Giá 18 triệu/tháng
- Lh: Anh Minh xem nhà miễn phí",400000.0,0.018,sale,small,under_1b
175755131,132107564,"Bán 62m2 ONT 1.65 tỷ Kim Sơn, (Sơn Tây cũ), Hà Nội",1550000000,60.0,Thị xã Sơn Tây,Xã Kim Sơn,Hà Nội,Đất,3.0,5 giờ trước,"Dự án: 
Thông tin chi tiết: 🆘🆘Siêu phẩm Hot nhất Hoà Lạc với đơn giá đầu tư chỉ nhỉnh 1 tỷ. 
✅ Diện tích 60m2 
 ✅ Hạ tầng đồng bộ, đường ô tô tránh, thông tứ phía
 ✅Cách Quốc lộ 21 hơn 2km.
 ✅Gần các khu villas, resort...
✅Cách khu công nghệ cao chỉ 10 phút di chuyển. 
✅Cách ĐHQG chỉ 8 p di chuyển.
☎️Liên hệ em để xem đất",25833333.333333332,1.55,sale,small,1_3b
176541137,132783424,[SANG NHƯỢNG TÂM HUYẾT] CỬA HÀNG MẬT TEA & COFFEE,11000000,120.0,Huyện Gia Lâm,Thị trấn Trâu Quỳ,Hà Nội,"Văn phòng, Mặt bằng kinh doanh",3.0,7 giờ trước,"Do bận công việc cá nhân và thay đổi khu vực sinh sống, mình cần sang nhượng lại toàn bộ cửa hàng Mật Tea & Coffee tại địa chỉ 275A Đường Trâu Quỳ, Gia Lâm. Quán nằm ở vị trí sầm uất, khu vực đông sinh viên, dân cư và văn phòng.
•	Thông số mặt bằng cực đẹp (Ưu thế kinh doanh F&B):
o	Diện tích sử dụng: 120m² (Kết cấu: 2 tầng + 1 lửng). Không gian thoáng đãng, tối ưu chỗ ngồi.
o	Mặt tiền rộng: 4m (Nhận diện thương hiệu cực tốt, bắt mắt).
o	Vỉa hè đối diện: Rộng 1,2m (Khách đỗ xe thoải mái, an tâm).
o	Hiện trạng: Vừa mới sửa chữa, nâng cấp toàn bộ (hệ thống cầu thang, quầy kệ, điện nước...) với tổng chi phí đầu tư ban đầu là 315 triệu.
•	Cơ sở vật chất: Sang nhượng FULL toàn bộ máy móc, dụng cụ pha chế, bàn ghế, hệ thống vận hành... Đồ đạc còn mới nguyên, chủ mới chỉ việc vào kinh doanh ngay không cần tốn thời gian setup.
•	Thông tin thuê nhà (Chủ nhà siêu tạo điều kiện):
o	Phương án 1: 11 triệu/tháng (Đóng 3 tháng, cọc 1 tháng).
o	Phương án 2: 10 triệu/tháng (Đóng 6 tháng, cọc 1 tháng).
o	Đặc biệt: Hiện tại quán còn 2 tháng tiền nhà và 10 triệu tiền cọc
•	🎁 CHÍNH SÁCH HỖ TRỢ ĐẶC BIỆT CHO NGƯỜI MỚI:
o	Đối với các bạn chưa có kinh nghiệm, mình sẽ hỗ trợ đào tạo pha chế, hướng dẫn kiểm soát nguyên liệu và quản lý nhân sự hoàn toàn MIỄN PHÍ (tối đa 5 buổi). Cam kết chuyển giao đầy đủ quy trình để bạn tự tin vận hành quán trơn tru ngay từ ngày đầu tiên.
•	Giá sang nhượng toàn bộ: 180 triệu (Có thương lượng)
***sang nhượng chính chủ không tay ngang

",91666.66666666667,0.011,sale,large,under_1b
176538700,132781380,BÁN NHÀ 4 TẦNG – TRONG LÕI VINHOMES OCEAN PARK,7900000000,42.0,Huyện Gia Lâm,Thị trấn Trâu Quỳ,Hà Nội,Nhà ở,4.0,9 giờ trước,"🏡 BÁN NHÀ 4 TẦNG – TRONG LÕI VINHOMES OCEAN PARK – FULL NỘI THẤT 🏡

🌟 Cơ hội sở hữu một trong số ít căn nhà còn lại trong lõi Vinhomes Ocean Park
🌟 Hưởng trọn hệ sinh thái tiện ích đẳng cấp: biển hồ, công viên, trường học, trung tâm thương mại...

✨ Nhà mới xây, kết cấu chắc chắn, thiết kế hiện đại
✨ Diện tích 42m² – mặt tiền 4m vuông đẹp
✨ Nhà 4 tầng rộng rãi, công năng tối ưu cho gia đình
✨ Có sẵn hố chờ thang máy – thuận tiện nâng cấp trong tương lai
✨ Full nội thất cao cấp – chỉ việc xách vali vào ở

🚗 Chỉ 20m ra ô tô, giao thông thuận tiện
📍 Vị trí đẹp, dân cư văn minh, an ninh tốt

📕 Sổ đỏ vuông vắn – pháp lý chuẩn chỉnh
💥 Sẵn sàng giao dịch ngay

💰 Giá chỉ 8.x tỷ – thương lượng trực tiếp với chủ nhà thiện chí

📞 Liên hệ: ***",188095238.0952381,7.9,sale,small,5_10b
176145860,132443462,Phòng 3.5 tr Trịnh Văn Bô Gần FPT Polytechnec- Khép Kín  - Thang Máy,3500000,25.0,Quận Nam Từ Liêm,Phường Phương Canh,Hà Nội,Phòng trọ,3.0,6 giờ trước,"Mình còn 1 phòng ở đường Trịnh Văn Bô, đầy đủ đồ, khép kín , không chung chủ

- Thang máy, khoá vân tay

- Gần các trường cao đẳng Fpt, Đông A",140000.0,0.0035,sale,very_small,under_1b
175213608,131642718,🏡 BÁN NHÀ PHÚC LỢI – 5 TẦNG MỚI – Ô TÔ ĐỖ CỬA – Ở NGAY 🏡,7650000000,40.0,Quận Long Biên,Phường Phúc Lợi,Hà Nội,Nhà ở,3.0,3 giờ trước,"Dự án: 
Thông tin chi tiết: 🏡 BÁN NHÀ PHÚC LỢI – 5 TẦNG MỚI – Ô TÔ ĐỖ CỬA – Ở NGAY 🏡
📐 Diện tích: 40m2
📏 Mặt tiền: 4m2
💰 Giá: 7tỷ650
✨ Điểm nổi bật:
Nhà xây mới 5 tầng, thiết kế hiện đại, tối ưu công năng
Ô tô đỗ cửa, cực kỳ thuận tiện sinh hoạt và di chuyển
Nhà đẹp, khách mua về ở ngay, không cần sửa chữa
📍 Vị trí:
Nằm tại khu Phúc Lợi – khu dân cư phát triển, an ninh tốt
Gần chợ, trường học, tiện ích đầy đủ
Kết nối giao thông thuận tiện
💎 Phù hợp:
Gia đình trẻ mua ở lâu dài
Đầu tư giữ tiền hoặc cho thuê
📕 Sổ đỏ chính chủ – pháp lý rõ ràng
🤝 Chủ nhà thiện chí bán
📞 Liên hệ ngay để xem nhà và chốt căn đẹp giá tốt!",191250000.0,7.65,sale,small,5_10b
176545812,132787573,"Nhà 2 tầng, đất thổ cư, đường trước đất rộng 5m, đầy đủ các tiện ích.",7344000000,81.5998,Huyện Gia Lâm,Xã Phú Thị,Hà Nội,Nhà ở,2.0,5 giờ trước,"Đất tại Hàn Lạc , xã Phú thị , Gia lâm, Hà Nội, diện tích 81,6m2,  đã xây nhà 2 tầng đầy đủ công năng vào ở luôn, gần trường, chợ và các dịch vụ tiện ích khác. Sổ đỏ chính chủ sẵn sàng giao dịch. Cách khu đấu giá Hàn Lạc khoảng 200m, đất vuông vắn. trước cửa xe ô tô con tránh nhau. Khu phố hiện hữu văn minh.",90000220.58877595,7.344,sale,medium,5_10b
176548268,132789635,BA ĐÌNH 46m x 5 tầng - HƠN 12tỷ,12800000000,46.0,Quận Ba Đình,Phường Đội Cấn,Hà Nội,Nhà ở,5.0,2 giờ trước,"Dự án: 
Thông tin chi tiết: BA ĐÌNH 46m x 5 tầng - HƠN 12tỷ
Thiết kế: 
Tầng 1: Để xe, Phòng bếp.
Tầng 2: Phòng khách, phòng làm việc, wc.
Tầng 3,4: Chia 2 phòng, wc.
Tầng 5: Phòng thờ, sân phơi.
Sổ đỏ chính chủ",278260869.5652174,12.8,sale,small,over_10b
176536344,132779397,"289M x 3 TẦNG, MT 10M - 55 TỶ - SỔ RIÊNG - QUẬN BA ĐÌNH",55000000000,289.0,Quận Ba Đình,Phường Kim Mã,Hà Nội,Nhà ở,6.0,10 giờ trước,"Dự án: 
Thông tin chi tiết: HIẾM - ĐẤT VÀNG - VƯỢNG KHÍ TỐT - KINH DOANH - VĂN PHÒNG - Ở SƯỚNG

Vị trí cực đỉnh đối diện Vinhomes Metropole - Lotte Liễu Giai ...vừi bước ra9 ga tầu điện đô thị...

Ô tô tránh dừng đỗ ngày đêm vừa ở vừa kinh doanh, văn phòng... ở cực sướng....

Hiện trạng là biệt thự, chủ ở vượng khí rất tốt thăng quan tiến chức, con cái thành danh....

Sổ đỏ chính chủ.",190311418.68512112,55.0,sale,large,over_10b
168165904,125554054,"Cần bán 104,4m2 viu hồ, 2.2ty MT 6.19m ngõ thông, Phú Cát, Hà Nội",2200000000,104.4,Huyện Quốc Oai,Xã Hòa Thạch,Hà Nội,Đất,3.0,6 giờ trước,"🔥Cần bán đất 104m2 Full thổ cư mặt tiền 6.19m

✅ Mô tả: 
 •Bán Kính cách tuyến đường trọng điểm DH 09 chỉ 300m 
 • Cách  Khu công Nghệ cao Hoà Lạc 10p di chuyển
• Cách Tuyến đường QL21A 1km
• Bán kính cách chợ Hoà Thạch chỉ 400m 
   📍Xã Phú Cát- Hà Nội

👉🏻Nếu anh chị cần tìm đất ven đô đầu tư, tích sản, hay để liên hệ Mrs Minh",21072796.9348659,2.2,sale,large,1_3b
176545231,132787598,"Chung cư mini 8 tầng, còn phòng t3-4 tại 80 Gốc Đề Minh khai có bảo vệ",2500000,20.0,Quận Hai Bà Trưng,Phường Minh Khai,Hà Nội,Phòng trọ,3.0,5 giờ trước,"Chung cư mini 8 tầng, còn phòng t3-4 tại 80 Gốc Đề Minh khai 
- Phong 2,5tr- 2,7tr -3,5tr -4,3tr vệ sinh khép kín, full nội thất nong lanh , điều hoà,  to thêm giường tủ, 
điện : 3,5k/số
Nước : 25k/ khối
Mạng : 100k
Nhà dân 1,2tr-1,5tr khép kín, giường riêng chủ  diện tích 15m2",125000.0,0.0025,sale,very_small,under_1b
176533981,132777369,"( HIẾM )3- 4 TỶ/ LÔ ĐẤT 100m, 3 Ô TÔ TRÁNH, FULL THỔ CƯ, HOÀ LẠC.",3150000000,100.0,Thị xã Sơn Tây,Xã Cổ Đông,Hà Nội,Đất,3.0,12 giờ trước,"( HIẾM )3- 4 TỶ/ LÔ ĐẤT 100m, 3 Ô TÔ TRÁNH, FULL THỔ CƯ, CỔ ĐỒNG, ĐỒNG TRẠNG, SƠN TÂY 🔥

📍 Vị trí: Đồng Trạng – Cổ Đông – Sơn Tây – Hà Nội

📐 Diện tích: 100m²

📏 Mặt tiền: 6,5m vuông đẹp

🚗 Đường trước đất rộng, 3 ô tô tránh nhau

💰 Giá chỉ từ 3 – 4 tỷ

🌟 Kết nối giao thông cực thuận tiện:

✔ Cách đường Quốc Lộ 21 mở rộng chỉ khoảng 1,5km

✔ Kết nối nhanh Đại lộ Thăng Long – Xuân Mai – Hoà Lạc

✔ Gần UBND xã, trung tâm hành chính khu vực

✔ Gần chợ dân sinh, siêu thị mini, cửa hàng tiện ích

✔ Gần hệ thống trường học các cấp

✔ Chỉ vài phút tới Điện Máy Xanh, cửa hàng điện máy, ngân hàng

🌱 Thế đất đẹp – mặt tiền rộng – đường thông thoáng

💥 Phù hợp vừa ở vừa đầu tư tăng giá mạnh theo hạ tầng khu Tây Hà Nội

☎ Liên hệ xem đất trực tiếp:

Ngọc Nhà Phố Hà Nội

📞 *** 
",31500000.0,3.15,sale,medium,3_5b
176244401,132529563,"Cần bán Chung cư Thái Hà, bộ Công An , Bắc từ Liêm",6000000000,70.0,Quận Bắc Từ Liêm,Phường Cổ Nhuế 2,Hà Nội,Căn hộ/Chung cư,2.0,11 giờ trước,"BÁN GẤP _ CC THÁI HÀ _ BCA. 

Tầng cao thoáng mát. 

Dt: 70m _ 2 P ngủ _ 2 WC _ Phòng Khách _ Bếp _ Loga .....( chủ nhà để lại toàn bộ nội thất). 

&&& . Nhỉnh 6 tỷ . ( bao sổ). 

+ Bạt ngàn tiện ích xung quanh : Hồ Điều Hoà , Chợ Dân Sinh , Các Siêu Thị ... Các trường học Mầm Non, C1, 2,3 bên cạnh nhà . .. 

+ Vài bước chân ra các trường ĐH . ĐHNN, ĐHQGHN, ĐHTM, ... 

+ Gần các bệnh viện lớn . BV PHƯƠMG ĐÔNG , BV E , BVPSTW BV NHI... vô vàn tiện ích. 

+++ : Sổ đỏ chính chủ . 
LH ***",85714285.71428572,6.0,sale,medium,5_10b
171670809,128601502,Phòng 25m² Có Cửa Sổ – An Ninh Chuẩn PCCC – Gần Cầu Vĩnh Tuy,5000000,25.0,Quận Long Biên,Phường Long Biên,Hà Nội,Căn hộ/Chung cư,1.0,6 giờ trước,"🏠 CHO THUÊ CĂN HỘ MINI FULL NỘI THẤT – 57 PHỐ TRẠM, LONG BIÊN
📍 Vị trí: Số 57 Phố Trạm – gần cầu Vĩnh Tuy, cách AEON Mall Long Biên chỉ 1,3km.
Đường lớn, ô tô tránh nhau, khu dân cư an ninh, dân trí cao.
🏡 Phòng full nội thất, chỉ cần mang quần áo vào ở:
Trang bị sẵn: Tivi 📺, Tủ lạnh ❄️, Máy giặt 🧺, Điều hòa 🌬️, Chăn ga gối đệm 🛏️, Bếp từ & đồ nấu ăn đầy đủ 🍳.
Diện tích: ~25m², thiết kế hiện đại, có cửa sổ thoáng.
Giá thuê: 5.000.000đ/tháng
Đặt cọc 1 tháng – Thanh toán 1 tháng/lần
💡 Tiện ích tòa nhà:
Thang máy, camera an ninh, vân tay ra vào 🔒
Có chỗ để xe, cho nuôi pet 🐶🐱
Hệ thống PCCC đầy đủ và đảm bảo.
🧾 Chi phí dịch vụ:
Điện: 4.000đ/kWh
Nước: 30.000đ/khối
Dịch vụ chung: 150.000đ/người
Mạng riêng từng phòng: 100.000đ
✨ Phù hợp: người đi làm, cặp đôi, sinh viên muốn ở khu vực trung tâm Long Biên, tiện đi lại, đầy đủ tiện nghi.
📞 Liên hệ: *** để xem phòng trực tiếp – vào ở ngay hôm nay!",200000.0,0.005,sale,very_small,under_1b
176543585,132785585,Bán Nhà Đống Đa - MẶT ĐƯỜNG - OTO  TRÁNH - Lô Góc - QH ổn định,25000000000,55.0,Quận Đống Đa,Phường Nam Đồng,Hà Nội,Nhà ở,4.0,6 giờ trước,"Vị trí cực đẹp, lô góc ô tô tránh, ngõ thông thoáng, sạch sẽ, khu vực đông dân cư, kinh doanh sầm uất, ngay cạnh chung cư C’Land, gần Trường THPT Lê Quý Đôn, tiện ích xung quanh đầy đủ, giao thông thuận tiện đi lại nhiều tuyến phố lớn.

Thiết kế nhà 4 tầng chắc chắn – móng cột kiên cố, có thể lên thêm 7–8 tầng thoải mái:
 • Tầng 1: Thông sàn rộng, hiện đang cho thuê kinh doanh thời trang, dòng tiền ổn định.
 • Tầng 2 & 3: Mỗi tầng 2 phòng ngủ + vệ sinh, bố trí hợp lý, thoáng sáng.
 • Tầng tum: Phòng thờ + sân phơi rộng rãi.

Điểm nổi bật:
 • Nhà lô góc, ô tô tránh, kinh doanh tốt nhiều loại hình.
 • Chủ nhà tự xây chắc chắn, móng cột kiên cố, tiềm năng nâng tầng cao.
 • Khu vực đông dân cư, gần trường học, chung cư, tiện ích đầy đủ.
 • Hiện đang có dòng tiền cho thuê, phù hợp vừa ở vừa kinh doanh hoặc đầu tư giữ tiền.

Pháp lý chuẩn:
 📕Sổ đỏ nở hậu đẹp, sẵn sàng giao dịch.",454545454.54545456,25.0,sale,small,over_10b
176450813,132705748,"BÁN NHÀ PHỐ ĐÀM QUANG TRUNG LONG BIÊN, NHÀ CẠNH AEON,CỔ LINH,CẦU VĨNH",10100000000,50.0,Quận Long Biên,Phường Long Biên,Hà Nội,Nhà ở,4.0,6 giờ trước,"Dự án: 
Thông tin chi tiết: Giá ngang đất, quá hiếm tại khu Aeon Long Biên 

🏡 Nhà phố Đàm Quang Trung – Cổ Linh
• Diện tích 50m², xây 6 tầng thang máy xịn
• Thiết kế hiện đại, full công năng, ở hoặc khai thác đều đẹp
• Cách phố Đàm Quang Trung chỉ ~100m

📍 Vị trí vàng ngay cạnh Aeon Long Biên – khu vực phát triển mạnh, hạ tầng đồng bộ
🚗 Giao thông thuận tiện, kết nối nhanh Nguyễn Văn Cừ – Cầu Vĩnh Tuy – Trung tâm

💰 Giá nhỉnh 10 tỷ – hiếm nhà cùng phân khúc, gần như mua đất tặng nhà",202000000.0,10.1,sale,small,over_10b
176536451,132779485,Cần bán nhanh căn hộ 2n1vs tặng nội thất giá chỉ 3 tỷ 250tr ,3250000000,60.0,Huyện Gia Lâm,Thị trấn Trâu Quỳ,Hà Nội,Căn hộ/Chung cư,2.0,10 giờ trước,"Cần tiền em cần bán nhanh  căn hộ 2PN + 1VS tại Vinhomes Ocean Park. EM ĐỂ LẠI TOÀN BỘ NỘI THẤT CHO KHÁCH MUA
 - Tổng Diện tích: 60m2
 - Thiết kế căn hộ: Với 2 phòng ngủ rộng, 1 nhà vệ sinh, 2 logia thông thoáng, phòng khách tối ưu rất thuận tiện, bếp thiết kế mở. 
- Miễn phí tất cả các dịch vụ tiện ích, bể bơi ngoài trời và bể bơi 4 mùa, nướng BBQ, sân thể thao....
 - Giá bán: 3 tỷ 250tr tặng nội thất 
* Miễn phí xem nhà 24/24, hỗ trợ khách vay ngân hàng
",54166666.666666664,3.25,sale,small,3_5b
175516218,131902951,"Bán Căn 2N1WC 55m2, full đồ đẹp. Giá 4 tỷ tại Vinhomes smart city",4000000000,55.0,Quận Nam Từ Liêm,Phường Tây Mỗ,Hà Nội,Căn hộ/Chung cư,2.0,10 giờ trước,"Chuyển nhượng quỹ căn hộ đẹp và giá rẻ tại Vinhomes Smart City.
- Studio(25 - 36m²): Giá từ 2,4 tỷ.
- 1N(38m²): Giá từ 3,2 tỷ.
- 1N+ (43 - 48m²): Giá từ 3,3 tỷ
- 2N1W (54m²; 55m²): Giá từ 4,1 tỷ.
- 2N2W (59m²; 62m²; 64m²): Giá từ 5 tỷ.
- 3N2W (75m²): Giá từ 5,4 tỷ.
- 3N2W (80 - 98 - 120m²): Giá từ 6,4 tỷ.
- 4N3W ( 131m²): Giá từ 13,5 tỷ.
+ Cam kết nguồn hàng chất lượng nhất Vinhomes smart city.
+ Đảm bảo uy tín và quyền lợi khách hàng.
Ánh Tuyết Bất động sản Vinhomes.",72727272.72727273,4.0,sale,small,3_5b
170985021,128001521,"Phòng studio CCMN 6 tầng, mặt đường, có thang máy",3000000,25.0,Quận Tây Hồ,Phường Nhật Tân,Hà Nội,Phòng trọ,3.0,11 giờ trước,"Còn 3 phòng: 2 phòng view mặt đường thoáng, đẹp 3,8tr và 4tr, 1 phòng ko tử bếp kệ bếp 3tr
CHÍNH CHỦ CHO THUÊ PHÒNG STUDIO TÒA CHUNG CƯ MINI 6 tầng mặt đường có thang máy.
 Phòng vệ sinh khép kín, đầy đủ tiện nghi

+  Địa chỉ: SN 14 và 16 ngõ 612 Lạc Long Quân( mặt đường công viên nước Hồ Tây, liền phố đi bộ Trịnh Công Sơn), cách Lotte Mall Tây Hồ 100m, ngay sát nhà hàng buffet Sen Tây Hồ
+Diện tích : 25m2
+ Nội thất: Full đồ : Giường,bàn ăn, tủ quần áo, điều hòa panasonic 2 chiều, bình nóng lạnh, tủ lạnh, tủ bếp trên dưới, bếp từ, hút mùi, rèm, wifi…
Máy giặt, chỗ phơi chung
- Hàng tuần có người dọn vệ sinh chung
- Không chung chủ, giờ giấc tự do
+ Phòng full đồ, sạch sẽ, vskk, có bếp
+ Mặt đường thuận tiện giao thông đi lại, phố buôn bán sầm uất, an ninh tốt…
Đóng 1 tháng đặt cọc 1 tháng
Làm hợp đồng từ 6 tháng trở lên.",120000.0,0.003,sale,very_small,under_1b
175642903,132011525,Phòng 20m2 khép KÍn  đủ đồ Tây Kết Bênh Viện 108 Hà Nội,2800000,20.0,Quận Hai Bà Trưng,Phường Bạch Đằng,Hà Nội,Phòng trọ,3.0,11 giờ trước,"cho thuê phòng 20m2 15 Ngõ 37  Tây Kết Bênh viên 108 , phòng trang bị , điều hoà , nong lạnh , giương tủ , vệ sinh khep kín , không chung chủ , thích hơi , ngươi đi lmf , sv , phong ơ 1 dên 2 người ,không chung chủ , , đương rông ô tô đỗ cửa , khu dan trí cao , an ninh tốt , gia cho thuê 2,8Tr MTG liê hệ ***",140000.0,0.0028,sale,very_small,under_1b
176548393,132789775,chính chủ cần bán gấp,1800000000,199.5,Huyện Ba Vì,Xã Phú Sơn,Hà Nội,Đất,3.0,2 giờ trước,"Dự án: 
Thông tin chi tiết: Chính chủ cần tiền bán gấp
Đất nền full thổ cư, diện tích rộng thuận tiện cho đầu tư kinh doanh
Gần nhiều tiện ích công cộng",9022556.390977444,1.8,sale,large,1_3b
176390565,132654622," 💥Khó tin nhưng có thật : Căn hộ chung cư Từ Liêm, 120m, chỉ 6,5 tỷ",6500000000,120.0,Quận Nam Từ Liêm,Phường Mễ Trì,Hà Nội,Căn hộ/Chung cư,3.0,8 giờ trước,"
💥Khó tin nhưng có thật
Căn hộ chung cư Từ Liêm 120m, chỉ 6,5 tỷ
🕹️Khu trung tâm, gần Đại lộ Thăng Long, SVĐ Mỹ Đình, BV Hồng Ngọc, CV Mễ Trì
🚘Chỉ 3 phút đến trường, 5 phút đến Cầu Giấy, Hà Đông, Thanh Xuân
🏠Dt rộng, decor long lanh, 3 phòng ngủ rộng, full đồ, ở ngay
📕Sổ đỏ chính chủ, giao nhận nhanh
🍀VĂN TRÍ HỖ TRỢ AN CƯ HÀ NỘI
❤AN YÊN TRONG TỔ ẤM HẠNH PHÚC",54166666.666666664,6.5,sale,large,5_10b
176505665,132752941,"ĐẮC ĐỊA BẬC NHẤT PHỐ HÀ TRUNG, HOÀN KIẾM – MẶT TIỀN KHỦNG 8M",59000000000,62.0,Quận Hoàn Kiếm,Phường Hàng Bông,Hà Nội,Nhà ở,3.0,9 giờ trước,"​🌟 Thông tin chi tiết:
​Diện tích: 61.67 m^2 (Sổ đỏ chính chủ, pháp lý sạch, sẵn sàng giao dịch).
​Mặt tiền: 8m – Thông số ""hoa hậu"" siêu hiếm có tại lõi di sản Phố Cổ, cực kỳ thông thoáng và bề thế.
​Tọa lạc: Ngay ngã tư sầm uất, vị trí đắc địa nhất tuyến phố, giao thương tấp nập ngày đêm.
​💰 Giá bán: 59 Tỷ VNĐ (Có thương lượng cho khách thiện chí)
​🚫 LƯU Ý: CHỈ TIẾP ĐẠI GIA XUỐNG TIỀN TRỰC TIẾP – MIỄN TRUNG GIAN, BÁO MẠNG.
​📞 Liên hệ chính chủ để xem nhà trực tiếp: Chị Bích ***
(Hình ảnh sổ đỏ và thực tế sẵn sàng cung cấp ",951612903.2258065,59.0,sale,medium,over_10b
175595964,131972651,"Em cần tiền bán đất để mở rộng kinh doanh, giá phù hợp cho khách",1368000000,86.0,Huyện Chương Mỹ,Thị trấn Xuân Mai,Hà Nội,Đất,3.0,11 giờ trước,"Dự án: 
Thông tin chi tiết: 🍀Em bán Đất thị trấn Xuân Mai, gần QL21, QL6 đang mở rộng, gần trường sỹ quan Đặc Công, trường Cao đẳng cộng đồng, trong khu dân cư đông đúc. Đường thông rộng 2 ô tô tránh. Tiện ích đầy đủ.

💥 Dự án Khu đô thị giáo dục 600ha
💥Tuyến đường Hà Đông -Xuân Mai
💥Tuyến Metro 12

💥tuyến Metro 2A nên rất tiện đi làm hay sinh hoạt hằng ngày. đất thì gần trường cấp 1, cấp 2 và gần cả Ủy ban nhân dân, tiện đủ đường

🧩 Diện tích 86m2 - mặt tiền 6.1m

📕Sổ đỏ full thổ cư.

💰Giá nhỉnh 1tỷ

☎️Liên hệ *** - ***",15906976.744186046,1.368,sale,medium,1_3b
176546099,132787763,Cần bán Tập thể Thành Công trung tâm đầy đủ tiện ích,2999000000,50.0,Quận Ba Đình,Phường Thành Công,Hà Nội,Căn hộ/Chung cư,1.0,4 giờ trước,"Căn hộ tập thể Thành Công phường Giảng Võ, Hà Nội là lựa chọn lý tưởng cho những ai tìm kiếm không gian sống hiện đại và tiện nghi. Với diện tích 50m2, căn hộ có 1 phòng ngủ và 1 phòng tắm, thiết kế nội thất cơ bản, phù hợp cho gia đình nhỏ hoặc người độc thân.

- Diện tích: 50m2  
- Giá bán: 2.999 tỷ VND  
- 1PN, 1WC  
- Nội thất: Cơ bản  
- Pháp lý: đầy đủ  

Điểm đặc biệt:  
Căn hộ có phong thủy tốt, mang lại cảm giác thoải mái và an lành cho cư dân. Vị trí căn hộ thuận tiện cho việc di chuyển và sinh hoạt hàng ngày, gần gũi với thiên nhiên và không gian xanh.

Tiện ích xung quanh:  
- Chợ Thành Công  
- Công viên Thành Công  
- Trường C1, C2 Thành Công  

Liên hệ để biết thêm thông tin chi tiết qua số điện thoại ***",59980000.0,2.999,sale,small,1_3b
175726828,132083273,chuyển nhà to cần bán căn 52m2-2 ngủ Doãn Kế Thiện- Mai Dịch- Cầu Giây,2380000000,52.0,Quận Cầu Giấy,Phường Mai Dịch,Hà Nội,Căn hộ/Chung cư,2.0,10 giờ trước,"Chủ ở có lộc chuyển chung cư thương mại cần bán gấp căn chung cư mini Doãn Kế Thiện- Mai Dịch Cầu Giấy.
- gần xuân Thuỷ, phạm Hùng, phạm Văn Đồng….
Gần bến xe Mỹ Đình, bệnh viện 198, Sân vận động Mỹ Đình,….
- Gần nhiều trường đại học lớn: Đại học Quốc Gia Hà Nội, Đại học Ngoại ngữ, Đại học Sư Phạm,…

Diện tích: 48-50-52m2

Thiết kế : 2 ngủ -1 khách -1 bếp -1 ban công -1 vệ sinh 

Giá bán : 2,38-2,5 tỷ ( có thương lượng)

Căn hộ tầng đẹp , thoáng sáng, vuông vắn, dễ kê đồ

Ngõ to rộng cách đường ô tô tránh 15m

Đi lại vô cùng thuận tiện 

Liên hệ xem nhà :***",45769230.76923077,2.38,sale,small,1_3b
176496165,132744777,TRẦN KHÁT CHÂN - NGÕ NÔNG - GẦN PHỐ - DÂN XÂY - GIÁ ĐẦU TƯ,9200000000,51.0,Quận Hai Bà Trưng,Phường Thanh Lương,Hà Nội,Nhà ở,3.0,11 giờ trước,"TRUNG TÂM HAI BÀ TRƯNG - GIÁ ĐẦU TƯ - NGÕ NÔNG GẦN PHỐ - NHÀ DÂN XÂY CHẮC CHẮN 
- Chính chủ bán nhà Trần Khát Chân, 51m2 xây 4 tầng giá chỉ 9,2 tỷ có thương lượng.
- Vị trí cực Vip, sau quy hoạch ra sát mặt phố, ngõ cực nông gần ô tô, gần các tuyến phố lớn: Minh Khai, Kim Ngưu, Lò Đúc vành đai 1.. giao thông vô cùng thuận lợi.
- Gần đại học Bách Khoa, đại học Kinh Doanh Công Nghệ, bệnh viện 108, bệnh viện Thanh Nhàn .....
- Xung quanh trường chợ tiện ích bạt ngàn.
- Nhà dân xây chắc chắn, 4 tầng 3 ngủ, thiết kế thông sàn, xách vali về ở được ngay.
- Khu dân trí cao, an ninh tốt.
- Sổ đỏ vuông vắn, sẵn giao dịch.
- Liên hệ em Ngọc Thổ Địa để xem nhà.",180392156.8627451,9.2,sale,small,5_10b
175870528,132206162,Nhà Siêu Đẹp Phố Trương Định -  Nguyễn Đức Cảnh 36m  - 4 tầng,8300000000,36.0,Quận Hoàng Mai,Phường Định Công,Hà Nội,Nhà ở,4.0,3 giờ trước,"Bán nhà siêu đẹp, mới xây phố Trương Định - Nguyễn Đức Cảnh, trung tâm quận Hoàng Mai, khu dân trí cao, ngập tràn  tiện ích. 
- thiết kế 4 tầng hiện đại công năng sử dụng đầy đủ, nội thất cao cấp - mặt tiền 5m - trước nhà sân rộng
Cách vài bước chân ra ô tô, giao thông thuận tiện 
- Nhà 2 mặt ngõ thoáng trước sau - bán kính  3km - các trường đại học lớn  - bệnh viện - bến xe - công viên .... 
- pháp lý rõ ràng, sổ đỏ chính, giao dịch nhanh, chủ thiện chí bán. (Ảnh Thật - Nhà Thật - Giá Trị Thật)",230555555.55555555,8.3,sale,small,5_10b
176484202,132734546,Bán đất phố pháo đài Láng 55m2 giá 14ty,14000000000,55.0,Quận Đống Đa,Phường Láng Thượng,Hà Nội,Đất,3.0,11 giờ trước,"- Mảnh đất còn sót lại ngõ 14 pháo đài láng Hà nội. Diện tích 55m2. ngõ nông, thẳng, thông thoáng, cách mặt oto tranh 30m. tiện ích xung quanh ngập tràn, sầm uất.
- Liên hệ chốt.
 ",254545454.54545453,14.0,sale,small,over_10b
167876493,125304411,"Cần bán đất 60,2m2; 2,45 tỷ Đồi Sen, Bình Yên, Hà Nội oto tránh",2450000000,60.2,Huyện Thạch Thất,Xã Bình Yên,Hà Nội,Đất,3.0,6 giờ trước,"🔥Cần bán lô đất 60,2m2 tại Thôn Đồi Sen full đất ở.

💎Đường ô tô tránh nhau

💎Đất đẹp, thoáng, khả năng sinh lời cao x2, x3 trong 3 đến 5 năm tới.

📐 3 phút đến hồ Tân Xã sát vành đai Công Nghệ Cao.

📜Pháp lý sổ đỏ sẵn sàng giao dịch",40697674.41860465,2.45,sale,medium,1_3b
174751861,131253854,TÔI CHÍNH CHỦ CẦN BÁN CĂN HỘ 2PN TẠI TÂY NAM LINH ĐÀM SỔ ĐỎ Ở NGAY,5300000000,68.0,Quận Hoàng Mai,Phường Hoàng Liệt,Hà Nội,Căn hộ/Chung cư,2.0,11 giờ trước,"Bán căn hộ 2 phòng ngủ 68m² KĐT kiểu mẫu Tây Nam Linh Đàm.
Vị trí: Khu đô thị kiểu mẫu Tây Nam Linh Đàm khu dân cư văn minh, an ninh đảm bảo, tiện ích đồng bộ.
Thông tin căn hộ:
Diện tích: 68m².
Thiết kế: 2 phòng ngủ, 2 WC, phòng khách rộng rãi, thoáng sáng.
Ban công thoáng mát, căn hộ vuông vắn.
Nội thất đầy đủ: Sofa, giường tủ, bàn ăn, điều hòa, nóng lạnh, tủ bếp vào ở ngay.
Pháp lý: Sổ đỏ chính chủ sang tên nhanh gọn.
Tiện ích:
Gần trường học, chợ, siêu thị, công viên Linh Đàm.
Giao thông thuận tiện, phù hợp ở lâu dài hoặc đầu tư cho thuê.",77941176.47058824,5.3,sale,medium,5_10b
176543726,132785767,SỔ ĐỎ VĨNH VIỄN_CHUNG CƯ A1 ĐẠI CỒ VIỆT_TRẦN KHÁT CHÂN_HAI BÀ TRƯNG,1800000000,52.0,Quận Hai Bà Trưng,Phường Bách Khoa,Hà Nội,Căn hộ/Chung cư,2.0,6 giờ trước,"Chung cư A1 Trần Khát Chân - Đại Cồ Việt - Hai Bà Trưng.

Căn hộ gần nhiều trường học - siêu thị - chợ - đầy đủ tiện nghi - nội thất cơ bản đầy đủ.

Gần đại học Bách Khoa, Kinh Tế Quốc Dân, Ngân Hàng, Y,  Thủy Lợi

Sổ hồng sở hữu vĩnh viễn - Nội thất đầy đủ.

Tòa nhà thiết kế tầng 1 để xe, có đầy đủ hệ thống phòng cháy chữa cháy tự động, an ninh tòa nhà bảo vệ chuyên nghiệp.

Liên hệ trực tiếp Trường Chủ Đầu Tư xây dựng để mua nhà giá gốc ***Đã sao chép.

Add Zalo để nhận video căn hộ. (Lưu ý miễn môi giới trung gian).",34615384.615384616,1.8,sale,small,1_3b
176458056,132712042,HÀNG HOT ĐÔNG MỸ THANH TRÌ: 100M2 - MT 5M - Ô TÔ CHẠY  - GIÁ 6 TỶ,6000000000,100.0,Huyện Thanh Trì,Xã Đông Mỹ,Hà Nội,Đất,3.0,11 giờ trước,"Cơ hội sở hữu bđs vị trí vàng tại trung tâm Đông Mỹ cho các nhà đầu tư thông thái và khách mua an cư:
	Thông số: 100m², mặt tiền thênh thang 5m, thế đất lành và vượng lộc.
	Đường ngõ rộng rãi, thông suốt, ô tô di chuyển dễ dàng vào tận nơi.
	Vị trí trung tâm kết nối, tiện ích ngập tràn sát chợ và hệ thống trường học, tiềm năng tăng giá cao theo hạ tầng lên Quận của Thanh Trì.
	Sổ đỏ cất két, không lỗi phong thủy, pháp lý sạch sẽ vây nét.
💰 Giá bán: 6 tỷ.
📞 Alo Thế Vạn ngay: *** để được tư vấn và xem đất trực tiếp
",60000000.0,6.0,sale,medium,5_10b
176539077,132781691,🔥 CAO XÁ – Ô TÔ ĐỖ CỬA – NGÕ THÔNG – 60M² – HƠN 6 TỶ 🔥  • Diện tích: 6,6300000000,60.0,Huyện Hoài Đức,Xã Đức Thượng,Hà Nội,Nhà ở,3.0,9 giờ trước,"Dự án: 
Thông tin chi tiết: 🔥 CAO XÁ – Ô TÔ ĐỖ CỬA – NGÕ THÔNG – 60M² – HƠN 6 TỶ 🔥

• Diện tích: 60m² – nở hậu đẹp
 • Kết cấu: 3 tầng dân xây chắc chắn
 • Vị trí: Ngõ thông thoáng, ô tô 4 chỗ đỗ cửa
 • Hạ tầng: Đường trước nhà mở rộng ~13m – tiềm năng tăng giá mạnh
 • Tiện ích: Gần chợ, trường học, đầy đủ sinh hoạt
💎 Hiện trạng:
 • Nhà ở tốt, sửa nhẹ là đẹp
 • Hoặc xây mới 5–6 tầng thang máy cực đỉnh
📕 Pháp lý: Sổ đỏ chính chủ – sẵn sàng giao dịch
👉 Phù hợp: Ở ngay – Đầu tư – Xây CCMN / nhà cho thuê
📞 Liên hệ ngay: *** (Mr. Vịnh) – Nhà đẹp, giá tốt, không chờ người chậm!",105000000.0,6.3,sale,small,5_10b
175540116,131923596,cần bán lô đất ở bán đảo sơn hà Đắc sở hoài đức,3860000000,44.0,Huyện Hoài Đức,Xã Đắc Sở,Hà Nội,Đất,3.0,4 giờ trước,"Dự án: 
Thông tin chi tiết: Gia đình tôi hiện có 1 lô đất tại bán đảo sơn hà , diện tích trong sổ 44m , sổ đỏ cầm tay, đường vào nhà oto tải đi vào đến cổng nhà. Bác nào có nhu cầu mua ở hoặc đầu tư liên hệ em chính chủ ,giá có bớt cho bác nào thiện chí.",87727272.72727273,3.86,sale,small,3_5b
176546192,132787864,"Đất thổ cư 80m2 đường ỷ Lan, Đặng Xá, Gia Lâm  đường  oto tránh.",10000000000,80.0,Huyện Gia Lâm,Xã Đặng Xá,Hà Nội,Đất,3.0,4 giờ trước,"Đất thổ cư chính chủ 80m2, rộng 5m , đường trước đất ô tô tránh nhau, Ngõ 211 đường Ỷ Lan, chính chủ cần bán",125000000.0,10.0,sale,medium,5_10b
176508106,132755108,Bán Nhà Dòng Tiền 80tr/tháng - Trung Tâm Hoàng Như Tiếp Bồ Đề,18600000000,82.0,Quận Long Biên,Phường Bồ Đề,Hà Nội,Căn hộ/Chung cư,11.0,10 giờ trước," - Nhà thiết kế căn hộ dịch vụ khai thác dòng tiền 80tr/tháng , 8 Tầng 12 phòng  full Nội Thất , thang Máy 

- Vị trí trung tâm Hoàng Như Tiếp Bồ Đề Long Biên, Giao thoa giữa các tuyến phố trung tâm lòng biên như Hồng Tiến , Hoàng Minh Đạo ,  Nguyễn Văn Cừ , Lâm Hạ . 
-  Nhà giữ tiền an toàn và sinh lời hằng năm không dưới 500tr. 
- Sổ đỏ chính chủ sẵn sàng sang tên",226829268.29268292,18.6,sale,medium,over_10b
174076678,130674344,"Cần bán căn hộ TTVPP Hồng Hà, ngõ 190 Lò Đúc, Hai Bà Trưng, Hà Nội",5800000000,80.0,Quận Hai Bà Trưng,Phường Đống Mác,Hà Nội,Căn hộ/Chung cư,3.0,12 giờ trước,"Cần bán căn hộ TTVPP Hồng Hà, ngõ 190 Lò Đúc, Hai Bà Trưng, Hà Nội
Vị trí nhà nằm trong khu vực có hộ khẩu Hai Bà Trưng, gần phố và gần ô tô ra vào, thuận tiện di chuyển. Nhà tập thể đã sửa đẹp, khách mua chỉ việc về ở ngay.
View toàn cảnh sân tập thể rất đẹp   
  2 cái nhấn ga lên Nhà Hát Lớn, Bờ Hồ
  1 cái nhấn ga ra Bệnh Viện, Trường học, chợ...
Rất thuận tiện.
Giá : 5,8 tỷ.    
 Nhà ngõ 190 Lò Đúc, Hà Nội ô tô ra vào dễ dàng tiếp cận và di chuyển.
 Tầng 3 tổng diện tích khoảng 80m2, 3 phòng ngủ, 1 bếp, 1 phòng khách, phòng ăn, 2 tolet, 2 mặt thoáng, 
 Sổ đỏ chính chủ, sẵn sàng giao dịch nhà mới sửa để ở năm 2025. Đây là cơ hội tuyệt vời để sở hữu một căn hộ ở ngay trong khu vực trung tâm quận Hai Bà Trưng.",72500000.0,5.8,sale,medium,5_10b
176541510,132783786,"Tôi muốn bán mảnh đất Sóc Sơn 100m2 giá hơn 950 tr, chính chủ, sổ đỏ",950000000,100.0,Huyện Sóc Sơn,Xã Bắc Sơn,Hà Nội,Đất,3.0,7 giờ trước,"Tôi muốn bán mảnh đất Sóc Sơn 100m2 giá hơn 950 tr, chính chủ, sổ đỏ",9500000.0,0.95,sale,medium,under_1b
176094363,132398766,"phố Tạ Quang Bửu - Bạch Mai nhà 5 tầng 3 ngủ ngõ 2,5m giá 6.2 tỷ",6200000000,25.0,Quận Hai Bà Trưng,Phường Bạch Mai,Hà Nội,Nhà ở,3.0,12 giờ trước,"Dự án: 
Thông tin chi tiết: Chính chủ bán nhà phố Bạch Mai 
Vị trí nằm ngay ngã 3 phố Bạch Mai - Tạ Quang Bửu cách trường đại học Bách Khoa, Xây Dựng, Kinh Tế chỉ 300m
Nhà xây dựng 5 tầng chia 3 ngủ full đồ nội thất, điều hoà
Ngõ trước nhà rộng 2,5m SH quay đầu thoải mái
Pháp lý sổ chính chủ, không quy hoạch
Thông tin hình ảnh chính xác miễn TG",248000000.0,6.2,sale,very_small,5_10b
174615882,131137200,Bán nhà,7000000000,32.7999,Quận Cầu Giấy,Phường Nghĩa Đô,Hà Nội,Nhà ở,2.0,7 giờ trước,"Chính chủ bán.  Nhà hướng nam
2tầng địa chỉ số nhà 19 ngõ 1/20 lạc long quân cầu giấy  hn dt sổ 32,8m2 sử dụng 40m2 ngõ ô tô cách nhà 200m giá cho người thiện chí dt ***
***
*** ( Ngát )",213415284.80269757,7.0,sale,small,5_10b
175118607,131561151,CẮT LỖ SÂU !!! BÁN NHANH LÔ ĐẤT HỘI PHỤ – ĐÔNG HỘI – ĐÔNG ANH,8880000000,120.0,Huyện Đông Anh,Xã Đông Hội,Hà Nội,Đất,3.0,2 giờ trước,"Giá *** khu vực – cần tiền gấp phục vụ kinh doanh
•	Trục chính thôn Hội Phụ đường 5m ô tô đỗ trong đất, quy hoạch đường trước mặt 40m đã làm 2 đầu.
•	Cách Vinhomes Cổ Loa ~1.5km
•	Đối diện Triển lãm Quốc Gia
•	Cách cầu Đông Trù 1 km
•	Gần QL5 kéo dài, trung tâm xã, trường học
•	Giao thông liên kết vùng cực thuận lợi. Khu vực đông dân, văn minh và đầy đủ tiện ích.
•	Diện tích: 120m²
•	Mặt tiền: 6m 
•	Kích thước: 6m x 20m vuông vắn
•	Hướng: Đông Nam
•	Sổ đỏ chính chủ – giao dịch ngay trong ngày
 GIÁ BÁN SỐC: Chỉ 74 triệu/m²
Liên hệ chính chủ ***
 Xem đất: https://maps.app.goo.gl/csXnXLguesWWJuxq5 (mảnh có nhà tôn đang để ô tô)
",74000000.0,8.88,sale,large,5_10b
176378794,132644549,"Bán đất TT Xuân Mai Chương Mỹ 86m mt 6m, đường ô tô tránh, sổ đỏ full",1360000000,86.0,Huyện Chương Mỹ,Thị trấn Xuân Mai,Hà Nội,Đất,3.0,2 giờ trước,"Chú tôi cần tiền nên bán gấp miếng đất full thổ cư ở Xuân Mai, Chương Mỹ 86m², mặt tiền 6m, đường ô tô tránh.
- Xung quanh dân ở rất đông vui và nhộn nhịp, nhà mới đang xây, đông đúc.
- Cách trung tâm Hà Đông 22km, đường rộng thênh thang di chuyển vào nội đô thuận lợi.
- Nhiều dự án quy hoạch lớn thúc đẩy mạnh tiềm năng Chương Mỹ.
+ Quốc lộ 21 cách nhà 400m quy hoạch mở rộng 80m.
+ Tuyến Metro kết nối trrung tâm cách nhà 1km.
+ Quy hoạch tổ hợp giáo dục gồm các trường ĐH được đẩy ra cách nhà 1.5km.
+ Sản phẩm rất phù hợp mua để ở, để đầu tư giữ tiền chờ tăng giá khi giá nền đang quá thấp và các quy hoạch gíao dục chưa được công bố chính thức.
- Tiện tích đầy đủ, gần UBND xã Xuân Mai, ngã tư Xuân Mai, trường học các cấp đầy đủ xung quanh, siêu thị, chợ Xuân Mai, Điện máy Xanh gần nhà.
- Phù hợp mua để ở và đầu tư giữ tiền. 
- Cam kết tin thật, đất thật đi xem ngay.
- Sổ đỏ riêng vuông vắn, full thổ cư.
- Giá: 1.36 tỷ (Có gia lộc và hỗ trợ vay ngân hàng).
Gọi ngay: Chí Thành - *** (Zalo).
Để được tư vấn và hỗ trợ ô tô đưa đón đi xem miễn phí.",15813953.488372093,1.36,sale,medium,1_3b
176231761,132517575,Bán đất chính chủ phường Tùng Thiện Sơn Tây,2600000000,100.0,Thị xã Sơn Tây,Phường Xuân Khanh,Hà Nội,Đất,3.0,9 giờ trước,"Bán đất chính chủ phường Tùng Thiện Sơn Tây 
Vị trí đẹp hiếm có tiềm năng đầu tư cực tốt 
Diện tích 100m full thổ cư 
Mặt tiền rộng cực thoáng dân cư đông đúc 
Liên hệ chính chủ ***
",26000000.0,2.6,sale,medium,1_3b
176470068,132722377,MẠC THỊ BƯỞI - PHÂN LÔ DÂN TRÍ CAO - NGÕ RỘNG - KHÔNG QUY HOẠCH,9300000000,35.0,Quận Hai Bà Trưng,Phường Vĩnh Tuy,Hà Nội,Nhà ở,6.0,12 giờ trước,"🔥 NHÀ MỚI 6 TẦNG - HƯỞNG TRỌN TIỆN ÍCH KĐT TIME CITY 🔥

🏡 Diện tích 35m², nhà mới đẹp, thiết kế hiện đại.
🛏️ 6 phòng ngủ rộng rãi, thoáng sáng.
✨ Nhà còn như mới chỉ việc xách vali về ở.

📍 Vị trí đẹp, hưởng trọn tiện ích KĐT Time City
✅ Bệnh viện, trường học, công viên
✅ Chợ, siêu thị, TTTM, quán café
✅ Kết nối nhanh vành đai 1, vành đai 2. Giao thông thuận tiện.
✅ Ô tô đỗ ngày đêm

💎 Nhà đẹp - vị trí đẹp - ở sướng.

📞 Liên hệ em Ngọc Thổ Địa để xem nhà !!!",265714285.7142857,9.3,sale,small,5_10b
176500193,132749008,Phố Cù Chính Lan_ Thanh Xuân_DT:38m dân xây 5 tầng KBT chắc chắn,10800000000,38.0,Quận Thanh Xuân,Phường Khương Mai,Hà Nội,Nhà ở,3.0,9 giờ trước,"Dự án: 
Thông tin chi tiết: 💥💥💥TRUNG TÂM QUẬN THANH XUÂN NGÕ THÔNG KINH DOANH 🌹🌹🌹
  💥Vị trí đắc địa gần TTTM , BỆNH VIỆN , TRỪỜNG HỌC khu vực kinh doanh, Phân lô Quân Đội.Nhà thoáng sáng nhiều dương khí .
+ Thiết kế:  
- Tầng 1 : Để xe , bếp , 
- Tầng 2 : phòng ngủ + wc  
- Tầng 3: phòng ngủ + Wc  
- Tầng 4 : Phòng ngủ + Wc  
- Tầng 5: Phòng thờ , sân phơi
+ Sổ đỏ chính chủ giao dịch ngay.",284210526.31578946,10.8,sale,small,over_10b
176546201,132787945,"6 TỶ TỔ 8 KIẾN HƯNG
GẦN VĂN QUÁN XA LA
NHÀ ĐẸP CỰC GẦN Ô TÔ",6000000000,36.0,Quận Hà Đông,Phường Kiến Hưng,Hà Nội,Nhà ở,3.0,4 giờ trước,"6 TỶ TỔ 8 KIẾN HƯNG
GẦN VĂN QUÁN XA LA
NHÀ ĐẸP CỰC GẦN Ô TÔ

☎️ ***

🏡 Cạnh chợ, Nhà Văn hóa Tổ 8, trường học các cấp, tiện ích đầy đủ.

🏡 Kết nối thuận tiện Phùng Hưng, Trần Phú, Làng Việt Kiều Châu Âu.

🏡 Hàng xóm thân thiện, dân trí cao, an cư lâu dài.

☎️Nhà Đất Kim Thương #Thương***
",166666666.66666666,6.0,sale,small,5_10b
176506052,132753129,GOLDMARK CITY- UY TÍN - CHẤT LƯỢNG - 3 NGỦ HIẾM- CHỦ THIỆN CHÍ CẦN BÁN,12350000000,130.0,Quận Bắc Từ Liêm,Phường Phú Diễn,Hà Nội,Căn hộ/Chung cư,3.0,8 giờ trước,"Thiết kế: 130m2:
3 ngủ, 1 khách, 1 bếp, 2 wc.
Cửa chính hướng Đông Bắc
Ban công hướng Tây Nam.

- Goldmark City là tổ hợp căn hộ, văn phòng dịch vụ cao cấp nằm tại cửa ngõ phía tây thủ đô Hà Nội, tọa lạc tại số 136 Hồ Tùng Mậu.
Xung quanh dự án là các trường đại học như: Đại học Thương mại Hà Nội, Đại học Quốc gia HN, Đại học Sư phạm Hà Nội, Đại học Công nghiệp Hà Nội, Đại học Sân khấu Điện ảnh…
- Tiện ích xung quanh không thiếu thứ gì, hệ thống sân thể thao cùng siêu thị đầy ắp.

Sổ đỏ chính chủ, giao dịch ngay.",95000000.0,12.35,sale,large,over_10b
174601667,131124971,Chính chủ cần bán nhà (miễn trung gian),8000000000,44.5,Quận Cầu Giấy,Phường Nghĩa Đô,Hà Nội,Nhà ở,4.0,10 giờ trước,"Nhà chính chủ, ngõ rộng khu dân trí cao, thoáng trung tâm..
Nhà căn góc.2 mặt thoáng, mặt trước nhà thoáng vĩnh viễn.
Không bao giờ ngập lụt,
Thương lượng nhỏ xíu..",179775280.8988764,8.0,sale,small,5_10b
176241335,132525814,CẮT LỖ ! GIÁ RẺ ! CHUNG CƯ E1 HÀO NAM_Ô CHỢ DỪA_ĐỐNG ĐA,1500000000,52.0,Quận Đống Đa,Phường Cát Linh,Hà Nội,Căn hộ/Chung cư,2.0,6 giờ trước,"Bán trực tiếp chung cư giá rẻ E1 Hào Nam - Ô Chợ Dừa - Đống Đa

Hệ thống phòng cháy chữa cháy hiện đại, đạt tiêu chuẩn mới 2025.

Gần đại học Bách Khoa, Kinh Tế Quốc Dân, Xây Dựng.

Thang thoát hiểm, lối thoát nạn đầy đủ.

Thiết kế căn hộ ngủ sáng thoáng đẹp. Sổ hồng sở hữu vĩnh viễn.

Khách hàng không mất thêm bất kỳ chi phí nào khác. Pháp lý đầy đủ và đảm bảo theo quy định của pháp luật.

Liên hệ trực tiếp chủ đầu tư xây dựng để mua nhà giá gốc

Add Zalo để nhận video căn hộ. (Lưu ý miễn môi giới trung gian).",28846153.846153848,1.5,sale,small,1_3b
176508206,132755190,NHỈNH 4 TỶ CÓ  GẦN 60M2 ĐẤT AN KHÁNH,4600000000,60.0,Huyện Hoài Đức,Xã An Khánh,Hà Nội,Đất,3.0,11 giờ trước,"
NHỈNH 4 TỶ CÓ  GẦN 60M2 ĐẤT AN KHÁNH
🕹️Khu trung tâm xã, gần trường cấp 123,
🕜Gần Đại lộ Thăng Long, Đường 70, VĐ3,5, VĐ4; chỉ 15 phút đến Cầu Giấy, Hà Đông ... giao thông thuận tiện
🎯Hàng xóm Học viện Chính sách, Thiên Đường Bảo Sơn, Vinhomes Smart City. .. tiện ích bát ngát
🚘VF3 đỗ cửa, 50m ra bãi gửi ô tô
✅Thửa đất vuông, mặt tiền rộng,  2 thoáng xây gì cũng đẹp
📕Sổ đỏ chính chủ, sẵn sàng giao dịch
☎ Liên hệ ngay để xem đất và gặp chủ
🍀VĂN TRÍ HỖ TRỢ AN CƯ HÀ NỘI
❤AN YÊN TRONG TỔ ẤM HẠNH PHÚC",76666666.66666667,4.6,sale,small,3_5b
176506074,132753141,"Cần cho  căn hộ mới ngõ 374/3 trần khat trân 25 m2 gia 4,8 tr",4800000,25.0,Quận Hai Bà Trưng,Phường Thanh Nhàn,Hà Nội,Phòng trọ,3.0,11 giờ trước,"Dự án: 
Thông tin chi tiết: Cần cho thuê căn hộ toà nha xây mới thang máy đầy đủ nội thất sang trọng vi tri đep gần TT vin com bà triệu 
Ngõ 374 Trần Khát Chân cách mặt phố đi vao 20m ngõ rọng  4 m 
Phòng khép kín  TDm2 25 m2 đủ đồ nóng lạnh, điều hòa Vị trí trung tâm quận HBT gần khu Đại Học Bách Kinh Xây
KHÔNG CHUNG CHỦ, GIỜ GIẤC THOẢI MÁI, CAMERA GIÁM SÁT 24H, KHÓA VÂN TAY, CÓ THANG MÁY
Giá 4.8/  1 tháng 
LH  ***  -***",192000.0,0.0048,sale,very_small,under_1b
176427385,132685567,"Nhà 2 MẶT TIỀN, Thang máy, MẶT PHỐ Chiến Thắng, kinh doanh , HÀ ĐÔNG.",20000000000,51.0,Quận Hà Đông,Phường Văn Quán,Hà Nội,Nhà ở,5.0,10 giờ trước,"💰 Giá cực tốt: 20.2 tỷ (có thương lượng cho khách thiện chí).

✨ Thông tin nổi bật:
Diện tích: 51m² - Mặt tiền: 4.39m – sổ vuông vắn, đẹp như tờ A4-1 mặt phố – 1 mặt ngõ, khu phân lô quân đội.
Nhà xây 5 tầng hiện đại – thang máy chạy vù vù.
Chủ nhà trẻ tuổi, cán bộ quân đội, nhà giữ gìn như mới.
2 mặt tiền thoáng sáng – ô tô đỗ cửa ngày đêm.
👉 Kinh doanh đỉnh cao:
Văn phòng – Spa – Phòng khám – Trung tâm đào tạo – Cho thuê dòng tiền cực tốt.
👉 Gia chủ đang kinh doanh tại nhà, khách về là vận hành ngay.

🏠 Công năng chuẩn chỉnh:
	•Tầng 1: Phòng khách + (làm showroom / văn phòng cực đẹp).
	•Tầng 2: 1 phòng  khép kín + 1 phòng đọc sách / làm việc.
	•Tầng 3: 2 phòng ngủ rộng.
	•Tầng 4: 2 phòng ngủ.
	•Tầng 5: Bếp + sân vườn thoáng mát (trồng cây, BBQ, chill cực thích).

🌳 Vị trí – tiện ích hiếm có:
	Khu phân lô quân đội, dân trí cao, an ninh tuyệt đối
	•Hàng xóm toàn cán bộ quân đội, ở cực yên tâm.
	•3 bước chân ra hồ Văn Quán, không khí trong lành
	•Gần Học viện An Ninh, nhu cầu thuê cao
	•Giao thông thuận tiện, kết nối trung tâm Hà Đông & nội đô nhanh chóng.

📕 Pháp lý: Sổ đỏ chính chủ – Hỗ trợ giao dịch nhanh gọn. ***
",392156862.74509805,20.0,sale,small,over_10b
176191627,132482821,GIÁ RẺ ! CÓ SỔ HỒNG ! CHUNG CƯ E1 XUÂN THỦY_CẦU GIẤY_NGUYỄN PHÒNG SẮC,1800000000,52.0,Quận Cầu Giấy,Phường Dịch Vọng,Hà Nội,Căn hộ/Chung cư,2.0,6 giờ trước,"Chung cư E1 Xuân Thủy - Cầu Giấy - Nguyễn Phong Sắc

Hệ thống phòng cháy chữa cháy hiện đại. Đạt tiêu chuẩn 2025.

Thang thoát hiểm, lối thoát nạn đầy đủ.

Gần các trường đại học Thương Mại, Quốc Gia, Sư Phạm, Báo Chí.

Khách hàng mua bán không mất thêm bất kỳ chi phí nào khác. Pháp lý đầy đủ và đảm bảo theo quy định của pháp luật.

Sổ hồng sở hữu vĩnh viễn.

Liên hệ trực tiếp Trường chủ đầu tư xây dựng để mua nhà giá gốc ***.",34615384.615384616,1.8,sale,small,1_3b
176543959,132785936,Ô TÔ QUA NHÀ- DỊCH VỌNG - DT 45M2 - DÂN XÂY - NGÕ THÔNG,13200000000,45.0,Quận Cầu Giấy,Phường Dịch Vọng Hậu,Hà Nội,Nhà ở,4.0,6 giờ trước,"Dự án: 
Thông tin chi tiết: Ô TÔ QUA NHÀ - DỊCH VỌNG- DT 45M2 - LÔ GÓC- DÂN XÂY- NGÕ THÔNG- CHỈ 13.2 Tỷ

✅Mô tả:
- Toạ lạc trên mặt ngõ thông Xuân Thuỷ, Trần Quốc Vượng, Trần Thái Tông. 50m ra mặt phố, ô tô qua nhà.
- Vị trí trung tâm Cầu Giấy, Đối diện cổng các trường ĐH lớn: ĐH Quốc Gia, ĐH Sư Phạm, HV Báo Chí....
- Nhà dân xây, lô góc 3 thoáng, dân xây chắc chắn có thể lên thêm tầng.
🏠Thiết kế: Nhà thiết kế 5 tầng, tổng 4 ngủ.
📕Sổ đỏ đẹp, giao dịch ngay.
Liên hệ *** xem nhà miễn phí 24/7",293333333.3333333,13.2,sale,small,over_10b
175662553,132028186,CẮT LỖ ! CHUNG CƯ K2 TÔN ĐỨC THẮNG - Ô CHỢ DỪA - ĐỐNG ĐA,1500000000,52.0,Quận Đống Đa,Phường Hàng Bột,Hà Nội,Căn hộ/Chung cư,2.0,9 giờ trước,"Chung cư K2 Tôn Đức Thắng - Ô Chợ Dừa - Đống Đa.

Hệ thống phòng cháy chữa cháy hiện đại.

Thang thoát hiểm, lối thoát nạn đầy đủ.

Có 2 căn, 1 căn 1 ngủ và 1 căn 2 phòng ngủ.

Khách hàng không mất thêm bất kỳ chi phí nào khác. Pháp lý đầy đủ và đảm bảo theo quy định của pháp luật.

Sổ hồng sở hữu vĩnh viễn.

Liên hệ trực tiếp Tchủ đầu tư xây dựng để mua nhà giá gốc 

Add zalo để nhận video căn hộ. (Lưu ý miễn môi giới trung gian).",28846153.846153848,1.5,sale,small,1_3b
176484496,132734746,"Bán nhà ngõ 31 Nguyễn Chí Thanh, ô tô Tránh, vỉa hè 68m2, 5 tầng 33 ty",33000000000,68.0,Quận Ba Đình,Phường Giảng Võ,Hà Nội,Nhà ở,6.0,11 giờ trước,"BA ĐÌNH - VỈA HÈ - KINH DOANH - CẠNH MẶT PHỐ.
- Diện tích 68 m2;
- 5 tầng 
- Tầng 1 Kinh Doanh;
- Tầng 2,3,4 mỗi tầng 2 ngủ khép kín;
- Tầng 5: Nhà ăn, phòng thờ, sân phơi",485294117.64705884,33.0,sale,medium,over_10b
176298253,132575011,"GIẢM GIÁ 2,1 TỶ - CHUNG CƯ LINH ĐÀM - 2 NGỦ - 46M2",2100000000,46.0,Quận Hoàng Mai,Phường Đại Kim,Hà Nội,Căn hộ/Chung cư,2.0,1 giờ trước,"Dự án: 
Thông tin chi tiết: 🏠 THÔNG TIN CĂN HỘ :
✅ Gần hồ điều hoà - công viên cây xanh
✅ Chính chủ giao dịch nhanh trong ngày
✅ Full nội thất đồng bộ - chỉ việc xách vali về ở
✅ Diện tích: 46m2 - 2 ngủ - 1 vệ sinh
✅ Hỗ trợ vay Ngân hàng 70%

🛒TIỆN ÍCH XUNG QUANH (TRONG BÁN KÍNH 1KM)
✅ Hệ thống trường học liên cấp: Mầm non, tiểu học, THCS
✅ Gần Bệnh viện Đại học Y Dược Hà Nội – chi nhánh Linh Đàm
✅ Công viên cây xanh, hồ điều hòa rộng rãi
✅ Đầy đủ tiện ích giải trí: Rạp chiếu phim, sân bóng, bể bơi bốn mùa...
✅ Siêu thị, chợ dân sinh, cửa hàng tiện lợi ngay gần nhà
✅ Kết nối giao thông thuận tiện: Vành đai 3, cao tốc trên cao, QL1A, bến xe Nước Ngầm, Giáp Bát…

🎯 PHÙ HỢP VỚI
✅ Anh/chị làm việc tại khu vực Hoàng Mai, Hai Bà Trưng và lân cận
✅Khách mua ở lâu dài hoặc đầu tư cho thuê sinh lời ổn định
✅ Vợ chồng trẻ mới cưới 
#bancanho2ngu
#banchungcu
#canhofullnoithat
#chungcugiatot
#chungculinhdam",45652173.91304348,2.1,sale,small,1_3b
176099087,132402986,BÁN NHÀ 254 MINH KHAI – 6.66 TỶ NHÀ MỚI GỐC ĐỀ – 5 TẦNG * 30M2,6660000000,30.0,Quận Hai Bà Trưng,Phường Minh Khai,Hà Nội,Nhà ở,3.0,6 giờ trước,"6.66 TỶ NHÀ MỚI GỐC ĐỀ – MINH KHAI – 5 TẦNG FULL NỘI THẤT – ***
Nhà nằm ngay ngõ Gốc Đề thông Minh Khai, Trương Định. Vị trí trung tâm cực hiếm nhà bán, ngõ thông ba gác, chỉ 1 ngoặt là vào tận nhà.
Gần chợ Gốc Đề, gần trục đường Minh Khai - các trường đại học Bách - Kinh - Xây và bệnh viện lớn. Tiện ích bước chân ra cửa là không thiếu thứ gì.
Thiết kế hiện đại – 2 mặt Thoáng trước sau: 

Tầng 1: Sân để xe riêng biệt (cực sạch sẽ), Phòng khách, Bếp, WC.
Tầng 2, 3, 4: Mỗi tầng 1 phòng ngủ rộng + WC khép kín.
Tầng 5: Phòng thờ trang nghiêm, sân phơi lộng gió.
Chủ nhà tặng full nội thất mới keng , khách chỉ việc xách vali về ở.

Sổ đỏ chính chủ, vuông vắn, đặc biệt nở hậu 2cm cực vượng khí. 

Thiệp Nguyễn BĐS – Tận Tâm – Thực Tế – ***.

#BatDongSanHaNoi #NhaDepHaiBaTrung #BanNhaHongMai #NhaDepHoangMai #NoiThatFull
",222000000.0,6.66,sale,very_small,5_10b
176536789,132779823,"Bán nhà mặt Phố Cự Lộc, ô tô đỗ cửa, kinh doanh tốt, sổ đỏ sẵn két,",16500000000,53.0,Quận Nam Từ Liêm,Phường Mễ Trì,Hà Nội,Nhà ở,3.0,10 giờ trước,"Dự án: 
Thông tin chi tiết: Chính chủ mình cần bán nhà mặt Phố Cự Lộc 
Vị trí đẹp, Hàng xóm cạnh ngay Royal city , vị trí trung tâm ngã tư sở, đi 7’ ra Cao
Xà lá, cạnh trường ĐH khoa học xã hội và nhân văn, ĐH Khoa học tự nhiên rất thuận tiện, 
Ô tô đỗ cửa , đường rộng, hai ô tô tránh nhau thoải mái
Trước nhà có vỉa hè để xe thoải mái 
Nhà kinh doanh tốt, đang cho thuê hàng tháng dòng tiền tốt 
Diện tích Sàn 53m2, diện tích xây dựng 40,3m2 
Mặt tiền rộng 6,48m
Dài sau 6,89m , nở hậu
Số nhà phong thuỷ đẹp
Sẵn sổ chính chủ cất két, sang tên ngay , giao dịch liền, LH chính chủ k qua MG",311320754.7169811,16.5,sale,small,over_10b
176541738,132783939,Căn hộ Studio Ngõ 394 Phạm Văn Đồng 4tr2 - 5tr,4200000,25.0,Quận Bắc Từ Liêm,Phường Cổ Nhuế 1,Hà Nội,Căn hộ/Chung cư,1.0,7 giờ trước,"Cho thuê căn hộ Studio
🏢 Địa chỉ: Ngõ 394 - Phạm Văn Đồng

💰 Giá : 4tr2 - 4tr4
👉 Diện tích : 25m - 30m

👉 Nhà 6 tầng, Thang Máy,  xe để tầng 1, nhà riêng chủ, cổng khóa vân tay, an ninh tốt, giờ giấc đi lại thoải mái, ngõ nông, đi lại thuận tiện

✅  Nội thất : Điều Hoà, Nóng Lạnh, Giường, Tủ Quần áo, Tủ Bếp trên dưới, Hút Mùi, Tủ Lạnh,, Máy Giặt Riêng

✅ Dịch vụ: 
Điện 4k / số 
Nước 30k / khối
Mạng : 100k/ Phòng
Dịch vụ chung 200k / người ( vệ sinh, thang máy, rác, điện chung ) 

❌  LƯU Ý 
- Hợp đồng thuê nhà 6-  12 tháng 
- Thanh toán 1 cọc 1
- Nhận khách nước ngoài
- Được nuôi pet

XEM NHÀ GỌI TRƯỚC 30P - 1 TIẾNG",168000.0,0.0042,sale,very_small,under_1b
176534542,132777795,"3,5triệu có phòng ở mỹ đình, tháng đầu ở giảm 500k",3500000,25.0,Quận Nam Từ Liêm,Phường Mỹ Đình 1,Hà Nội,Phòng trọ,3.0,11 giờ trước,"Dự án: 
Thông tin chi tiết: - Phòng gần sân vận động mỹ đình, bến xe mỹ đình, đh thương mại, cao đẳng bách khoa, đh fpt, big c..
- Full đồ, thang máy
- ko giới hạn người và xe, free chỗ để xe
Lh chính chủ: ***",140000.0,0.0035,sale,very_small,under_1b
175650306,132017985,Phòng trọ cho nữ,3500000,35.0,Quận Đống Đa,Phường Khương Thượng,Hà Nội,Phòng trọ,3.0,12 giờ trước,"Phòng trọ cho nữ, khép kín, rộng rãi, đầy đủ tiện nghi máy giặt, nóng lạnh, điều hòa.
Vị trí đối diện đại học y, gần các trường đại học lớn như thủy lợi, khu bách kinh xây, gần chợ, bệnh viện. An ninh tốt, yên tĩnh. Giờ giấc tự do
Liên hệ: bác Hà ***",100000.0,0.0035,sale,small,under_1b
174485138,131024717,Bán nhanh căn 2pn 72m2 tại Sky Park - Tôn Thất Thuyết giá chỉ 9.5 tỷ,9500000000,72.0,Quận Cầu Giấy,Phường Dịch Vọng Hậu,Hà Nội,Căn hộ/Chung cư,2.0,7 giờ trước,"Chính chủ gửi em bán nhanh căn hộ 2pn tại dự án Sky Park - 03 Tôn Thất Thuyết, Cầu Giấy
- Diện tích: 72m2, 2pn, 2wc - VIEW HỒ CỰC ĐẸP
- Nội thất đủ đồ sẵn ở luôn
- Pháp lý sổ đỏ 
- Giá bán chỉ 9.5 tỷ
Nhà đẹp - view đẹp quý anh chị quan tâm liên hệ em Đạo để xem và rinh ngay căn hộ đẹp",131944444.44444445,9.5,sale,medium,5_10b
176170291,132464471,"[ PHÒNG GẦN ĐH KINH DOANH CÔNG NGHỆ – 5 PHÚT TỚI HUBT, TIMES CITY ]",2500000,20.0,Quận Hai Bà Trưng,Phường Vĩnh Tuy,Hà Nội,Phòng trọ,3.0,12 giờ trước,"《 5 phút ra HUBT 》 PHÒNG KHÉP KÍN SẠCH SẼ - YÊN TĨNH CHO SINH VIÊN HỌC TẬP , NGƯỜI ĐI LÀM NGHỈ NGƠI
Dành cho ai đang tìm một nơi ở không ồn ào, không tiệc tùng, không hàng xóm mở nhạc tới khuya?
✔ Phòng khép kín riêng tư
✔ Có điều hòa, bình nóng lạnh đầy đủ
✔ Giờ giấc tự do
✔ Nhà sạch sẽ, an ninh tốt
✔ Chủ nhà là hai ông bà lớn tuổi, hiền lành, thân thiện
✔ Thích hợp cho sinh viên đã có đồ cá nhân hoặc muốn tự setup góc học tập riêng.
✔ Phù hợp sinh viên, người đi làm cần môi trường yên tĩnh để học tập, nghiên cứu và nghỉ ngơi.
✔ Bán kính dưới 1km : trường Đh HUBT, Times city, chợ lớn, siêu thị, trường cấp 1,2....
✔ Chủ hỗ trợ phí gửi xe 100k/tháng
📚 Một nơi ở đơn giản nhưng đủ tiện nghi để tập trung cho việc học và công việc.
📲 Liên hệ : ***",125000.0,0.0025,sale,very_small,under_1b
175055492,131510104,Cần bán Gấp căn 52m2 Hồ Tùng Mậu- Xuân Thuỷ- Tặng Full nội thất-2 tỷ,2380000000,50.0,Quận Cầu Giấy,Phường Mai Dịch,Hà Nội,Căn hộ/Chung cư,2.0,11 giờ trước,"Dự án: 
Thông tin chi tiết: Chính chủ ở có lộc chuyển nhà to cần bán gấp căn chung cư mịn 52m2 - 2 ngủ-1 khách ngay ngã 4 Xuân Thuỷ- Hồ Tùng Mậu
- Gần nhiều trường Đại Học lớn: Đại Học Quốc Gia Hà Nội, Đại Học Ngoại Ngữ, Đh Sư Phạm, Học Viện Báo Trí, trường Múa,…
- Gần bến xe Mỹ Đình, bệnh viện 198, Sân Vận Động Mỹ Đình. Thuận tiện các gd làm. cầu Giấy, Mỹ Đình, Hoàng Quốc Việt, Phạm Văn Đồng, Nguyễn Hoàng, Phạm Hùng,….
-Chủ Tặng đầy đủ nội thất: 2 giường,2 tủ quần áo, bàn ghế sofa, bếp từ hút mùi, nóng lạnh, 3 điều hoà, tivi, tủ lạnh, máy giặt,…

Liên hệ xem nhà miễn phí ( đàm phán gia struwcj tiếp với chủ)
***",47600000.0,2.38,sale,small,1_3b
175849595,132187998,NHÀ MỚI KENG HAI BÀ TRƯNG PHỐ THANH NHÀN NGÕ NÔNG GẦN 40M ÔTÔ TRÁNH.,5850000000,27.0,Quận Hai Bà Trưng,Phường Thanh Nhàn,Hà Nội,Nhà ở,3.0,11 giờ trước,"🌎VỊ TRÍ : Không nơi nào có được, nhà xây mới kính koong đầy đủ công năng tiện ích ở sướng luôn.

✅ Gần Bách Kinh Xây, CV Võ Thị Sáu, TTTM  
✅ Sổ đỏ chính chủ, giá [Điền giá]
📞 Alo xem nhà luôn: Mr Kiên Đi xem là ưng, không mua được nhà đẹp thế này nữa.",216666666.66666666,5.85,sale,very_small,5_10b
176539338,132781919,"Bán CC Mini Đông Tác, gần VinCom- Mới Tinh, Giá Rẻ, Chuẩn Pccc",2490000000,50.0,Quận Đống Đa,Phường Kim Liên,Hà Nội,Căn hộ/Chung cư,2.0,8 giờ trước,"Dự án: 
Thông tin chi tiết: 🩷Bán CCMN Mới Tinh Đẹp , Ban Công thoáng Mặt Ngõ, An Toàn Pccc. Hỗ Trợ Về Ở Ngay

✅ Ngay Đông Tác, Kim Liên gần Vincom Phạm Ngọc Thạch, tiện ích ngập Tràn

✅ Gần Đh Y Hn, Hv Ngân Hàng, Thuỷ Lợi. 500m ra Bv Bạch Mai, Thuận lợi công việc

✅ Dt 50m 2n1wc 1ban công. Thiết kế thông minh hiện đại phù hợp cho gia đình 

✅ Ngõ nông, thang máy bve 24/24, dịch vụ rẻ . Pccc đạt chuẩn đầy đủ

✅ Có sổ gốc cả toà. Mua bán lên công ty ký hđmb với Chủ Đầu Tư uy tín

🤝 Giá rẻ 2,4x tỷ có tl thiện chí cho gdinh

☎️Lh Mr Công *** ( Mess, Zalo , tiktok ... ) xem nhà trực tiếp và e tư vấn miễn phí  #ccmnhanoi #chungcugiare #chungcuminihanoi #chungcuminihanoidep #banchungcuminihanoi",49800000.0,2.49,sale,small,1_3b
176534594,132777835,căn hộ giá rẻ T4 ở Chương Dương Độ,6000000,60.0,Quận Hoàn Kiếm,Phường Chương Dương,Hà Nội,Căn hộ/Chung cư,2.0,11 giờ trước,"Dự án: 
Thông tin chi tiết: Cần cho thuê căn hộ tập thể Bộ tài chính ở số 2 Chương Dương Độ, gần Trung tâm thương mại The One, mb = 60m, 2pn, 1wc, 1 bếp, 2 ban công phơi đồ, nhà có điều hoà, nóng lạnh, tủ bếp, giường tủ, nhà mới, nội thất trọng, tiện ở hộ gia đình.",100000.0,0.006,sale,small,under_1b
176536922,132779886,"BÁN NHÀ BẠCH MAI – HỒNG MAI – FULL NỘI THẤT – GIÁ CHỈ 4,1 TỶ  • Nhà 5",4100000000,18.0,Quận Hai Bà Trưng,Phường Thanh Nhàn,Hà Nội,Nhà ở,3.0,10 giờ trước,"Dự án: 
Thông tin chi tiết: BÁN NHÀ BẠCH MAI – HỒNG MAI – FULL NỘI THẤT – GIÁ CHỈ 4,1 TỶ

• Nhà 5 tầng, thiết kế hiện đại
• 3 phòng ngủ, 2 vệ sinh
• Full nội thất, khách mua về ở ngay
• Vị trí trung tâm Bạch Mai – Hồng Mai, tiện ích không thiếu thứ gì
• Sổ đỏ chính chủ, pháp lý rõ ràng

💰 Giá chỉ: 4,1 tỷ

📞 Liên hệ: E. Tùng Thật Thà
📱 *** / ***

#TungThatTha #NhaDatHaNoi #BachMai #HongMai #NhaDepGiaTot #NhaONgay",227777777.7777778,4.1,sale,very_small,3_5b
176546451,132788081,150M2 - 12M MẶT TIỀN - 5 TẦNG - PHỐ ĐÀO TẤN - KINH DOANH - Ô TÔ TRÁNH,72000000000,150.0,Quận Ba Đình,Phường Liễu Giai,Hà Nội,Nhà ở,8.0,4 giờ trước,"Chính chủ cần chuyển đổi bán gấp nhà hàng đang kinh doanh tốt - dòng tiền đỉnh phố Đào Tấn - Liễu Giai - Hàng Xóm Lotte - Metropolis - vị trí siêu đắc địa - khu dân trí cao - tập trung nhiều chuyên gia Nhật Bản - Hàn Quốc.

* Diện tích: 120/150m2 - 12m mặt tiền - 5 tầng - 2 mặt thoáng - vỉa hè - ô tô tránh - không quy hoạch.
* Sổ đỏ vuông hoa hậu - Pháp lý chuẩn - Sẵn sàng giao dịch - Thiện chí bán!
* Giá: 72 tỷ (có thương lượng).
* Liên hệ: Ms Ánh Dương - *** (call/zalo/viber) để biết thêm thông tin chi tiết làm việc trực tiếp chính chủ.

Vị trí đắc địa - siêu hiếm - hưởng trọn tiện ích quanh khu vực: Ba Đình, Đào Tấn, Liễu Giai, Lotte, Metropolis, Daewoo Hotel, Kim Mã, Nguyễn Chí Thanh, Vạn Phúc, Vạn Bảo, Linh Lang, Nguyễn Văn Ngọc, Phan kế Bính, Kim Mã Thượng, Văn Cao, Quần Ngựa, Hồ Tây, Trích Sài, Nguyễn Đình Thi.",480000000.0,72.0,sale,large,over_10b
176191764,132482942,GIÁ RẺ ! SỔ ĐỎ VĨNH VIỄN ! CHUNG CƯ A1 PHẠM NGỌC THẠCH_XÃ ĐÀN_ĐỐNG ĐA,1850000000,52.0,Quận Đống Đa,Phường Kim Liên,Hà Nội,Căn hộ/Chung cư,2.0,6 giờ trước,"Chung cư A1 Phạm Ngọc Thạch - Xã Đàn - Đống Đa.

Chung cư xây dựng mới hiện đại, đã hoàn thiện có thể xách đồ về ở ngay.

Hệ thống chữa cháy hiện đại 2026.

Gần đại học Kinh Tế Quốc Dân, Ngân Hàng, Y, Bách Khoa.

Gần các trường đại học - chợ - siêu thị - trường học các cấp - đi lại thuận lợi.

Tòa nhà thiết kế tầng 1 để xe, có đầy đủ hệ thống phòng cháy chữa cháy tự động, an ninh tòa nhà bảo vệ chuyên nghiệp. Sổ hồng sở hữu vĩnh viễn.

Liên hệ trực tiếp chủ đầu tư xây dựng để mua nhà giá gốc 

Add Zalo để nhận video căn hộ. (Lưu ý miễn môi giới, trung gian).",35576923.07692308,1.85,sale,small,1_3b
176396034,132659071,"Gần 5 tỷ có 45m2 nhà 4 tầng 4 ngủ, view hồ gần An Khánh",4850000000,45.0,Huyện Hoài Đức,Xã An Khánh,Hà Nội,Nhà ở,4.0,10 giờ trước,"Gần 5 tỷ có 45m2 nhà 4 tầng 4 ngủ view hồ gần An Khánh 
Vị trí đẹp, khu trung tâm, gần Đai lộ Thăng Long, Vành đai 4
Chỉ 3 phút đến trường, 15 phút đến Mỹ Đình 
Ưu điểm : 
Nhà mới đẹp, ô tô đỗ cửa, view hồ, full đồ, ở ngay 
Không gian thoáng đãng, phong cách homestay 
View đẹp từ tầng 1 đến tầng 4 hướng ra mặt hồ, không khí trong lành 
Sân thượng rộng thoáng, tổ chức cafe,  tiệc nướng, hội họp ...thì quá đỉnh
Phòng ngủ rộng thoáng, chill khi ngắm mặt hồ từ cửa sổ
Lý tưởng để ở, chất lượng sống tuyệt vời, giá trị không thể đong đếm bằng tiền 
Khu vực tiềm năng nâng giá trị sau khi đường vành đai 4 hoàn thành
Sổ đỏ chính chủ, giao nhận nhanh 
Nhược điểm : 
View triệu đô, giá bất ngờ 
Gọi ngay *** để được tư vấn và xem nhà
VĂN TRÍ HỖ TRỢ AN CƯ HÀ NỘI 
",107777777.77777778,4.85,sale,small,3_5b
175911626,132241297,Bán Căn Hộ 115m 3 PN USilk City KĐT mới Văn Khê Hà Đông Full đồ 7ty,7580000000,115.0,Quận Hà Đông,Phường La Khê,Hà Nội,Căn hộ/Chung cư,3.0,9 giờ trước,"🔥 HIẾM CÓ KHÓ TÌM – CHUNG CƯ CAO CẤP KĐT VĂN KHÊ 🔥 Giá chỉ Nhỉnh 7ty

🌿 Ban công vườn treo cực đẹp – Đông Nam mát rượi – Full nội thất sang xịn!

🏡 Căn hộ 115m2 thuộc Toà 103 USilk City – KĐT mới Văn Khê, Hà Đông
📍 Đối diện KĐT Dương Nội, ngay trục Nguyễn Thanh Bình – vị trí đẹp, giao thông thuận tiện.

✨ Ưu điểm nổi bật: 
✔️ Tầng cao view thoáng cực đẹp
✔️ Thiết kế 3PN – 2WC rộng rãi, tối ưu công năng
✔️ Ban công Đông Nam đón gió và ánh sáng tự nhiên
✔️ Vườn treo xanh mát tạo không gian sống cực chill
✔️ Tặng FULL nội thất cao cấp – chỉ việc xách vali về ở
✔️ Hiện đang có dòng tiền cho thuê ổn định

🌟 Tiện ích bủa vây:
Khu dân cư văn minh, đông đúc
Gần trường học, siêu thị, văn phòng, trung tâm thương mại
Phù hợp an cư lâu dài hoặc đầu tư giữ tiền cực tốt


📕 Pháp lý chuẩn: Sổ đỏ chính chủ – giao dịch ngay!

☎️ Liên hệ xem Vĩ *** để nhà thực tế ngay hôm nay để cảm nhận vẻ đẹp của căn hộ!",65913043.47826087,7.58,sale,large,5_10b
175545404,131927984,SỔ ĐỎ VĨNH VIỄN !! CHUNG CƯ N1 MINH KHAI_DƯƠNG VĂN BÉ_TÂN KHAI,1500000000,52.0,Quận Hoàng Mai,Phường Vĩnh Hưng,Hà Nội,Căn hộ/Chung cư,2.0,9 giờ trước,"Chính chủ - bán chung cư giá rẻ N1 Minh Khai - Dương Văn Bé - Tân Khai - Sau Times City - Hoàng Mai.

PCCC hiện đại theo tiêu chuẩn 2026.

Căn hộ gần nhiều trường học - siêu thị - chợ - đầy đủ tiện nghi - nội thất cơ bản đầy đủ.

Tòa nhà thiết kế tầng 1 để xe, có đầy đủ hệ thống phòng cháy chữa cháy tự động, an ninh tòa nhà bảo vệ chuyên nghiệp.

Sổ hồng sở hữu vĩnh viễn, căn hộ thiết kế 2 phòng ngủ đẹp.

Liên hệ trực tiếp chủ đầu tư xây dựng để mua nhà giá gốc 

Add zalo để nhận video căn hộ. (Lưu ý miễn môi giới trung gian).",28846153.846153848,1.5,sale,small,1_3b
176534674,132777903,"Bán nhanh căn hộ 2n+1,2vs căn góc tặng full nội thất giá 3 tỷ 780tr ",3780000000,70.0,Huyện Gia Lâm,Thị trấn Trâu Quỳ,Hà Nội,Căn hộ/Chung cư,2.0,11 giờ trước,"Cần bán gấp 2PN + 1, 2VS góc thoáng tại Vinhomes Ocean Park.
+ Tổng Diện tích: 70m2.
+ Thiết kế: 2 phòng ngủ và 2vệ sinh.
Căn hộ thiết kế hợp lý, phòng khách được nối liền với nhà bếp thông thoáng.
Đặc biệt không gian cộng làm tăng diện tích không gian phòng khách, hoặc có thể sử dụng làm phòng nghỉ hoặc nơi đọc sách tư giãn.
+ Ban công rộng rãi, đón gió thoáng mát.
+ Pháp lý: Sổ đỏ chính chủ
+ Giá bán nhanh : 3 tỷ 780tr 
Liên hệ ngay để được hỗ trợ tư vấn, xem nhà miễn phí.
",54000000.0,3.78,sale,medium,3_5b
176544139,132786102,Phòng trọ ngõ 75 Đội Cấn đủ đồ,3200000,25.0,Quận Ba Đình,Phường Đội Cấn,Hà Nội,Phòng trọ,3.0,6 giờ trước,"Dự án: 
Thông tin chi tiết: Phòng trọ tại ngõ 75 Đội Cấn, khu vực gần Lăng Bác, chợ Ngọc Hà đi lại thuận tiện
An ninh tốt, dân trí cao (Học Viện Âm Nhạc, Đại Học Văn Hoá, Đại Học Mỹ Thuật Công Nghiệp,,,bán kính~ 1,5km)
Phòng tầng 3 nhà 5 tầng
Có đủ Điều hoà, nóng lạnh, giường, tủ,...mở cửa có ban công thông thoáng, sân phơi riêng, để xe tại tầng 1.
Điện nước giá theo hoá đơn (ko kinh doanh điện nước) phòng có công tơ điện riêng;
Phòng cháy chữa cháy đầy đủ;
Có máy lọc nước free
Ko chung chủ giờ giấc đi lại thoải mái;",128000.0,0.0032,sale,very_small,under_1b
175631478,132001722,CẮT LỖ ! GIÁ RẺ ! CHUNG CƯ H2 XUÂN THỦY - CẦU GIẤY - NGUYỄN KHÁNH TOÀN,1700000000,52.0,Quận Cầu Giấy,Phường Dịch Vọng Hậu,Hà Nội,Căn hộ/Chung cư,2.0,9 giờ trước,"Dự án: 
Thông tin chi tiết: Chung cư H2 Xuân Thủy - Cầu Giấy - Nguyễn Khánh Toàn

Hệ thống phòng cháy chữa cháy hiện đại.

Thang thoát hiểm, lối thoát nạn đầy đủ.

Thiết kế căn hộ 2 phòng ngủ sáng thoáng đẹp. Sổ hồng sở hữu vĩnh viễn.

Khách hàng không mất thêm bất kỳ chi phí nào khác. Pháp lý đầy đủ và đảm bảo theo quy định của pháp luật.

Liên hệ trực tiếp Trường chủ đầu tư xây dựng để mua nhà giá gốc ***.

Add zalo để nhận video căn hộ. (Lưu ý miễn môi giới trung gian).",32692307.692307692,1.7,sale,small,1_3b
176444252,132700097,BÁN NHÀ BÁT KHỐI LONG BIÊN - CẠNH AEON GẦN CẦU VĨNH TUY,12800000000,52.0,Quận Long Biên,Phường Long Biên,Hà Nội,Nhà ở,4.0,11 giờ trước,"Dự án: 
Thông tin chi tiết: NHÀ MỚI BÁT KHỐI – LONG BIÊN - 7 TẦNG THANG MÁY – FULL ĐỒ ĐẸP 

• Diện tích 52m² – xây 7 tầng thang máy
• Thiết kế hiện đại, tối ưu công năng, phù hợp gia đình nhiều thế hệ
• Chủ đã hoàn thiện full nội thất cao cấp – khách mua về ở ngay

📍 Vị trí Bát Khối – Long Biên
🚗 Giao thông thuận tiện, kết nối nhanh Cổ Linh – Thạch Bàn – Aeon Mall

💥 Khu vực phát triển mạnh, tiềm năng tăng giá tốt – vừa ở vừa đầu tư đều hợp lý",246153846.15384614,12.8,sale,small,over_10b
176544169,132786130,BÁN NHÀ BA ĐÌNH - SỔ ĐẸP - NGÕ TO - 20M OTO TRÁNH - QH ODT ,8200000000,30.0,Quận Ba Đình,Phường Liễu Giai,Hà Nội,Nhà ở,2.0,6 giờ trước,"✨ Nhà nằm vị trí đẹp, gần phố, tiện ích đầy đủ: chợ – trường học – TTTM…
✨ Hiện trạng nhà 3 tầng, còn chắc chắn, có thể dọn vào ở luôn.
        Xây mới ở hay cho thuê đều hợp lý 

🔹 Thiết kế hợp lý:
 • Tầng 1: Phòng khách, bếp, WC
 • Tầng 2: 1 phòng ngủ rộng, WC
 • Tầng 3: Phòng thờ, 1 phòng ngủ, khu giặt phơi

📕 Pháp lý chuẩn – Sổ đỏ chính chủ, sẵn sàng giao dịch.",273333333.3333333,8.2,sale,very_small,5_10b
176544189,132786138,Văn phòng 50m² tại Vũ Phạm Hàm - Cầu Giấy giá chỉ 6 triệu.,6000000,50.0,Quận Cầu Giấy,Phường Trung Hoà,Hà Nội,"Văn phòng, Mặt bằng kinh doanh",3.0,6 giờ trước,"Văn phòng 50m² tại Vũ Phạm Hàm - Cầu Giấy giá chỉ 6 triệu.

+ Diện tích trống 50m².
+ Với giá thuê chỉ 6 triệu/tháng.
+ Tòa nhà có bảo vệ làm việc ngoài giờ thoải mái.
+ Để xe dưới tòa.
+ Bàn giao đầy đủ điều hòa, đèn điện, trần sàn.

Mọi thông tin liên hệ Công Bính dẫn và xem sàn hoàn toàn miễn phí.",120000.0,0.006,sale,small,under_1b
174151719,130740197,"Bán nhà Mỹ Đình, 38m2, 5 tầng, 5 ngủ, giá 8, 2tỷ",8200000000,38.0,Quận Nam Từ Liêm,Phường Mỹ Đình 1,Hà Nội,Nhà ở,5.0,8 giờ trước,"Bán nhà Mỹ Đình, 38m2, 5 tầng, 5 ngủ, giá 8,2 tỷ
Vị trí đắc địa, gần SVĐ Mỹ Đình, BV Hồng Ngọc, trẻ tự  đến trường, 5 phút đến Cầu Giấy 
Thiết kế đẹp, decor nội thất long lanh, không gian thoáng đãng, 5 phòng ngủ rộn,  full đồ, ở ngay
Sổ đỏ chính chủ, sẵn sàng giao dịch",215789473.68421054,8.2,sale,small,5_10b
176537061,132780006,bán chung cư,4400000000,54.0,Quận Bắc Từ Liêm,Phường Cổ Nhuế 1,Hà Nội,Căn hộ/Chung cư,2.0,10 giờ trước,làm việc trực tiếp với chủ nhà có thương lượng ra lộc,81481481.48148148,4.4,sale,small,3_5b
176386542,132650986,Bán nhà Nguyễn Ngọc Nại - Thanh Xuân. THANG MÁY - Ô TÔ đỗ cửa,16500000000,50.0,Quận Thanh Xuân,Phường Phương Liệt,Hà Nội,Nhà ở,5.0,8 giờ trước,"NHÀ 6 TẦNG THANG MÁY - 2 THOÁNG TRƯỚC SAU - Ô TÔ ĐỖ CỬA - NGÕ THÔNG, KINH DOANH, 20M RA PHỐ
• Khu vip Thanh Xuân, trước nhà hơn 3m. Ô tô qua nhà
• Chủ cực kỳ mót tiền, cần bán gấp. Anh chị phải thật nhanh tay. 
Lh. ***",330000000.0,16.5,sale,small,over_10b
176487158,132737022,CẦN BÁN CĂN VINHOMES SKY LAKE 2PN +2WC CÓ NỘI THẤT GIÁ 8.5TỶ,8500000000,68.0,Quận Nam Từ Liêm,Phường Mỹ Đình 1,Hà Nội,Căn hộ/Chung cư,2.0,9 giờ trước,"Dự án: 
Thông tin chi tiết: Chính chủ gửi bán căn 2PN siêu đẹp tại Skylake – Tòa S1

📐Diện tích 70m², 

⚡️2 phòng ngủ, 2 vệ sinh, 

🔱nội thất cao cấp.

🏄View hồ siêu đẹp

Không gian sống lý tưởng ngay cạnh hồ điều hòa rộng lớn, tiện ích Vinhomes đẳng cấp.

➡️ Giá bán:8.5 tỷ – thương lượng nhẹ

☎️ Gọi ngay cho e Thanh để đc tư vấn tận tình",125000000.0,8.5,sale,medium,5_10b
175621962,131993599,"Chỉ 2tr - 2,2 - 3,2triệu  khép kín đủ đồ ngõ 43 trung kính",2000000,16.0,Quận Cầu Giấy,Phường Trung Hoà,Hà Nội,Phòng trọ,3.0,6 giờ trước,"chỉ 2tr - 2,2 - 3,2triệu sở hữu phòng khép kín, điều hoà, nong lanh, giường,tủ quần áo, máy giặt chung .riêng biệt không chung chủ,cửa sổ thoáng.An ninh tốt 
Địa chỉ: ngõ 43 phố Trung Kính ( thông 110 trần duy hưng )
Nhà riêng chủ. ( nhà như đăng tin xem gọi điện mình không nhắn tin )",125000.0,0.002,sale,very_small,under_1b
